seller_id,total_orders,total_revenue,total_items,average_review_score,average_delivery_delay,growth_rate,revenue_potential,order_volume,customer_satisfaction,delivery_performance,growth_potential,opportunity_score,opportunity_level,opportunity_type,data_quality_confidence,sample_size_confidence,metric_completeness,confidence_score
4a3ca9315b744ce9f8e9374361493884,1806,235539.96,1987,3.0,-8.95464147687323,88.46153846153845,94.35130959416168,97.40960604425256,60.0,75.81112345154004,3.3716709668955263,76.36663000373221,High,seller,99.3646,100.0,100.0,99.68
6560211a19b47992c3666cc44a7e94c0,1854,151265.77,2033,3.0,-11.010434323508127,3600.0,60.59146376246812,100.0,60.0,76.69332241813174,67.2541216600341,73.4068496574636,Medium,seller,99.3646,100.0,100.0,99.68
4869f7a5dfa277a7dca6462dcf3b52b2,1132,249640.7,1156,3.0,-10.453161093366885,1283.3333333333335,100.0,61.036157582298976,60.0,76.45418068332876,25.108963426189124,71.23806284069296,Medium,seller,99.3646,100.0,100.0,99.68
cc419e0650a3c5ba77189a1882b7556a,1706,129957.41,1775,3.0,-12.346171284176846,2400.0,52.055434540161436,92.01295196977874,60.0,77.26652499944684,45.42353610005685,66.75220071441584,Medium,seller,99.3646,100.0,100.0,99.68
7c67e1448b00f6e969d365cea6b010ab,982,239536.44,1364,3.0,-10.832569692155255,12.5,95.95228076539985,52.94117647058824,60.0,76.6169956645731,1.9897669130187607,65.71250438825486,Medium,seller,99.3646,100.0,100.0,99.68
da8622b14eb17ae2831f4ac5b9dab84a,1314,185192.32,1551,3.0,-10.527562588226147,93.33333333333333,74.182280803857,70.85806799784133,60.0,76.48610847312779,3.4602994125450066,63.788147452841095,Medium,seller,99.3646,100.0,100.0,99.68
955fee9216a65b617aa5c0531780ce60,1287,160602.68,1499,3.0,-9.62667488331572,1016.6666666666666,64.33178618080757,69.4009713977334,60.0,76.09951203001434,20.25772219063862,62.090477727241634,Medium,seller,99.3646,100.0,100.0,99.68
1f50f920176fa81dab994f9023523100,1404,142104.98,1931,3.0,-10.125605265182108,483.3333333333333,56.921694191303814,75.71505666486779,60.0,76.3136171953301,10.555239719537616,60.507838974861365,Medium,seller,99.3646,100.0,100.0,99.68
7a67c85e85bb2ce8582c35f2203ad736,1160,162648.38,1171,3.0,-11.160568793089627,800.0,65.15128402015668,62.54722072315164,60.0,76.75774937346986,16.316088686753837,60.32746166153078,Medium,seller,99.3646,100.0,100.0,99.68
1025f0e2d44d7041d6cf58b6550e0bfa,915,172860.69,1428,3.0,-10.38877201519301,1187.5,69.242287578725,49.32541824069077,60.0,76.42654950525663,23.365548607163163,58.90457812029501,Medium,seller,99.3646,100.0,100.0,99.68
fa1c13f2614d7b5c4749cbc52fecda94,585,204084.73,586,3.0,-9.612764284686241,540.0,81.75049177081077,31.516459794927144,60.0,76.09354259795036,11.586128482092098,56.97690671787678,Medium,seller,99.3646,100.0,100.0,99.68
53243585a1d6dc2643021fd1853d8905,358,235856.68,410,3.0,-10.877353877314816,58.82352941176471,94.47818614286318,19.26605504587156,60.0,76.63621382749845,2.832491723238471,56.93865085077546,Medium,seller,99.3646,100.0,100.0,99.68
3d871de0142ce09b7081e2b9d1733cb1,1080,117347.71,1147,3.0,-12.402298246798965,4.166666666666666,47.00404777531794,58.22989746357259,60.0,77.29061066960773,1.8381656244078077,52.43609686137047,Medium,seller,99.3646,100.0,100.0,99.68
7e93a43ef30c4f03f38b393420bc753a,336,182754.05,340,3.0,-11.485530574246607,0.0,73.20552126103559,18.078791149487316,60.0,76.89719968238,1.762364980102331,50.19217061604974,Medium,seller,99.3646,100.0,100.0,99.68
a1043bafd471dff536d0c462352beb48,718,133745.25,770,3.0,-11.798881855176319,316.66666666666663,53.57282550452577,38.69400971397734,60.0,77.03166759662966,7.523213947318553,50.05242161407836,Medium,seller,99.3646,100.0,100.0,99.68
620c87c171fb2a6dd6e8bb4dec959fc6,740,128909.71,798,3.0,-13.182621964954711,25.925925925925924,51.63573082686719,39.881273610361575,60.0,77.62546968951862,2.2340134335586295,49.328259447434206,Low,seller,99.3646,100.0,100.0,99.68
46dc3b2cc0980fb8ec44634e21d2718e,521,139909.69,542,3.0,-11.538531196988973,-40.0,56.04227129853132,28.062601187263898,60.0,76.91994375150571,1.0346787947697555,47.469791128578194,Low,seller,99.3646,100.0,100.0,99.68
7d13fca15225358621be4086e1eb0964,565,122261.02,578,3.0,-10.292240971816826,92.3076923076923,48.97229675075536,30.43712898003238,60.0,76.38512529909214,3.4416407924082746,46.10290414433935,Low,seller,99.3646,100.0,100.0,99.68
ea8482cd71df3c1969d7b9473ff13abc,1146,54722.29,1203,3.0,-9.393560079966331,233.33333333333334,21.916597817684906,61.79168915272532,60.0,75.99947586199835,6.00720106120902,46.023543118907455,Low,seller,99.3646,100.0,100.0,99.68
5dceca129747e92ff8ef7a997dc4f8ca,325,125816.92,346,3.0,-10.614433882680057,25.0,50.39677363736702,17.485159201295197,60.0,76.52338740729627,2.2171688459351904,43.19054688722186,Low,seller,99.3646,100.0,100.0,99.68
cca3071e3e9bb7d12640c9fbe2301306,712,78381.29,830,3.0,-14.623618789383018,-62.5,31.394282415211595,38.370210469508905,60.0,78.243842261178,0.625355315520182,42.80994921266942,Low,seller,99.3646,100.0,100.0,99.68
f8db351d8c4c4c22c6835c19a46f01b0,667,63079.8,724,3.0,-11.034058398822491,560.0,25.264577182859902,35.941716135995684,60.0,76.70346017829718,11.949971574758385,41.26531837307731,Low,seller,99.3646,100.0,100.0,99.68
8b321bb669392f5163d04c59e235e066,943,31692.05,1018,3.0,-9.298743101621522,100.0,12.690791531479098,50.83648138154344,60.0,75.95878720971119,3.581580443433769,40.268333930629645,Low,seller,99.3646,100.0,100.0,99.68
16090f2ca825584b5a147ab24aa30c86,402,31173.11,410,3.0,-8.93851181923919,4000.0,12.482906597836912,21.640582838640043,60.0,75.80420175837455,74.53098351335986,39.978746304103254,Low,seller,99.3646,100.0,100.0,99.68
f7ba60f8c3f99e7ee4042fdef03b70c4,219,72736.01,230,3.0,-8.449990194889212,2600.0,29.132809685817897,11.76470588235294,60.0,75.59456328586761,49.06196702671973,39.92640057188572,Low,seller,99.3646,100.0,100.0,99.68
e9779976487b77c6d4ac45f75ec7afe9,657,53302.66,750,3.0,-9.113191417620195,330.7692307692308,21.3479006882548,35.4020507285483,60.0,75.87916172402898,7.7797699741986275,39.41473414463773,Low,seller,99.3646,100.0,100.0,99.68
85d9eb9ddc5d00ca9336a2219c97bb13,509,24029.579999999998,522,3.0,-15.031304321289063,3000.0,9.621241935215084,27.415002698327033,60.0,78.41879167572169,56.338828880045476,39.13682489450909,Low,seller,99.3646,100.0,100.0,99.68
fe2032dab1a61af8794248c8196565c9,294,70680.95,306,3.0,-10.39319193989071,1600.0,28.309562274304596,15.812196438208312,60.0,76.42844622019417,30.869812393405343,38.99716596421311,Low,seller,99.3646,100.0,100.0,99.68
53e4c6e0f4312d4d2107a8c9cddf45cd,473,40036.19,522,3.0,-12.724527429651332,2100.0,16.033414937269978,25.472207231516457,60.0,77.42888834315026,39.965889710062534,38.7889985115389,Low,seller,99.3646,100.0,100.0,99.68
7aa4334be125fcdd2ba64b3180029f14,217,20603.329999999998,240,3.0,-8.848763771683075,5400.0,8.248702231412055,11.656772800863465,60.0,75.76568832792984,100.0,38.753657118828954,Low,seller,99.3646,100.0,100.0,99.68
edb1ef5e36e0c8cd84eb3c9b003e486d,166,83189.65000000001,175,3.0,-12.843339053852704,1200.0,33.32048891216259,8.904479222881813,60.0,77.47987377792357,23.592950540079592,38.203542600065724,Low,seller,99.3646,100.0,100.0,99.68
d91fb3b7d041e83b64a00a3edfb37e4f,535,50180.51,536,3.0,-11.995907782186949,585.7142857142857,20.097182020256664,28.818132757690236,60.0,77.11621700513892,12.417769836757897,38.042897329946186,Low,seller,99.3646,100.0,100.0,99.68
8581055ce74af1daba164fdbd55a40de,387,74584.3,435,3.0,-8.521233888671535,100.0,29.87322600369958,20.83108472746897,60.0,75.62513597374023,3.581580443433769,37.871667423381524,Low,seller,99.3646,100.0,100.0,99.68
17e34d8224d27a541263c4c64b11a56b,255,61603.2,268,3.0,-10.149421251780627,1700.0,24.673058138238073,13.707501349163516,60.0,76.32383731006587,32.68902785673678,37.54627116094585,Low,seller,99.3646,100.0,100.0,99.68
4d6d651bd7684af3fffabd5f08d12e5a,369,51486.31,395,3.0,-12.323078792963916,1400.0,20.62027938478814,19.85968699406368,60.0,77.2566153570831,27.231381466742466,37.46263601418907,Low,seller,99.3646,100.0,100.0,99.68
77530e9772f57a62c906e1c21538ab82,320,55063.99,389,3.0,-10.197883159570331,1600.0,22.053481237397268,17.215326497571507,60.0,76.34463368798941,30.869812393405343,37.458552288151,Low,seller,99.3646,100.0,100.0,99.68
391fc6631aebcf3004804e51b40bcf1e,526,50142.83,613,3.0,-11.026021082032445,175.0,20.08208758872385,28.332433890987584,60.0,76.70001113790482,4.945992040932349,37.10733562414301,Low,seller,99.3646,100.0,100.0,99.68
4e922959ae960d389249c378d1c939f5,420,53304.75,454,3.0,-12.350465921358579,700.0,21.34873793246668,22.611980572045333,60.0,77.26836794996096,14.4968732234224,37.09755903758773,Low,seller,99.3646,100.0,100.0,99.68
d2374cbcbb3ca4ab1086534108cc3ab7,524,30817.8,631,3.0,-14.761435950567504,1150.0,12.34057107586442,28.22450080949811,60.0,78.30298351044081,22.683342808413872,36.77207833254136,Low,seller,99.3646,100.0,100.0,99.68
218d46b86c1881d022bce9c68a7d4b15,388,62737.54,427,3.0,-11.041245232583774,75.0,25.127469429770194,20.885051268213708,60.0,76.7065442523213,3.1267765776009093,36.578162941592765,Low,seller,99.3646,100.0,100.0,99.68
c003204e1ab016dfa150abc119207b24,197,29850.89,202,3.0,-10.890314872685185,3600.0,11.953231458205408,10.577441985968699,60.0,76.64177575789454,67.2541216600341,36.452008463641384,Low,seller,99.3646,100.0,100.0,99.68
de722cd6dad950a92b7d4f82673f8833,339,65112.75,379,3.0,-15.417194438304351,-42.42424242424242,26.078967431921228,18.240690771721532,60.0,78.58438806010744,0.9905766017192964,36.270578791694795,Low,seller,99.3646,100.0,100.0,99.68
ccc4bbb5f32a6ab2b7066a4130f114e3,187,79261.59999999999,192,3.0,-16.175166507446598,-15.384615384615385,31.7469304784454,10.037776578521317,60.0,78.90965535403602,1.4824856780513402,36.01822015907448,Low,seller,99.3646,100.0,100.0,99.68
b2ba3715d723d245138f291a6fe42594,337,58173.02,363,3.0,-9.36442390873016,500.0,23.298944094840458,18.132757690232058,60.0,75.98697270527364,10.858442296759522,36.00676278647715,Low,seller,99.3646,100.0,100.0,99.68
c826c40d7b19f62a09e2d7c5e7295ee2,354,51217.22,373,3.0,-9.174546454845256,800.0,20.51248319102051,19.05018888289261,60.0,75.90549090915273,16.316088686753837,35.9337246830776,Low,seller,99.3646,100.0,100.0,99.68
06a2c3af7b3aee5d69171b0e14f0ee87,392,48550.24,405,3.0,-10.549368003731344,633.3333333333333,19.44410349331935,21.100917431192663,60.0,76.49546579483278,13.284062914534772,35.91118656647237,Low,seller,99.3646,100.0,100.0,99.68
7ddcbb64b5bc1ef36ca8c151f6ec77df,334,63525.29,343,3.0,-9.439895521457085,-94.73684210526315,25.443038390491342,17.970858067997842,60.0,76.0193597129742,0.038897699051494705,35.53241976099814,Low,seller,99.3646,100.0,100.0,99.68
8160255418d5aaa7dbdc9f4c64ebda44,385,54871.5,431,3.0,-6.833375234757163,60.0,21.976370644887954,20.72315164597949,60.0,74.90082799559278,2.8538942581011937,35.294212730110296,Low,seller,99.3646,100.0,100.0,99.68
c3cfdc648177fdbbbb35635a37472c53,278,49127.81,307,3.0,-15.629606142176378,700.0,19.675475330378966,14.948731786292498,60.0,78.67553994146292,14.4968732234224,34.89084385924849,Low,seller,99.3646,100.0,100.0,99.68
37be5a7c751166fbc5f8ccba4119e043,272,61433.88,281,3.0,-12.85090111244338,-66.66666666666666,24.605229339216418,14.624932541824068,60.0,77.48311887155492,0.5495546712147056,34.71522523507565,Low,seller,99.3646,100.0,100.0,99.68
dbc22125167c298ef99da25668e1011f,406,41789.16,429,3.0,-13.172510935695888,111.11111111111111,16.735646509564933,21.856449001618998,60.0,77.62113076034203,3.78371549491504,34.50634736681704,Low,seller,99.3646,100.0,100.0,99.68
1835b56ce799e6a4dc4eddc053f04066,423,42086.16,558,3.0,-10.10154622067621,6.666666666666667,16.854623318621336,22.773880194279545,60.0,76.30329277755861,1.8836460109910933,34.38371556188919,Low,seller,99.3646,100.0,100.0,99.68
9f505651f4a6abe901a56cdc21508025,397,32391.86,430,3.0,-10.328959229916535,536.3636363636364,12.971132140050686,21.370750134916353,60.0,76.40088214414763,11.519975192516409,33.846157016618086,Low,seller,99.3646,100.0,100.0,99.68
ceaec5548eefc6e23e6607c5435102e7,203,59249.020000000004,211,3.0,-14.534746100773102,20.0,23.72998465559699,10.90124123043713,60.0,78.2057044720626,2.1262080727686183,33.787782182374634,Low,seller,99.3646,100.0,100.0,99.68
2eb70248d66e0e3ef83659f71b244378,202,45860.1,212,3.0,-9.404752303064486,1080.0,18.36644600808369,10.84727468969239,60.0,76.00427876208977,21.409891984081863,33.763383487569854,Low,seller,99.3646,100.0,100.0,99.68
0241d4d5d36f10f80c644447315af0bd,238,38251.61,246,3.0,-12.307867218081903,1200.0,15.318520547014506,12.790070156502969,60.0,77.25008763924271,23.592950540079592,33.739881903124456,Low,seller,99.3646,100.0,100.0,99.68
1554a68530182680ad5c8b042c3ab563,247,35850.79,269,3.0,-13.088390856914968,1200.0,14.356763298803084,13.275769023205614,60.0,77.5850324507815,23.592950540079592,33.62302116706751,Low,seller,99.3646,100.0,100.0,99.68
522620dcb18a6b31cd7bdf73665113a9,174,61829.81,180,3.0,-13.37950146951727,-33.33333333333333,24.763837042952787,9.336211548839719,60.0,77.70995626400617,1.1559598256585182,33.53529342226254,Low,seller,99.3646,100.0,100.0,99.68
7ad32824caee82087b3e2e5f33b1bf32,151,26050.32,184,3.0,-9.851023919753086,2600.0,10.430740915459644,8.094981111710739,60.0,76.19578655904817,49.06196702671973,33.48853223909478,Low,seller,99.3646,100.0,100.0,99.68
1900267e848ceeba8fa32d80c1a5f5a8,411,33120.590000000004,529,3.0,-9.400101975780752,172.72727272727272,13.263057965180897,22.126281705342688,60.0,76.0022831748735,4.904646234947543,33.401294915615715,Low,seller,99.3646,100.0,100.0,99.68
128639473a139ac0f3e5f5ade55873a5,533,21694.45,560,3.0,-11.548800788039845,-53.333333333333336,8.685799793356912,28.710199676200755,60.0,76.92435072404054,0.7921167329922305,33.40115413896256,Low,seller,99.3646,100.0,100.0,99.68
25c5c91f63607446a97b143d2d535d31,158,61679.33,269,3.0,-11.269637635756057,75.0,24.703555459697547,8.472746896923908,60.0,76.80455390460011,3.1267765776009093,33.36261410559035,Low,seller,99.3646,100.0,100.0,99.68
7142540dd4c91e2237acb7e911c4eba2,319,44289.16,331,3.0,-13.146901500395213,-50.0,17.737134801285496,17.161359956826765,60.0,77.61014102594625,0.8527572484366117,33.33827730832794,Low,seller,99.3646,100.0,100.0,99.68
04308b1ee57b6625f47df1d56f00eedf,94,63184.99,94,3.0,-10.881928844605476,433.3333333333333,25.306715804222335,5.0188882892606586,60.0,76.63817707560617,9.645631987871896,33.307026573709976,Low,seller,99.3646,100.0,100.0,99.68
7299e27ed73d2ad986de7f7c77d919fa,338,41581.08,361,3.0,-11.954854903786469,-9.090909090909092,16.652290636068447,18.186724230976793,60.0,77.09860005167992,1.5969817561631092,33.266856431933036,Low,seller,99.3646,100.0,100.0,99.68
f5a590cf36251cf1162ea35bef76fe84,117,57440.94,122,3.0,-10.347347182988074,600.0,23.005676275399345,6.260118726389638,60.0,76.40877293587988,12.67765776009096,33.19581428060829,Low,seller,99.3646,100.0,100.0,99.68
87142160b41353c4e5fca2360caf6f92,305,38314.31,339,3.0,-14.291638363104992,87.5,15.343637873370858,16.40582838640043,60.0,78.10138005275533,3.3541785105173396,32.7551733175764,Low,seller,99.3646,100.0,100.0,99.68
634964b17796e64304cadf1ad3050fb7,268,45420.53,326,3.0,-9.623102640178878,41.66666666666667,18.19035632472705,14.409066378845118,60.0,76.09797907925577,2.5203714231570973,32.72610749633347,Low,seller,99.3646,100.0,100.0,99.68
e9bc59e7b60fc3063eb2290deda4cced,216,39031.56,269,3.0,-13.286736066595441,675.0,15.630964864265486,11.602806260118728,60.0,77.6701480008696,14.04206935758954,32.64472016019872,Low,seller,99.3646,100.0,100.0,99.68
850f4f8af5ea87287ac68de36e29107f,187,48469.77,192,3.0,-14.086754350882297,100.0,19.411867588185448,10.037776578521317,60.0,78.0134585172028,3.581580443433769,32.39318124300976,Low,seller,99.3646,100.0,100.0,99.68
2138ccb85b11a4ec1e37afbd1c8eda1f,396,18426.25,429,3.0,-12.040642927384425,600.0,7.376574179356457,21.316783594171614,60.0,77.13541412362687,12.67765776009096,32.38024604690297,Low,seller,99.3646,100.0,100.0,99.68
855668e0971d4dfd7bef1b6a4133b41b,312,40005.36,327,3.0,-8.330131594617125,-83.33333333333334,16.02106458365648,16.7835941716136,60.0,75.54312856399363,0.24635209399279878,32.35832241199867,Low,seller,99.3646,100.0,100.0,99.68
7178f9f4dd81dcef02f62acdf8151e01,203,41478.92,216,3.0,-17.94431088501292,200.0,16.611365818515576,10.90124123043713,60.0,79.66884533963952,5.400795906765207,32.1991264447864,Low,seller,99.3646,100.0,100.0,99.68
70a12e78e608ac31179aea7f8422044b,315,36465.44,328,3.0,-9.784291294002982,-33.33333333333333,14.602989210205502,16.945493793847817,60.0,76.1671496983007,1.1559598256585182,32.15793864883456,Low,seller,99.3646,100.0,100.0,99.68
c3867b4666c7d76867627c2f7fb22e21,245,42197.18,259,3.0,-9.219002084293837,100.0,16.89909741068006,13.167835941716136,60.0,75.92456807951206,3.581580443433769,32.10853146490324,Low,seller,99.3646,100.0,100.0,99.68
c70c1b0d8ca86052f45a432a38b73958,261,40476.28,338,3.0,-8.400701919367284,57.14285714285714,16.209712930191298,14.031300593631949,60.0,75.57341229013294,2.8019166734345813,31.986942538328776,Low,seller,99.3646,100.0,100.0,99.68
fa40cc5b934574b62717c68f3d678b6d,307,20586.77,340,3.0,-10.687420767392021,800.0,8.2420683729677,16.51376146788991,60.0,76.55470814779453,16.316088686753837,31.71587596970735,Low,seller,99.3646,100.0,100.0,99.68
a3a38f4affed601eb87a97788c949667,254,31775.27,263,3.0,-14.014382968304844,300.0,12.724129073733895,13.65353480841878,60.0,77.98240190611227,7.220011370096646,31.64998384715137,Low,seller,99.3646,100.0,100.0,99.68
88460e8ebdecbfecb5f9601833981930,248,36543.1,302,3.0,-10.288452199074074,133.33333333333331,14.634099442499506,13.32973556395035,60.0,76.38349942934374,4.1879855978775815,31.59898719792676,Low,seller,99.3646,100.0,100.0,99.68
640e21a7d01df7614a3b4923e990d40c,116,10045.12,137,3.0,-9.58476196555011,2800.0,4.0191327528012835,6.206152185644901,60.0,76.08152600929236,52.700397953382605,31.439546568983726,Low,seller,99.3646,100.0,100.0,99.68
5656537e588803a555b8eb41f07a944b,174,11442.96,188,3.0,-11.22702170920921,2200.0,4.57910091028075,9.336211548839719,60.0,76.78626620288858,41.78510517339397,31.40423360806684,Low,seller,99.3646,100.0,100.0,99.68
897060da8b9a21f655304d50fd935913,317,29887.47,430,3.0,-9.000233415164558,-14.285714285714285,11.967885234889865,17.05342687533729,60.0,75.83068824422398,1.5024770567692685,31.378573231611803,Low,seller,99.3646,100.0,100.0,99.68
17f51e7198701186712e53a39c564617,56,57812.43,61,3.0,-11.590698998178507,-33.33333333333333,23.154493429595853,2.9681597409606044,60.0,76.94233043330301,1.1559598256585182,31.345333511680213,Low,seller,99.3646,100.0,100.0,99.68
b33e7c55446eabf8fe1a42d037ac7d6d,152,47710.24,155,3.0,-10.598832160696881,-75.0,19.107603427301243,8.148947652455478,60.0,76.51669226627895,0.3979533826037522,31.286817119506463,Low,seller,99.3646,100.0,100.0,99.68
e882b2a25a10b9c057cc49695f222c19,57,53913.759999999995,58,3.0,-18.299718031609196,-85.71428571428571,21.592704486282972,3.0221262817053427,60.0,79.82136061760625,0.20303744010395527,31.22685075296256,Low,seller,99.3646,100.0,100.0,99.68
17a053fcb14bd219540cbde0df490be0,125,49531.57,149,3.0,-9.417689720970971,0.0,19.837219695445004,6.691851052347545,60.0,76.00983057472797,1.762364980102331,31.201839755939815,Low,seller,99.3646,100.0,100.0,99.68
966cb4760537b1404caedd472cc610a5,75,52935.87,75,3.0,-14.800268449419569,-66.66666666666666,21.20096633204673,3.9935240151106313,60.0,78.31964763611552,0.5495546712147056,31.161573515930474,Low,seller,99.3646,100.0,100.0,99.68
4c2b230173bb36f9b240f2b8ac11786e,261,18989.84,346,3.0,-7.911344515980996,1000.0,7.602345693888774,14.031300593631949,60.0,75.3634151611576,19.954519613416714,31.088493092089934,Low,seller,99.3646,100.0,100.0,99.68
eeb6de78f79159600292e314a77cbd18,83,46795.28,84,3.0,-16.228666331994646,100.0,18.741074736344185,4.425256341068538,60.0,78.93261364480271,3.581580443433769,30.926686597234173,Low,seller,99.3646,100.0,100.0,99.68
8d956fec2e4337affcb520f56fd8cbfd,211,14343.14,228,3.0,-10.007731736417034,1500.0,5.740899435833604,11.332973556395034,60.0,76.26303432389182,29.050596930073908,30.900028061440004,Low,seller,99.3646,100.0,100.0,99.68
0b90b6df587eb83608a64ea8b390cf07,164,32207.64,210,3.0,-17.622638833510543,300.0,12.897334470810382,8.796546141392337,60.0,79.530806746947,7.220011370096646,30.719959025642908,Low,seller,99.3646,100.0,100.0,99.68
48efc9d94a9834137efd9ea76b065a38,33,666.0,34,3.0,-23.707864923747277,3100.0,0.2619012061444271,1.7269293038316245,60.0,82.14214970257167,58.158044343376915,30.647429577524676,Low,seller,99.3646,100.0,100.0,99.68
712e6ed8aa4aa1fa65dab41fed5737e4,79,46704.13,87,3.0,-9.105142429193899,233.33333333333334,18.704560473228053,4.209390178089585,60.0,75.87570767500677,6.00720106120902,30.645791943862726,Low,seller,99.3646,100.0,100.0,99.68
01fdefa7697d26ad920e9e0346d4bd1b,129,17690.07,131,3.0,-12.992729433760683,1600.0,7.08166391911692,6.907717215326498,60.0,77.54398142329713,30.869812393405343,30.570006932401803,Low,seller,99.3646,100.0,100.0,99.68
dc4a0fc896dc34b0d5bfec8438291c80,231,28795.09,249,3.0,-10.796774563820017,150.0,11.530282922845982,12.412304371289801,60.0,76.60163496065876,4.491188175099489,30.501525031285006,Low,seller,99.3646,100.0,100.0,99.68
2528513dd95219a6013d4d05176e391a,161,36438.75,167,3.0,-11.587752537929495,125.0,14.592297321203093,8.634646519158123,60.0,76.94106602371474,4.036384309266629,30.48114916063433,Low,seller,99.3646,100.0,100.0,99.68
001cca7ae9ae17fb1caed9dfb1094831,200,33934.17,239,3.0,-12.569366245251661,-80.0,13.5889743029321,10.739341608202913,60.0,77.36230428203895,0.3069926094371802,30.39657259617992,Low,seller,99.3646,100.0,100.0,99.68
2bf6a2c1e71bbd29a4ad64e6d3c3629f,30,51629.49,31,3.0,-14.045303166069294,-57.14285714285714,20.677636622231564,1.5650296815974094,60.0,77.99567063917517,0.7228132867700804,30.366180331622104,Low,seller,99.3646,100.0,100.0,99.68
1da3aeb70d7989d1e6d9b0e887f97c23,265,13055.36,328,3.0,-10.981487911522633,850.0,5.225020798908843,14.247166756610902,60.0,76.68090069247882,17.225696418419556,30.35400267453916,Low,seller,99.3646,100.0,100.0,99.68
d1c281d3ae149232351cd8c8cc885f0d,215,32339.06,240,3.0,-10.848508300402912,-50.0,12.949980707329548,11.548839719373987,60.0,76.62383537303302,0.8527572484366117,30.351055172840976,Low,seller,99.3646,100.0,100.0,99.68
8f2ce03f928b567e3d56181ae20ae952,153,25550.010000000002,175,3.0,-8.994448010874246,800.0,10.23031907256736,8.202914193200215,60.0,75.82820556329891,16.316088686753837,30.12566397324048,Low,seller,99.3646,100.0,100.0,99.68
ef506c96320abeedfb894c34db06f478,324,14968.43,340,3.0,-10.519443782072736,150.0,5.991387681405583,17.431192660550458,60.0,76.48262446334041,4.491188175099489,30.076726956570297,Low,seller,99.3646,100.0,100.0,99.68
213b25e6f54661939f11710a6fddb871,155,18839.96,194,3.0,-10.3307317251462,1150.0,7.542304467823542,8.310847274689692,60.0,76.40164277207882,22.683342808413872,30.0689838556727,Low,seller,99.3646,100.0,100.0,99.68
cab85505710c7cb9b720bceb52b01cee,206,14295.24,209,3.0,-15.073805147058824,850.0,5.721710920164238,11.063140852671344,60.0,78.43702998442811,17.225696418419556,29.970422628723277,Low,seller,99.3646,100.0,100.0,99.68
92eb0f42c21942b6552362b9b114707d,341,11492.67,365,3.0,-9.726196235516243,200.0,4.599014503473322,18.34862385321101,60.0,76.14221946243333,5.400795906765207,29.92827282438627,Low,seller,99.3646,100.0,100.0,99.68
76d5af76d0271110f9af36c92573f765,131,37541.56,159,3.0,-11.802508885902032,-66.66666666666666,15.034077842400032,7.015650296815974,60.0,77.03322405829518,0.5495546712147056,29.87407500278975,Low,seller,99.3646,100.0,100.0,99.68
ba90964cff9b9e0e6f32b23b82465f7b,38,45523.5,38,3.0,-11.294222709551656,100.0,18.231605624486434,1.9967620075553156,60.0,76.81510405644619,3.581580443433769,29.849095842045063,Low,seller,99.3646,100.0,100.0,99.68
4b9750c8ad28220fe6702d4ecb7c898f,218,19305.1,222,3.0,-8.676571246019776,585.7142857142857,7.728637373427902,11.710739341608203,60.0,75.69179563565608,12.417769836757897,29.841822376454623,Low,seller,99.3646,100.0,100.0,99.68
f457c46070d02cadd8a68551231220dd,199,22807.22,234,3.0,-11.673235406602254,366.66666666666663,9.131570243908065,10.685375067458176,60.0,76.97774914503596,8.43282167898427,29.800759379690785,Low,seller,99.3646,100.0,100.0,99.68
710e3548e02bc1d2831dfc4f1b5b14d4,136,27855.07,142,3.0,-21.313919809407945,150.0,11.153715313252716,7.285483000539665,60.0,81.11484001550647,4.491188175099489,29.783830163946647,Low,seller,99.3646,100.0,100.0,99.68
9c0e69c7bf2619675bbadf47b43f655a,157,36602.96,206,3.0,-7.447979166666666,-93.75,14.658079078156467,8.41878035617917,60.0,75.16457195913526,0.05685048322910744,29.78248965468493,Low,seller,99.3646,100.0,100.0,99.68
d6b1ce66b035a475f00c017792ff9769,92,14315.880000000001,108,3.0,-11.941567751200274,1700.0,5.729979207500683,4.910955207771182,60.0,77.09289815798004,32.68902785673678,29.779570073563686,Low,seller,99.3646,100.0,100.0,99.68
834f3294fba9f932f56edc879193f925,66,44207.42,66,3.0,-8.804236987934903,0.0,17.704390140099395,3.507825148407987,60.0,75.74658062324421,1.762364980102331,29.726496920628684,Low,seller,99.3646,100.0,100.0,99.68
66922902710d126a0e7d26b0e3805106,151,17581.07,156,3.0,-9.546909946236559,1100.0,7.037999029597904,8.094981111710739,60.0,76.06528263517201,21.773735076748153,29.722310889757672,Low,seller,99.3646,100.0,100.0,99.68
12b9676b00f60f3b700e83af21824c0e,135,30342.69,135,3.0,-20.567278613199665,-28.57142857142857,12.150244234952677,7.2315164597949275,60.0,80.79443512024285,1.2425891334362056,29.696376566814582,Low,seller,99.3646,100.0,100.0,99.68
b499c00f28f4b7069ff6550af8c1348a,152,12905.08,187,3.0,-11.45502950752951,1300.0,5.164819334716936,8.148947652455478,60.0,76.88411081032666,25.41216600341103,29.66051593541905,Low,seller,99.3646,100.0,100.0,99.68
06e5eefc71ec47ae763c5c6f8db7064f,92,24381.84,95,3.0,-16.16089767522899,800.0,9.762355641471677,4.910955207771182,60.0,78.90353219378792,16.316088686753837,29.62358419212787,Low,seller,99.3646,100.0,100.0,99.68
a416b6a846a11724393025641d4edd5e,162,28670.52,181,3.0,-9.907479679608587,200.0,11.48038076424613,8.68861305990286,60.0,76.2200133254192,5.400795906765207,29.589349083738956,Low,seller,99.3646,100.0,100.0,99.68
530ec6109d11eaaf87999465c6afee01,97,15640.210000000001,104,3.0,-16.487698592775946,1300.0,6.260499603250398,5.180787911494873,60.0,79.04377172823959,25.41216600341103,29.57112921842588,Low,seller,99.3646,100.0,100.0,99.68
b839e41795b7f3ad94cc2014a52f6796,33,43749.93,36,3.0,-12.591988811728394,0.0,17.521121788667703,1.7269293038316245,60.0,77.37201226638187,1.762364980102331,29.47010720052573,Low,seller,99.3646,100.0,100.0,99.68
2a84855fd20af891be03bc5924d2b453,164,19270.61,168,3.0,-11.795219325064059,650.0,7.714820840955326,8.796546141392337,60.0,77.03009590117142,13.58726549175668,29.426823721986064,Low,seller,99.3646,100.0,100.0,99.68
70eea00b476a314817cefde4aad4f89a,108,34764.17,114,3.0,-11.542653666501323,50.0,13.921468415783325,5.774419859686994,60.0,76.9217128199941,2.67197271176805,29.425499683832665,Low,seller,99.3646,100.0,100.0,99.68
080102cd0a76b09e0dcf55fcacc60e05,124,7912.71,130,3.0,-11.131869665075232,1700.0,3.164899293542147,6.637884511602807,60.0,76.74543376437636,32.68902785673678,29.389658766293476,Low,seller,99.3646,100.0,100.0,99.68
36a968b544695394e4e9d7572688598f,154,11628.87,162,3.0,-11.685869539411206,1200.0,4.653575585606258,8.256880733944955,60.0,76.98317080944446,23.592950540079592,29.367063534592745,Low,seller,99.3646,100.0,100.0,99.68
7e1fb0a3ebfb01ffb3a7dae98bf3238d,159,30335.93,174,3.0,-10.121788845058076,-25.0,12.147536210611866,8.526713437668645,60.0,76.31197946130695,1.3075611142694712,29.353492253223706,Low,seller,99.3646,100.0,100.0,99.68
59b22a78efb79a4797979612b885db36,125,32082.07,133,3.0,-9.587488425925926,120.0,12.84703171689384,6.691851052347545,60.0,76.08269601070079,3.9454235361000567,29.33401903337016,Low,seller,99.3646,100.0,100.0,99.68
1c68394e931a64f90ea236c5ea590300,142,27729.16,171,3.0,-14.713594460688759,100.0,11.103276356928502,7.609282245008095,60.0,78.28245337142398,3.581580443433769,29.33382951838755,Low,seller,99.3646,100.0,100.0,99.68
1a3df491d1c4f1589fc2b934ada68bf2,167,27594.12,178,3.0,-12.314144466103532,0.0,11.049179965362924,8.958445763626552,60.0,77.25278138425053,1.762364980102331,29.31851913616333,Low,seller,99.3646,100.0,100.0,99.68
de23c3b98a88888289c6f5cc1209054a,164,29081.81,181,3.0,-9.887967254473574,0.0,11.64514161204683,8.796546141392337,60.0,76.21163999085975,1.762364980102331,29.300661515601327,Low,seller,99.3646,100.0,100.0,99.68
5c243662ce92d84573bfaff24c3e3700,98,34637.66,100,3.0,-13.102398263888889,0.0,13.870789102269102,5.234754452239612,60.0,77.5910434260494,1.762364980102331,29.284818355658274,Low,seller,99.3646,100.0,100.0,99.68
0ea22c1cfbdc755f86b9b54b39c16043,237,15075.31,269,3.0,-16.09736609014675,133.33333333333331,6.034203308853221,12.736103615758228,60.0,78.87626899030064,4.1879855978775815,29.24452580492838,Low,seller,99.3646,100.0,100.0,99.68
4830e40640734fc1c52cd21127c341d4,210,12970.02,219,3.0,-10.460398759608665,650.0,5.19083399458267,11.279007015650297,60.0,76.45728657101073,13.58726549175668,29.20432148711465,Low,seller,99.3646,100.0,100.0,99.68
0c8380b62e38e8a1e6adbeba7eb9688c,182,21455.83,220,3.0,-11.806202960414543,200.0,8.590209738888769,9.767943874797625,60.0,77.03480929034946,5.400795906765207,29.114349874594975,Low,seller,99.3646,100.0,100.0,99.68
41b39e28db005d9731d9d485a83b4c38,195,21042.91,231,3.0,-17.754425707938882,-85.71428571428571,8.424795920721866,10.469508904479223,60.0,79.58736022927928,0.20303744010395527,29.103223780738656,Low,seller,99.3646,100.0,100.0,99.68
9e6229250fedbe05838fef417b74e7fb,74,14986.65,78,3.0,-14.843030603655604,1300.0,5.998686528075643,3.939557474365893,60.0,78.33799808827222,25.41216600341103,29.0764116405961,Low,seller,99.3646,100.0,100.0,99.68
f45122a9ab94eb4f3f8953578bc0c560,187,25404.13,200,3.0,-9.66563769035533,-50.0,10.171880227768883,10.037776578521317,60.0,76.11623207462492,0.8527572484366117,29.06371874899839,Low,seller,99.3646,100.0,100.0,99.68
59417c56835dd8e2e72f91f809cd4092,18,37657.770000000004,18,3.0,-20.60727944958848,0.0,15.080631024152371,0.9174311926605505,60.0,80.81160061266237,1.762364980102331,29.05152369532044,Low,seller,99.3646,60.0,100.0,87.68
c31eff8334d6b3047ed34bebd4d62c36,122,15586.05,123,3.0,-9.514439279155187,1000.0,6.238803360898563,6.52995143011333,60.0,76.05134855178875,19.954519613416714,28.907283109907887,Low,seller,99.3646,100.0,100.0,99.68
acce39e832338debb07b02385cde5967,44,5923.660000000001,44,3.0,-9.628650042087543,2200.0,2.368095178883435,2.3205612520237455,60.0,76.10035962661445,41.78510517339397,28.88413332800253,Low,seller,99.3646,100.0,100.0,99.68
900ba814c251a692506d7834c1218441,88,31467.940000000002,88,3.0,-7.883672076873385,233.33333333333334,12.601014115056103,4.695089044792229,60.0,75.35154013336782,6.00720106120902,28.857527621840962,Low,seller,99.3646,100.0,100.0,99.68
1b4c3a6f53068f0b6944d2d005c9fc89,113,17791.670000000002,117,3.0,-12.149669082125603,800.0,7.122364403292444,6.044252563410685,60.0,77.18220033615873,16.316088686753837,28.856711380939597,Low,seller,99.3646,100.0,100.0,99.68
c33847515fa6305ce6feb1e818569f13,114,19894.26,128,3.0,-14.725171802662038,560.0,7.964652110207937,6.098219104155424,60.0,78.28742153693804,11.949971574758385,28.85206079711778,Low,seller,99.3646,100.0,100.0,99.68
612170e34b97004b3ba37eae81836b4c,107,25372.08,110,3.0,-17.67843928872054,145.45454545454547,10.159041147869024,5.720453318942256,60.0,79.55475230352494,4.408496563129878,28.851888175938,Low,seller,99.3646,100.0,100.0,99.68
0dd184061fb0eaa7ca37932c68ab91c5,161,23766.420000000002,193,3.0,-10.52069480426022,100.0,9.51582127167541,8.634646519158123,60.0,76.48316131241195,3.581580443433769,28.844040252497322,Low,seller,99.3646,100.0,100.0,99.68
e59aa562b9f8076dd550fcddf0e73491,70,33803.97,84,3.0,-11.64917852303523,50.0,13.536816792699295,3.7236913113869403,60.0,76.96742565458459,2.67197271176805,28.804278985021014,Low,seller,99.3646,100.0,100.0,99.68
562fc2f2c2863ab7e79a9e4388a58a14,260,13119.34,270,3.0,-12.498795859538783,-33.33333333333333,5.250650887270555,13.97733405288721,60.0,77.33202052973881,1.1559598256585182,28.784927841429646,Low,seller,99.3646,100.0,100.0,99.68
59fb871bf6f4522a87ba567b42dafecf,126,23754.760000000002,128,3.0,-14.03216638888889,200.0,9.511150330282826,6.7458175930922835,60.0,77.99003327582318,5.400795906765207,28.778384079407914,Low,seller,99.3646,100.0,100.0,99.68
54a1852d1b8f10312c55e906355666ee,200,20614.399999999998,204,3.0,-10.18700477860286,-12.5,8.253136821567795,10.739341608202913,60.0,76.33996546644977,1.534963047185901,28.765267573207122,Low,seller,99.3646,100.0,100.0,99.68
a673821011d0cec28146ea42f5ab767f,129,16490.14,146,3.0,-8.721450288941424,800.0,6.600977580763219,6.907717215326498,60.0,75.71105450473519,16.316088686753837,28.69548962244625,Low,seller,99.3646,100.0,100.0,99.68
86ccac0b835037332a596a33b6949ee1,180,20588.6,210,3.0,-14.185681312321938,-66.66666666666666,8.242801462397239,9.66001079330815,60.0,78.05591087970274,0.5495546712147056,28.65118523612309,Low,seller,99.3646,100.0,100.0,99.68
8444e55c1f13cd5c179851e5ca5ebd00,99,24951.27,109,3.0,-20.57861235929557,0.0,9.990466632653453,5.2887209929843495,60.0,80.79929875186303,1.762364980102331,28.615451548831814,Low,seller,99.3646,100.0,100.0,99.68
5cf13accae3222c70a9cac40818ae839,149,17402.47,156,3.0,-13.769761424731183,366.66666666666663,6.966452706037388,7.9870480302212625,60.0,77.8774278697934,8.43282167898427,28.611594167733966,Low,seller,99.3646,100.0,100.0,99.68
289cdb325fb7e7f891c38608bf9e0962,110,15639.289999999999,126,3.0,-9.872723703703702,900.0,6.260131055559044,5.88235294117647,60.0,76.20509855125975,18.135304150085275,28.592922749659323,Low,seller,99.3646,100.0,100.0,99.68
b4ffb71f0cb1b1c3d63fad021ecf93e1,144,9176.07,165,3.0,-14.296570474819333,900.0,3.6709953928333814,7.717215326497572,60.0,78.10349656165583,18.135304150085275,28.559657348731314,Low,seller,99.3646,100.0,100.0,99.68
6edacfd9f9074789dad6d62ba7950b9c,208,16087.6,219,3.0,-10.983387345679013,83.33333333333334,6.439721941983543,11.17107393416082,60.0,76.6817157935006,3.278377866211863,28.554780221781545,Low,seller,99.3646,100.0,100.0,99.68
7681ef142fd2c19048da7430856b5588,59,34857.93,77,3.0,-8.778012305068225,14.285714285714285,13.959028232676014,3.130059363194819,60.0,75.73532686868327,2.022252903435393,28.532747631247535,Low,seller,99.3646,100.0,100.0,99.68
44073f8b7e41514de3b7815dd0237f4f,144,21901.93,153,3.0,-15.125382174392936,0.0,8.768915309663383,7.717215326497572,60.0,78.45916314842297,1.762364980102331,28.50508939479709,Low,seller,99.3646,100.0,100.0,99.68
004c9cd9d87a3c30c522c48c4fc07416,158,23263.94,170,3.0,-11.331696221891534,-66.66666666666666,9.314530136945912,8.472746896923908,60.0,76.83118500249817,0.5495546712147056,28.492178982810945,Low,seller,99.3646,100.0,100.0,99.68
609e1a9a6c2539919b8205cf7c4e6ff0,87,9282.42,130,3.0,-16.48126032763533,1200.0,3.7135987047631747,4.641122504047491,60.0,79.04100888622318,23.592950540079592,28.48980662438226,Low,seller,99.3646,100.0,100.0,99.68
bfd27a966d91cfaafdb25d076585f0da,117,22645.05,118,3.0,-14.832266606280195,100.0,9.066605701400736,6.260118726389638,60.0,78.33337895197329,3.581580443433769,28.393176279156997,Low,seller,99.3646,100.0,100.0,99.68
d23019c84ffae2d5ef2270367b8605fc,39,31954.84,39,3.0,-13.660917913105413,100.0,12.796063974751599,2.0507285483000537,60.0,77.83072003459802,3.581580443433769,28.384267379033574,Low,seller,99.3646,100.0,100.0,99.68
e26901d5ab434ce92fd9b5c256820a4e,202,14938.880000000001,221,3.0,-12.939614071920758,0.0,5.9795500897974465,10.84727468969239,60.0,77.52118811637321,1.762364980102331,28.310098414828545,Low,seller,99.3646,100.0,100.0,99.68
05ff92fedb5be47920fea08e501238b9,59,23808.17,62,3.0,-17.194690393518517,300.0,9.532546126147142,3.130059363194819,60.0,79.34716194434274,7.220011370096646,28.266354107303926,Low,seller,99.3646,100.0,100.0,99.68
7040e82f899a04d1b434b795a43b4617,212,12955.98,228,3.0,-9.7079601083707,120.0,5.185209636336366,11.386940097139773,60.0,76.13439382350829,3.9454235361000567,28.216999342322104,Low,seller,99.3646,100.0,100.0,99.68
0be8ff43f22e456b4e0371b2245e4d01,161,14384.65,180,3.0,-11.106522619047619,350.0,5.757528147429332,8.634646519158123,60.0,76.73455662865311,8.129619101762366,28.209065478492533,Low,seller,99.3646,100.0,100.0,99.68
5a8e7d5003a1f221f9e1d6e411de7c23,139,13866.19,181,3.0,-11.78022650268984,500.0,5.549835499539156,7.447382622773881,60.0,77.02366205623102,10.858442296759522,28.166189843665823,Low,seller,99.3646,100.0,100.0,99.68
00ee68308b45bc5e2660cd833c3f81cc,135,23440.66,172,3.0,-10.154900139965546,-50.0,9.385323341311054,7.2315164597949275,60.0,76.3261884562442,0.8527572484366117,28.157680110622337,Low,seller,99.3646,100.0,100.0,99.68
79ebd9a61bac3eaf882805ed4ecfa12a,136,19105.14,143,3.0,-11.691497685185187,150.0,7.648534333902926,7.285483000539665,60.0,76.98558600628385,4.491188175099489,28.11288776875832,Low,seller,99.3646,100.0,100.0,99.68
729f06993dac8e860d4f02d7088ca48a,96,25479.649999999998,115,3.0,-10.46886840380203,66.66666666666666,10.202133186085176,5.126821370750135,60.0,76.46092113534293,2.9751752889899565,28.109000997713526,Low,seller,99.3646,100.0,100.0,99.68
b32be1695eb7ec5f10f72d9610a12527,45,29831.02,46,3.0,-13.068261059670782,50.0,11.945271629262814,2.3745277927684834,60.0,77.5763941843552,2.67197271176805,28.08086983580105,Low,seller,99.3646,100.0,100.0,99.68
6d66611d7c44cc30ce351abc49a68421,166,16854.37,176,3.0,-10.060898986270754,112.5,6.7468864129605715,8.904479222881813,60.0,76.28584989743283,3.8089823763501993,28.07396145185857,Low,seller,99.3646,100.0,100.0,99.68
ececbfcff9804a2d6b40f589df8eef2b,98,8661.06,104,3.0,-11.118006225278677,1100.0,3.46468479878578,5.234754452239612,60.0,76.73948456950396,21.773735076748153,28.036390245796042,Low,seller,99.3646,100.0,100.0,99.68
e5a3438891c0bfdb9394643f95273d8e,224,11112.619999999999,255,3.0,-6.014036071749888,160.0,4.446768253365962,12.034538586076632,60.0,74.54922634269458,4.673109721432632,27.992360046076396,Low,seller,99.3646,100.0,100.0,99.68
d98eec89afa3380e14463da2aabaea72,168,10225.31,183,3.0,-17.990355570734668,200.0,4.091316022915334,9.01241230437129,60.0,79.68860441907557,5.400795906765207,27.97386813650528,Low,seller,99.3646,100.0,100.0,99.68
229c3efbfb0ea2058de4ccdfbc3d784a,121,18106.57,148,3.0,-11.671734993614303,200.0,7.248511868517565,6.475984889368592,60.0,76.97710527530482,5.400795906765207,27.88019516486966,Low,seller,99.3646,100.0,100.0,99.68
669ae81880e08f269a64487cfb287169,162,16621.46,186,3.0,-13.637100663163162,-80.0,6.653583757750717,8.68861305990286,60.0,77.82049937772565,0.3069926094371802,27.872002559903493,Low,seller,99.3646,100.0,100.0,99.68
95e03ca3d4146e4011985981aeb959b9,175,14243.5,193,3.0,-14.485293615984407,-50.0,5.7009841184787895,9.390178089584458,60.0,78.18448300947828,0.8527572484366117,27.870787934205158,Low,seller,99.3646,100.0,100.0,99.68
1e8b33f18b4f7598d87f5cbee2282cc2,123,20011.3,140,3.0,-10.255360378363974,100.0,8.011537786073127,6.583917970858068,60.0,76.36929879133643,3.581580443433769,27.862993691580293,Low,seller,99.3646,100.0,100.0,99.68
744dac408745240a2c2528fb1b6028f3,79,24385.02,84,3.0,-16.135495035698348,-80.0,9.763629534578747,4.209390178089585,60.0,78.89263120131716,0.3069926094371802,27.84603034603731,Low,seller,99.3646,100.0,100.0,99.68
b92e3c8f9738272ff7c59e111e108d7c,62,10645.3,70,3.0,-42.214879464285715,0.0,4.259562049971221,3.291958985429034,60.0,90.0840340850792,1.762364980102331,27.789699972120737,Low,seller,99.3646,100.0,100.0,99.68
f62d7bb4a613ec758a03342d46b580b2,32,26790.59,32,3.0,-9.018179976851853,300.0,10.727289610544437,1.6729627630868862,60.0,75.8383896224053,7.220011370096646,27.73418715430551,Low,seller,99.3646,100.0,100.0,99.68
2e1c9f22be269ef4643f826c9e650a52,167,15122.37,173,3.0,-9.758419827012641,40.0,6.053055324456569,8.958445763626552,60.0,76.15604751868158,2.490051165434906,27.727940282589334,Low,seller,99.3646,100.0,100.0,99.68
f262cbc1c910c83959f849465454ddd3,192,12989.85,207,3.0,-9.20229200708061,-12.5,5.198777799712597,10.307609282245007,60.0,75.91739731185747,1.534963047185901,27.677641561972244,Low,seller,99.3646,100.0,100.0,99.68
e5a38146df062edaf55c38afa99e42dc,121,17254.59,125,3.0,-9.927878210872162,200.0,6.907212670605532,6.475984889368592,60.0,76.22876691322848,5.400795906765207,27.6655546511846,Low,seller,99.3646,100.0,100.0,99.68
813348c996469b40f2e028d5429d3495,179,14800.43,202,3.0,-10.213765254036089,-78.57142857142857,5.924087668201962,9.60604425256341,60.0,76.35144914478407,0.3329814017704865,27.664752875496102,Low,seller,99.3646,100.0,100.0,99.68
9b013e03b2ab786505a1d3b5c0756754,174,11631.61,225,3.0,-9.4065,187.5,4.6546732167739835,9.336211548839719,60.0,76.00502874837022,5.1733939738487775,27.648548561882535,Low,seller,99.3646,100.0,100.0,99.68
1c129092bf23f28a5930387c980c0dfc,201,12589.289999999999,220,3.0,-9.564779722645019,-88.46153846153845,5.038315339659961,10.793308148947652,60.0,76.0729510626143,0.15305899330913558,27.636070197857958,Low,seller,99.3646,100.0,100.0,99.68
6cd68b3ed6d59aaa9fece558ad360c0a,149,13718.460000000001,157,3.0,-13.641445284854917,66.66666666666666,5.490655553404804,7.9870480302212625,60.0,77.82236377800945,2.9751752889899565,27.61483076917717,Low,seller,99.3646,100.0,100.0,99.68
09f952a5f58d2285b0372551ae8f9b01,50,13346.46,56,3.0,-11.407350363756615,900.0,5.341634095596784,2.6443604964921748,60.0,76.86365033862432,18.135304150085275,27.606658318604254,Low,seller,99.3646,100.0,100.0,99.68
76d64c4aca3a7baf218bf93ef7fa768d,64,20455.29,69,3.0,-14.77987167874396,200.0,8.189398100729532,3.3998920669185106,60.0,78.31089480382441,5.400795906765207,27.593506258198666,Low,seller,99.3646,100.0,100.0,99.68
c9c7905cffc4ef9ff9f113554423e671,127,12766.71,139,3.0,-9.367428557154277,400.0,5.109388960746786,6.799784133837021,60.0,75.98826208505676,9.039226833428083,27.534924717784616,Low,seller,99.3646,100.0,100.0,99.68
537eb890efff034a88679788b647c564,160,7178.9,173,3.0,-11.735880441845355,433.3333333333333,2.870938444203161,8.580679978413382,60.0,77.00463190486462,9.645631987871896,27.521709512381175,Low,seller,99.3646,100.0,100.0,99.68
ef0ace09169ac090589d85746e3e036f,129,18538.95,140,3.0,-10.98460748068212,-63.63636363636363,7.42172127154722,6.907717215326498,60.0,76.68223938800605,0.6046824125277792,27.516249834749473,Low,seller,99.3646,100.0,100.0,99.68
dd2bdf855a9172734fbc3744021ae9b9,108,12853.880000000001,113,3.0,-22.09191435185185,50.0,5.1443088545024995,5.774419859686994,60.0,81.4486995201163,2.67197271176805,27.47139982046675,Low,seller,99.3646,100.0,100.0,99.68
37515688008a7a40ac93e3b2e4ab203f,228,9417.7,240,3.0,-7.350922681311018,-92.3076923076923,3.7677912392047577,12.250404749055585,60.0,75.12292227092765,0.08308916779638782,27.46968581644411,Low,seller,99.3646,100.0,100.0,99.68
cd68562d3f44870c08922d380acae552,125,20777.19,132,3.0,-6.848772699540626,-66.66666666666666,8.31834973317147,6.691851052347545,60.0,74.90743548405756,0.5495546712147056,27.45953847276843,Low,seller,99.3646,100.0,100.0,99.68
aafe36600ce604f205b86b5084d3d767,129,11673.2,131,3.0,-12.463864768871925,300.0,4.671333975995047,6.907717215326498,60.0,77.31703060887268,7.220011370096646,27.447885224970705,Low,seller,99.3646,100.0,100.0,99.68
dd7ddc04e1b6c2c614352b383efe2d36,122,12072.0,143,3.0,-7.393640698356807,500.0,4.83109138829031,6.52995143011333,60.0,75.14125378256529,10.858442296759522,27.43884757107617,Low,seller,99.3646,100.0,100.0,99.68
d650b663c3b5f6fb392b6326366efa9a,60,20153.04,60,3.0,-10.886111923326835,300.0,8.068318166260516,3.184025903939557,60.0,76.63997215322364,7.220011370096646,27.43449888585625,Low,seller,99.3646,100.0,100.0,99.68
cfb1a033743668a192316f3c6d1d2671,147,16236.2,184,3.0,-10.855127702772606,-91.66666666666666,6.499250406043414,7.879114948731786,60.0,76.62667594616741,0.09475080538184591,27.42303033145927,Low,seller,99.3646,100.0,100.0,99.68
2b3e4a2a3ea8e01938cabda2a3e5cc79,52,24535.1,54,3.0,-11.257406121399177,50.0,9.823750879707314,2.7522935779816518,60.0,76.79930501517862,2.67197271176805,27.422291681861203,Low,seller,99.3646,100.0,100.0,99.68
a3e9a2c700480d9bb01fba070ba80a0e,130,16323.89,144,3.0,-9.476644004144003,75.0,6.534378609363803,6.961683756071235,60.0,76.03512952825655,3.1267765776009093,27.418681608825523,Low,seller,99.3646,100.0,100.0,99.68
2e90cb1677d35cfe24eef47d441b7c87,127,16782.16,137,3.0,-10.054404822249257,25.0,6.717959425142515,6.799784133837021,60.0,76.2830630676226,2.2171688459351904,27.379510205738917,Low,seller,99.3646,100.0,100.0,99.68
8e8a7ce9f2f970dc00e2acf6f6e199f6,65,10284.82,66,3.0,-10.416277669270833,900.0,4.11515545021145,3.453858607663249,60.0,76.43835296086384,18.135304150085275,27.37729464611735,Low,seller,99.3646,100.0,100.0,99.68
48162d548f5b1b11b9d29d1e01f75a61,68,22592.170000000002,91,3.0,-12.186877080732417,0.0,9.045422221054263,3.6157582298974638,60.0,77.19816734274386,1.762364980102331,27.373527823212456,Low,seller,99.3646,100.0,100.0,99.68
ea67327e24487bdfac5fbfa37ea124df,32,7180.280000000001,34,3.0,-14.541952954793029,1200.0,2.8714912657401914,1.6729627630868862,60.0,78.20879713734703,23.592950540079592,27.370302695103796,Low,seller,99.3646,100.0,100.0,99.68
aba1721a889e04decc910aa13b768ef4,83,15352.47,92,3.0,-10.944605223429951,400.0,6.145232306826529,4.425256341068538,60.0,76.6650732858538,9.039226833428083,27.35356745353597,Low,seller,99.3646,100.0,100.0,99.68
d94a40fd42351c259927028d163af842,101,17220.94,110,3.0,-13.484762041284403,50.0,6.893732638198974,5.396654074473826,60.0,77.75512655817653,2.67197271176805,27.34774956498143,Low,seller,99.3646,100.0,100.0,99.68
80e6699fe29150b372a0c8a1ebf7dcc8,98,14154.9,100,3.0,-15.554370393990931,200.0,5.665491373420212,5.234754452239612,60.0,78.64325414992093,5.400795906765207,27.34490373825063,Low,seller,99.3646,100.0,100.0,99.68
0adac9fbd9a2b63cccaac4f8756c1ca8,110,18460.22,142,3.0,-10.602651326699835,0.0,7.390182402264357,5.88235294117647,60.0,76.51833117863657,1.762364980102331,27.34162913077914,Low,seller,99.3646,100.0,100.0,99.68
dc317f341ab0e22f39acbd9dbf9b4a1f,55,22570.13,58,3.0,-14.451185344827588,0.0,9.036593100274455,2.914193200215866,60.0,78.16984618378058,1.762364980102331,27.341239655713622,Low,seller,99.3646,100.0,100.0,99.68
cbd996ad3c1b7dc71fd0e5f5df9087e2,165,11284.96,196,3.0,-10.594015468841858,50.0,4.515806850244011,8.850512682137076,60.0,76.51462528731079,2.67197271176805,27.3117612898809,Low,seller,99.3646,100.0,100.0,99.68
8648b1e89e9b349e32d3741b30ec737e,95,8946.050000000001,103,3.0,-11.235267476851853,700.0,3.5788504580887572,5.072854830005396,60.0,76.78980469544877,14.4968732234224,27.310026871587528,Low,seller,99.3646,100.0,100.0,99.68
527801b552d0077ffd170872eb49683b,90,20005.36,92,3.0,-10.679462182971013,25.0,8.009158249891998,4.803022126281705,60.0,76.55129289369282,2.2171688459351904,27.307913825185466,Low,seller,99.3646,100.0,100.0,99.68
6061155addc1e54b4cfb51c1c2a32ad8,28,16513.31,33,3.0,-8.276216329966331,800.0,6.610259374250886,1.457096600107933,60.0,75.51999199610631,16.316088686753837,27.306959630393575,Low,seller,99.3646,93.33333333333333,100.0,97.68
ac3508719a1d8f5b7614b798f70af136,103,15792.230000000001,104,3.0,-17.372371080858088,-33.33333333333333,6.321398103293342,5.5045871559633035,60.0,79.42340976231276,1.1559598256585182,27.301673666891592,Low,seller,99.3646,100.0,100.0,99.68
6b243f80ed07b10f0e8aa0f21a205f3c,79,7807.400000000001,89,3.0,-13.72031510091552,800.0,3.12271260074171,4.209390178089585,60.0,77.85620905105719,16.316088686753837,27.29920155107887,Low,seller,99.3646,100.0,100.0,99.68
40db9e9aa57f7bb151bcda6b0f9bdbb7,12,23823.989999999998,12,3.0,-14.727022569444443,200.0,9.53888354405715,0.5936319481921208,60.0,78.28821575341054,5.400795906765207,27.293385003953276,Low,seller,99.3646,40.0,100.0,81.68
f0b47fbbc6dee9aafe415a6e33051b3f,68,5132.19,86,3.0,-12.011778867102397,1100.0,2.051036003584206,3.6157582298974638,60.0,77.12302773742356,21.773735076748153,27.265078026837976,Low,seller,99.3646,100.0,100.0,99.68
17ca9b9e9b9ef8fdb529001b49ebb50f,116,12120.72,129,3.0,-13.361553638599537,233.33333333333334,4.85060839211936,6.206152185644901,60.0,77.7022543411621,6.00720106120902,27.262778821342252,Low,seller,99.3646,100.0,100.0,99.68
b94cc9f10ddc85e4ba73a6f7974e7101,39,26368.489999999998,39,3.0,-11.940353157644823,-95.65217391304348,10.558198327370336,2.0507285483000537,60.0,77.09237694146681,0.02224584126356368,27.24622276063249,Low,seller,99.3646,100.0,100.0,99.68
933446e9a59dece7ae9175103820ca8f,2,438.84999999999997,3,3.0,-65.32210648148148,0.0,0.170905979958697,0.053966540744738264,60.0,100.0,1.762364980102331,27.240999927184028,Low,seller,99.3646,6.666666666666667,100.0,71.68
94144541854e298c2d976cb893b81343,68,18715.65,76,3.0,-14.38956429702729,100.0,7.49250646400603,3.6157582298974638,60.0,78.14340284598092,3.581580443433769,27.23135996791669,Low,seller,99.3646,100.0,100.0,99.68
8b28d096634035667e8263d57ba3368c,143,11967.15,155,3.0,-9.59185706401766,150.0,4.78908896933555,7.663248785752834,60.0,76.08457071710238,4.491188175099489,27.214343312314178,Low,seller,99.3646,100.0,100.0,99.68
8a32e327fe2c1b3511609d81aaf9f042,132,8792.039999999999,180,3.0,-13.566509012710936,300.0,3.517154773365603,7.069616837560712,60.0,77.79020650012328,7.220011370096646,27.21308275342801,Low,seller,99.3646,100.0,100.0,99.68
6e386f64c84e482f0b9abf960797ee1b,30,13563.66,30,3.0,-8.917231002554278,900.0,5.428643398381467,1.5650296815974094,60.0,75.79506955688917,18.135304150085275,27.202641288455695,Low,seller,99.3646,100.0,100.0,99.68
4c18691b6037662be2df78a765d98ab5,63,4316.51,67,3.0,-10.75469475538972,1200.0,1.7242784156679558,3.3459255261737724,60.0,76.5835773224233,23.592950540079592,27.20059655861528,Low,seller,99.3646,100.0,100.0,99.68
ce27a3cc3c8cc1ea79d11e561e9bebb6,135,13011.87,164,3.0,-12.752555034338975,16.666666666666664,5.207598908586072,7.2315164597949275,60.0,77.44091578255495,2.065567557324237,27.192852910640223,Low,seller,99.3646,100.0,100.0,99.68
2a5b78b41cd05baeac8df54c6606b92c,49,20132.83,60,3.0,-17.953891782407407,0.0,8.060222134910248,2.5903939557474365,60.0,79.67295677421049,1.762364980102331,27.19284514355174,Low,seller,99.3646,100.0,100.0,99.68
48436dade18ac8b2bce089ec2a041202,138,15183.64,151,3.0,-9.391865000629883,-33.33333333333333,6.077599799510056,7.393416082029142,60.0,75.9987484554207,1.1559598256585182,27.187042211239262,Low,seller,99.3646,100.0,100.0,99.68
0bae85eb84b9fb3bd773911e89288d54,137,10406.4,146,3.0,-14.546378751596425,100.0,4.163859828814404,7.339449541284404,60.0,78.21069637217154,3.581580443433769,27.173782834134528,Low,seller,99.3646,100.0,100.0,99.68
d921b68bf747894be13a97ae52b0f386,77,17403.81,77,3.0,-15.349977603415104,50.0,6.96698950376175,4.101457096600107,60.0,78.5555434114971,2.67197271176805,27.16598990817992,Low,seller,99.3646,100.0,100.0,99.68
00fc707aaaad2d31347cf883cd2dfe10,103,14969.99,135,3.0,-14.832353566529493,0.0,5.992012610099617,5.5045871559633035,60.0,78.33341626908049,1.762364980102331,27.09999951039302,Low,seller,99.3646,100.0,100.0,99.68
a2e874074c877c5a05abae80ad6e488f,44,9274.8,46,3.0,-15.205055941358026,800.0,3.7105461684500103,2.3205612520237455,60.0,78.49335341958582,16.316088686753837,27.098916045154194,Low,seller,99.3646,100.0,100.0,99.68
f3b80352b986ab4d1057a4b724be19d0,87,12692.73,92,3.0,-12.260302706552705,350.0,5.079752919218191,4.641122504047491,60.0,77.22967635948456,8.129619101762366,27.081619865876252,Low,seller,99.3646,100.0,100.0,99.68
9de4643a8dbde634fe55621059d92273,72,19282.41,81,3.0,-10.916403463648834,50.0,7.719547865692247,3.831624392876417,60.0,76.65297111156337,2.67197271176805,27.038913395838087,Low,seller,99.3646,100.0,100.0,99.68
7e3f87d16fb353f408d467e74fbd8014,92,6193.7,94,3.0,-9.768162833532458,800.0,2.476271938201923,4.910955207771182,60.0,76.160228518872,16.316088686753837,27.026263529909553,Low,seller,99.3646,100.0,100.0,99.68
7d76b645482be4a332374e8223836592,176,6431.54,187,3.0,-8.594107278384943,200.0,2.57154952832305,9.444144630329196,60.0,75.65640801031844,5.400795906765207,27.0210418083035,Low,seller,99.3646,100.0,100.0,99.68
18a349e75d307f4b4cc646a691ed4216,121,10909.56,148,3.0,-14.099788682725695,116.66666666666667,4.365423368359251,6.475984889368592,60.0,78.01905191835763,3.884783020655676,27.019959322669134,Low,seller,99.3646,100.0,100.0,99.68
f80edd2c5aaa505cc4b0a3b219abf4b8,119,12108.94,128,3.0,-11.440233518518518,144.44444444444443,4.845889379288773,6.368051807879114,60.0,76.8777614321602,4.3901206493588525,27.016456045516325,Low,seller,99.3646,100.0,100.0,99.68
259f7b5e6e482c230e5bfaa670b6bb8f,138,11265.25,165,3.0,-13.04609546467764,0.0,4.507911116552086,7.393416082029142,60.0,77.56688229942533,1.762364980102331,27.011996198396943,Low,seller,99.3646,100.0,100.0,99.68
ff063b022a9a0aab91bad2c9088760b7,94,14061.27,96,3.0,-11.324788652584877,200.0,5.627983633918694,5.0188882892606586,60.0,76.8282207687652,5.400795906765207,27.00742986848207,Low,seller,99.3646,100.0,100.0,99.68
25e6ffe976bd75618accfe16cefcbd0d,108,13396.85,117,3.0,-13.862852053140095,50.0,5.361820093604704,5.774419859686994,60.0,77.91737569640254,2.67197271176805,27.006954618640346,Low,seller,99.3646,100.0,100.0,99.68
8ae520247981aa06bc94abddf5f46d34,65,17766.34,65,3.0,-15.705464921652423,0.0,7.112217323920731,3.453858607663249,60.0,78.70809309338686,1.762364980102331,26.979580311110293,Low,seller,99.3646,100.0,100.0,99.68
33a6f4b1e7cdc205511e76ba1b6e0186,105,12183.91,126,3.0,-12.984994304820694,160.0,4.875922010180889,5.612520237452779,60.0,77.54066206027449,4.673109721432632,26.964316943601897,Low,seller,99.3646,100.0,100.0,99.68
0db783cfcd3b73998abc6e10e59a102f,132,11076.55,137,3.0,-12.419911800486618,50.0,4.432318780293017,7.069616837560712,60.0,77.29816914461979,2.67197271176805,26.959022486347855,Low,seller,99.3646,100.0,100.0,99.68
e8b3a3a38279a82f0e5d006d5e5b7d2c,87,14916.39,92,3.0,-18.05221827342048,-81.25,5.970540701125128,4.641122504047491,60.0,79.71515145783454,0.28425241614553726,26.937140796639145,Low,seller,99.3646,100.0,100.0,99.68
3b15288545f8928d3e65a8f949a28291,104,16513.69,121,3.0,-11.124971653327057,-80.0,6.6104116004712274,5.5585536967080404,60.0,76.74247363206257,0.3069926094371802,26.914832210071477,Low,seller,99.3646,100.0,100.0,99.68
0b09101900100c0e9d312861fad5a1b9,1,168.36,1,3.0,-60.837662037037035,0.0,0.06254895274769931,0.0,60.0,98.07559781078986,1.762364980102331,26.906340855453024,Low,seller,99.3646,3.3333333333333335,100.0,70.68
1127b7f2594683f2510f1c2c834a486b,114,8673.04,132,3.0,-9.96794578269676,400.0,3.469483930679705,6.098219104155424,60.0,76.24596104371462,9.039226833428083,26.90621679514277,Low,seller,99.3646,100.0,100.0,99.68
1d8dbc4f32378d715c717c1c1fc57bae,92,13421.05,98,3.0,-11.292839824360442,200.0,5.3715145002685585,4.910955207771182,60.0,76.81451062122308,5.400795906765207,26.901449335883342,Low,seller,99.3646,100.0,100.0,99.68
431af27f296bc6519d890aa5a05fdb11,117,15250.85,125,3.0,-6.826091136499403,50.0,6.104523810744671,6.260118726389638,60.0,74.897702182617,2.67197271176805,26.898239423390166,Low,seller,99.3646,100.0,100.0,99.68
5343d0649eca2a983820bfe93fc4d17e,71,12393.23,111,3.0,-11.889073337542087,400.0,4.959774621870069,3.7776578521316786,60.0,77.07037131751706,9.039226833428083,26.896825230564307,Low,seller,99.3646,100.0,100.0,99.68
a7f13822ceb966b076af67121f87b063,75,15595.12,86,3.0,-16.174932208994708,0.0,6.242436760420927,3.9935240151106313,60.0,78.90955480993088,1.762364980102331,26.883781751403802,Low,seller,99.3646,100.0,100.0,99.68
f46490624488d3ff7ce78613913a7711,83,7550.67,91,3.0,-8.451821519795658,733.3333333333333,3.0198677650883425,4.425256341068538,60.0,75.59534915928019,15.10327837786621,26.86190462647229,Low,seller,99.3646,100.0,100.0,99.68
4e17c65a516f69d023a2ae78b84f28d6,61,8794.8,74,3.0,-20.09044263013013,400.0,3.518260416439663,3.237992444684296,60.0,80.58981128755161,9.039226833428083,26.857370612578524,Low,seller,99.3646,100.0,100.0,99.68
01cf7e3d21494c41fb86034f2e714fa1,61,11738.18,67,3.0,-14.512121794871796,400.0,4.697364659673448,3.237992444684296,60.0,78.19599574128331,9.039226833428083,26.852029553608414,Low,seller,99.3646,100.0,100.0,99.68
aaed1309374718fdd995ee4c58c9dfcd,105,11708.02,112,3.0,-16.619275108441776,0.0,4.68528270492213,5.612520237452779,60.0,79.10023493966584,1.762364980102331,26.84998660979994,Low,seller,99.3646,100.0,100.0,99.68
96493fab2fbb13a14d0c0e8772eef5c3,63,20181.23,64,3.0,-9.534744827835649,0.0,8.079610948237956,3.3459255261737724,60.0,76.06006223813672,1.762364980102331,26.845610499745572,Low,seller,99.3646,100.0,100.0,99.68
7008613ea464bad5cb9b83456e1e6a8f,127,10860.05,156,3.0,-13.490407529239768,0.0,4.345589894230017,6.799784133837021,60.0,77.75754919703738,1.762364980102331,26.8434918792941,Low,seller,99.3646,100.0,100.0,99.68
c72de06d72748d1a0dfb2125be43ba63,21,18733.18,22,3.0,-18.02678345959596,100.0,7.499528899907575,1.0793308148947653,60.0,79.70423665846252,3.581580443433769,26.833484916808715,Low,seller,99.3646,70.0,100.0,90.68
4a3ccda38b2129705f3fb522db62ca31,66,18494.93,78,3.0,-10.38883085996956,50.0,7.404087065706605,3.507825148407987,60.0,76.42657475721776,2.67197271176805,26.829365891573445,Low,seller,99.3646,100.0,100.0,99.68
adbc26658d6c7b4b6219f9d934598091,88,13692.25,92,3.0,-7.626397569444444,300.0,5.480155950154406,4.695089044792229,60.0,75.24113635170484,7.220011370096646,26.82599063600977,Low,seller,99.3646,100.0,100.0,99.68
7722b1df1b0e383e000397b2c11e3e19,134,9165.3,145,3.0,-11.539419929912551,100.0,3.6666809812726493,7.177549919050189,60.0,76.92032513198774,3.581580443433769,26.79059858828588,Low,seller,99.3646,100.0,100.0,99.68
fd386aa7bed2af3c7035c65506c9b4a3,69,3316.17,76,3.0,-8.9379088998538,1050.0,1.3235468965720578,3.669724770642202,60.0,75.80394302858103,20.864127345082434,26.771499450427566,Low,seller,99.3646,100.0,100.0,99.68
7b0df942f46435babab05d49b744b2c4,32,23272.78,32,3.0,-10.23301685474537,-50.0,9.318071399545435,1.6729627630868862,60.0,76.35971055219132,0.8527572484366117,26.75289441830771,Low,seller,99.3646,100.0,100.0,99.68
b4f8921fcc4ff77b66bea6dda43dcd51,18,12863.41,20,3.0,-16.992469328703702,500.0,5.148126527870538,0.9174311926605505,60.0,79.26038315498431,10.858442296759522,26.748697459449897,Low,seller,99.3646,60.0,100.0,87.68
9d4db00d65d7760644ac0c14edb5fd86,98,11512.81,100,3.0,-11.004761153198654,200.0,4.607082493151422,5.234754452239612,60.0,76.69088789998828,5.400795906765207,26.73452613668009,Low,seller,99.3646,100.0,100.0,99.68
6a8b085f816a1f75f92dbac6eb545f8f,127,8196.96,135,3.0,-9.424456279587858,250.0,3.278768512310774,6.799784133837021,60.0,76.01273429677806,6.310403638430927,26.716527095512287,Low,seller,99.3646,100.0,100.0,99.68
fa5fdc4e4bb6bd1009ad0e4ac4096562,1,194.85000000000002,1,3.0,-57.4155787037037,0.0,0.07316072268677036,0.0,60.0,96.60708487905211,1.762364980102331,26.68924744667408,Low,seller,99.3646,3.3333333333333335,100.0,70.68
440dd6ab244315c632130ecfb63827b1,94,15793.210000000001,95,3.0,-10.678699174718195,-66.66666666666666,6.3217906867036975,5.0188882892606586,60.0,76.55096546522977,0.5495546712147056,26.68885956523221,Low,seller,99.3646,100.0,100.0,99.68
f4aba7c0bca51484c30ab7bdc34bcdd1,110,4557.5,117,3.0,-14.995360104669889,400.0,1.8208178810366509,5.88235294117647,60.0,78.40336699379992,9.039226833428083,26.681261332017908,Low,seller,99.3646,100.0,100.0,99.68
75d34ebb1bd0bd7dde40dd507b8169c3,62,16479.510000000002,72,3.0,-16.223579671089002,-80.0,6.596719252546825,3.291958985429034,60.0,78.93043081446467,0.3069926094371802,26.672269405234722,Low,seller,99.3646,100.0,100.0,99.68
b76dba6c951ab00dc4edf0a1aa88037e,159,4881.88,169,3.0,-16.150682731758707,-31.25,1.950762989863977,8.526713437668645,60.0,78.89914867207851,1.1938601478112563,26.671165571969254,Low,seller,99.3646,100.0,100.0,99.68
7b07b3c7487f0ea825fc6df75abd658b,93,11074.64,98,3.0,-10.35021785783179,250.0,4.431553643238143,4.96492174851592,60.0,76.41000482380316,6.310403638430927,26.66323761751399,Low,seller,99.3646,100.0,100.0,99.68
c8b0e2b0a7095e5d8219575d5e7e1181,84,13657.34,85,3.0,-10.113792619825709,150.0,5.466171167648819,4.479222881813276,60.0,76.30854805446643,4.491188175099489,26.655058096427876,Low,seller,99.3646,100.0,100.0,99.68
1f9ab4708f3056ede07124aad39a2554,78,16043.51,79,3.0,-12.81777867965368,-66.66666666666666,6.422059694470759,4.155423637344846,60.0,77.46890509703678,0.5495546712147056,26.640765049354425,Low,seller,99.3646,100.0,100.0,99.68
f9244d45189d3a3605499abddeade7d5,21,16607.42,21,3.0,-23.549096643518517,-66.66666666666666,6.647959399504414,1.0793308148947653,60.0,82.07401773442389,0.5495546712147056,26.630278650860067,Low,seller,99.3646,70.0,100.0,90.68
a5cba26a62b8b4d0145b68b841e62e7f,54,16120.66,55,3.0,-14.075594350137173,50.0,6.452965623153256,2.860226659471128,60.0,78.00866944463617,2.67197271176805,26.619444039685987,Low,seller,99.3646,100.0,100.0,99.68
1ca7077d890b907f89be8c954a02686a,115,15001.43,137,3.0,-6.155441181831438,-50.0,6.004607326856295,6.152185644900162,60.0,74.60990728250276,0.8527572484366117,26.616190426501003,Low,seller,99.3646,100.0,100.0,99.68
a888faf2d1baececa6baf9c3d603ee1f,54,18887.32,55,3.0,-10.074938485939644,0.0,7.561276662021897,2.860226659471128,60.0,76.29187464458555,1.762364980102331,26.603457358172413,Low,seller,99.3646,100.0,100.0,99.68
8e6d7754bc7e0f22c96d255ebda59eba,85,16212.51,130,3.0,-5.620112959374103,100.0,6.48976030299107,4.5331894225580145,60.0,74.38018277236436,3.581580443433769,26.595410906734855,Low,seller,99.3646,100.0,100.0,99.68
282f23a9769b2690c5dda22e316f9941,99,8386.96,110,3.0,-11.390240188583078,300.0,3.354881622481537,5.2887209929843495,60.0,76.85630787759719,7.220011370096646,26.57909205363979,Low,seller,99.3646,100.0,100.0,99.68
ce7d1888639e6fb06b2749cbfdac1ff7,78,14876.54,84,3.0,-12.110723792989418,0.0,5.954576977755103,4.155423637344846,60.0,77.16548780897692,1.762364980102331,26.576288672019512,Low,seller,99.3646,100.0,100.0,99.68
7d456afc660226829370f3173d14520c,56,9857.87,91,3.0,-11.934945250728257,500.0,3.9441212797514136,2.9681597409606044,60.0,77.09005625536216,10.858442296759522,26.574628987145854,Low,seller,99.3646,100.0,100.0,99.68
b1fc4f64df5a0e8b6913ab38803c57a9,107,10140.99,121,3.0,-9.036462063820018,200.0,4.057537825812183,5.720453318942256,60.0,75.84623498399262,5.400795906765207,26.56438951575463,Low,seller,99.3646,100.0,100.0,99.68
ecccfa2bb93b34a3bf033cc5d1dcdc69,15,1601.35,19,3.0,-13.072398726851851,1300.0,0.6365980356087574,0.7555315704263357,60.0,77.57816977459387,25.41216600341103,26.557804369819394,Low,seller,99.3646,50.0,100.0,84.68
165fc07beebdcb6190fba8a06db2a449,50,19081.43,64,3.0,-10.349753870081019,-20.0,7.639036218944248,2.6443604964921748,60.0,76.40980571351105,1.3985218874360432,26.554124035576578,Low,seller,99.3646,100.0,100.0,99.68
b372ee768ed69e46ca8cdbd267aa7a38,63,13813.84,69,3.0,-18.64191274154589,-66.66666666666666,5.528864334710526,3.3459255261737724,60.0,79.96820606459447,0.5495546712147056,26.54532705876724,Low,seller,99.3646,100.0,100.0,99.68
ce248b21cb2adc36282ede306b7660e5,65,17296.95,66,3.0,-9.8274504985755,0.0,6.924181888220446,3.453858607663249,60.0,76.18567053600823,1.762364980102331,26.544806296793414,Low,seller,99.3646,100.0,100.0,99.68
ff69aa92bb6b1bf9b8b7a51c2ed9cf8b,20,23695.2,20,3.0,-8.430579282407408,-50.0,9.487290873220875,1.0253642741500268,60.0,75.58623351326426,0.8527572484366117,26.52573908233707,Low,seller,99.3646,66.66666666666666,100.0,89.68
6039e27294dc75811c0d8a39069f52c0,64,16047.17,75,3.0,-6.3744486674174174,200.0,6.423525873329838,3.3998920669185106,60.0,74.70388960069988,5.400795906765207,26.52269380951008,Low,seller,99.3646,100.0,100.0,99.68
d50d79cb34e38265a8649c383dcffd48,70,14944.68,70,3.0,-12.653352347883597,0.0,5.981873542634238,3.7236913113869403,60.0,77.39834509863739,1.762364980102331,26.51147315344285,Low,seller,99.3646,100.0,100.0,99.68
d673a59aac7a70d8b01e6902bf090a11,79,5499.5599999999995,84,3.0,-11.411213624338624,600.0,2.1982027050759587,4.209390178089585,60.0,76.86530817321535,12.67765776009096,26.50937035803658,Low,seller,99.3646,100.0,100.0,99.68
056b4ada5bbc2c50cc7842547dda6b51,65,13639.41,66,3.0,-11.716248575498577,150.0,5.4589884936206,3.453858607663249,60.0,76.99620731469653,4.491188175099489,26.49971111471642,Low,seller,99.3646,100.0,100.0,99.68
8e6cc767478edae941d9bd9eb778d77a,106,9115.41,114,3.0,-12.804427833504802,100.0,3.6466952809230744,5.666486778197517,60.0,77.46317587062424,3.581580443433769,26.488264703763313,Low,seller,99.3646,100.0,100.0,99.68
8a432f4e5b471f8da497d7dc517666e2,95,9520.11,106,3.0,-11.72909678546471,190.0,3.8088162055867985,5.072854830005396,60.0,77.00172084567959,5.218874360432064,26.483004132072537,Low,seller,99.3646,100.0,100.0,99.68
a3f0b55de503387383c7b1de3ad7f678,24,5577.74,26,3.0,-13.79231347934473,900.0,2.2295212469346444,1.24123043712898,60.0,77.88710559549769,18.135304150085275,26.475760237695823,Low,seller,99.3646,80.0,100.0,93.68
671585f5a2af58b6e276bc01003c0d2b,27,1692.1100000000001,27,3.0,-13.25428926611797,1150.0,0.6729560665513807,1.4031300593631948,60.0,77.6562241593224,22.683342808413872,26.46943723954596,Low,seller,99.3646,90.0,100.0,96.68
2dee2ce60de9709b1a24083217181a1f,54,9844.56,55,3.0,-16.3840101010101,300.0,3.9387893560862928,2.860226659471128,60.0,78.99927605814665,7.220011370096646,26.46858601742533,Low,seller,99.3646,100.0,100.0,99.68
b1a81260566c1bac3114a6d124413f27,51,10250.2,54,3.0,-16.079770876200275,300.0,4.101286840347704,2.698327037236913,60.0,78.86871838539123,7.220011370096646,26.457276706231887,Low,seller,99.3646,100.0,100.0,99.68
23d7c96d4a1160db1c726b248601b25a,53,13146.52,55,3.0,-10.246397346866097,300.0,5.261539067978141,2.8062601187263896,60.0,76.36545250053048,7.220011370096646,26.456845762164278,Low,seller,99.3646,100.0,100.0,99.68
6c7d50c24b3ccd2fd83b44d8bb34e073,114,11470.19,128,3.0,-11.19440467004703,-83.33333333333334,4.5900091207541704,6.098219104155424,60.0,76.77226930709762,0.24635209399279878,26.442033117729025,Low,seller,99.3646,100.0,100.0,99.68
d05ae8f7a5bd1d2a690a44cd079e4e27,78,14595.43,81,3.0,-10.51797728587963,0.0,5.841965628280875,4.155423637344846,60.0,76.48199514826706,1.762364980102331,26.439981368070768,Low,seller,99.3646,100.0,100.0,99.68
c66dccfb3f109511246da627dd5a2498,45,13682.25,45,3.0,-14.312937973484848,166.66666666666669,5.476149996987523,2.3745277927684834,60.0,78.11052031914777,4.794390752321395,26.432494070392682,Low,seller,99.3646,100.0,100.0,99.68
066a6914e1ebf3ea95a216c73a986b91,68,11115.95,74,3.0,-16.154132105195472,100.0,4.448102235770534,3.6157582298974638,60.0,78.90062889596696,3.581580443433769,26.431622606943947,Low,seller,99.3646,100.0,100.0,99.68
701938c450705b8ae65fc923b70f35c7,75,15792.119999999999,112,3.0,-11.052540457123792,-83.33333333333334,6.321354037808506,3.9935240151106313,60.0,76.71139135325024,0.24635209399279878,26.426131127507023,Low,seller,99.3646,100.0,100.0,99.68
0df3984f9dfb3d49ac6366acbd3bbb85,87,11520.210000000001,89,3.0,-14.12567629419192,0.0,4.6100468984949154,4.641122504047491,60.0,78.03016102602888,1.762364980102331,26.424055347474912,Low,seller,99.3646,100.0,100.0,99.68
b494891378bd8f4560abe576c52deacd,20,3270.82,22,3.0,-6.782998787477954,1300.0,1.305379898960247,1.0253642741500268,60.0,74.87921003452097,25.41216600341103,26.421053143744828,Low,seller,99.3646,66.66666666666666,100.0,89.68
ca3bd7cd9f149df75950150d010fe4a2,71,13171.369999999999,138,3.0,-16.19646570644719,-66.66666666666666,5.271493861597843,3.7776578521316786,60.0,78.91879544389396,0.5495546712147056,26.418637405217837,Low,seller,99.3646,100.0,100.0,99.68
ffff564a4f9085cd26170f4732393726,20,1770.8600000000001,20,3.0,-47.54904658564815,-50.0,0.7045029477405784,1.0253642741500268,60.0,92.37307635400049,0.8527572484366117,26.408929130803415,Low,seller,99.3646,66.66666666666666,100.0,89.68
9616352088dcf83a7c06637f4ebf1c80,92,7490.57,98,3.0,-14.647113044100802,200.0,2.9957919865553797,4.910955207771182,60.0,78.25392431164666,5.400795906765207,26.40464463533293,Low,seller,99.3646,100.0,100.0,99.68
b8bc237ba3788b23da09c0f1f3a3288c,45,15621.16,47,3.0,-13.550575748620961,50.0,6.252868262467487,2.3745277927684834,60.0,77.78336908499284,2.67197271176805,26.404195060858097,Low,seller,99.3646,100.0,100.0,99.68
70c27847eca8195c983ed7e798c56743,77,13529.18,98,3.0,-11.184921225434618,31.25,5.4148308718620575,4.101457096600107,60.0,76.768199692277,2.3308698123934053,26.398130470789532,Low,seller,99.3646,100.0,100.0,99.68
cac4c8e7b1ca6252d8f20b2fc1a2e4af,75,5722.54,83,3.0,-4.3272714826106595,800.0,2.2875274487910993,3.9935240151106313,60.0,73.82538785874526,16.316088686753837,26.39005628590216,Low,seller,99.3646,100.0,100.0,99.68
febab0275244b9a49a623f0bd613ca2f,109,10289.17,129,3.0,-11.070270153586126,0.0,4.116898039839044,5.828386400431732,60.0,76.71899966841809,1.762364980102331,26.376252460332594,Low,seller,99.3646,100.0,100.0,99.68
080199a181c46c657dc5aa235411be3b,79,15544.880000000001,83,3.0,-8.926005271084337,-50.0,6.22231085171051,4.209390178089585,60.0,75.79883484415656,0.8527572484366117,26.374141751502695,Low,seller,99.3646,100.0,100.0,99.68
abe42c5d03695b4257b5c6cbf4e6784e,50,18158.23,50,3.0,-8.628012566137565,0.0,7.26920662257768,2.6443604964921748,60.0,75.67095773008535,1.762364980102331,26.368732268419382,Low,seller,99.3646,100.0,100.0,99.68
7202e2ba20579a9bd1acb29e61fe71f6,53,13916.16,55,3.0,-11.439011617749825,150.0,5.569853247514065,2.8062601187263896,60.0,76.87723707991469,4.491188175099489,26.353225383432967,Low,seller,99.3646,100.0,100.0,99.68
e24fc9fcd865784fb25705606fe3dfe7,52,13966.710000000001,56,3.0,-12.762585648148148,100.0,5.5901033407726555,2.7522935779816518,60.0,77.44522020318333,3.581580443433769,26.340045471548084,Low,seller,99.3646,100.0,100.0,99.68
c60b801f2d52c7f7f91de00870882a75,41,13652.89,41,3.0,-9.96324252136752,300.0,5.464388518489557,2.1586616297895307,60.0,76.24394274099942,7.220011370096646,26.337574511153825,Low,seller,99.3646,100.0,100.0,99.68
c6bda72e4dbf5c5866b13cb1810c6d03,59,15196.12,59,3.0,-11.559546257062147,0.0,6.082599229062325,3.130059363194819,60.0,76.92896190929811,1.762364980102331,26.322875393922352,Low,seller,99.3646,100.0,100.0,99.68
81a1104df0f08b59c68aa5b03cfe398e,73,11235.27,73,3.0,-13.038743730709875,100.0,4.495901268957772,3.8855909336211547,60.0,77.56372746204974,3.581580443433769,26.312885277743458,Low,seller,99.3646,100.0,100.0,99.68
aac29b1b99776be73c3049939652091d,98,9465.52,138,3.0,-11.042809407690132,100.0,3.786947707248788,5.234754452239612,60.0,76.7072154841843,3.581580443433769,26.30901329220556,Low,seller,99.3646,100.0,100.0,99.68
b37c4c02bda3161a7546a4e6d222d5b2,4,24487.6,15,3.0,-5.470560185185184,0.0,9.804722602164622,0.16189962223421478,60.0,74.316005439003,1.762364980102331,26.305529000068624,Low,seller,99.3646,13.333333333333334,100.0,73.68
5f2684dab12e59f83bef73ae57724e45,68,10123.06,74,3.0,-10.349592846270928,300.0,4.050355151783963,3.6157582298974638,60.0,76.40973661363111,7.220011370096646,26.302507732063887,Low,seller,99.3646,100.0,100.0,99.68
0b35c634521043bf4b47e21547b99ab5,51,15008.74,78,3.0,-14.14918244949495,-33.33333333333333,6.007535678621285,2.698327037236913,60.0,78.0402481833759,1.1559598256585182,26.29847567296785,Low,seller,99.3646,100.0,100.0,99.68
3db66a856d18a9cba7c9241fc5221c50,94,11522.66,97,3.0,-11.204436449980909,-25.0,4.6110283570208015,5.0188882892606586,60.0,76.77657422814315,1.3075611142694712,26.285272825069825,Low,seller,99.3646,100.0,100.0,99.68
14a08204d03bb6b6bde8029f801ae0eb,28,2779.1,38,3.0,-15.0787777168616,900.0,1.1083991698383133,1.457096600107933,60.0,78.43916385504086,18.135304150085275,26.276198894243137,Low,seller,99.3646,93.33333333333333,100.0,97.68
b410bdd36d5db7a65dcd42b7ead933b8,44,8733.61,44,3.0,-14.678761574074073,400.0,3.493747989011511,2.3205612520237455,60.0,78.2675055926995,9.039226833428083,26.272313231957124,Low,seller,99.3646,100.0,100.0,99.68
643214e62b870443ccbe55ab29a4dccf,66,4199.78,68,3.0,-10.008044858305276,700.0,1.6775169243509394,3.507825148407987,60.0,76.26316869336716,14.4968732234224,26.26937399075459,Low,seller,99.3646,100.0,100.0,99.68
58e4b302b54937e55a678c4d15111da4,3,328.85,3,3.0,-47.37630787037037,100.0,0.12684049512299236,0.10793308148947653,60.0,92.29894927628548,3.581580443433769,26.268035854695466,Low,seller,99.3646,10.0,100.0,72.68
8c16d1f32a54d92897cc437244442e1b,108,7754.67,118,3.0,-14.202427514908978,0.0,3.10158920969274,5.774419859686994,60.0,78.06309714977893,1.762364980102331,26.25978279830664,Low,seller,99.3646,100.0,100.0,99.68
6860153b69cc696d5dcfe1cdaaafcf62,74,5318.23,84,3.0,-8.875499338624339,600.0,2.125562756300883,3.939557474365893,60.0,75.77716131732437,12.67765776009096,26.25689816908949,Low,seller,99.3646,100.0,100.0,99.68
7ea5bfa6c340f58f8e71fc1f0412b0d6,98,12663.88,104,3.0,-9.49711079339143,-85.71428571428571,5.068195744331736,5.234754452239612,60.0,76.04391240750095,0.20303744010395527,26.256037941494963,Low,seller,99.3646,100.0,100.0,99.68
0691148aee60ca47977c187804f935ae,47,7359.45,53,3.0,-12.070575428022362,550.0,2.94326592863122,2.48246087425796,60.0,77.14825900786389,11.768050028425241,26.252638851175963,Low,seller,99.3646,100.0,100.0,99.68
db4350fd57ae30082dec7acbaacc17f9,137,5421.639999999999,146,3.0,-14.873701149425287,-88.88888888888889,2.1669883179996123,7.339449541284404,60.0,78.35115968858963,0.14528456825216352,26.25216129083465,Low,seller,99.3646,100.0,100.0,99.68
5058e8c1e82653974541e83690655b4a,63,13077.93,78,3.0,-15.683485299422799,-75.0,5.234062235206496,3.3459255261737724,60.0,78.69866101463982,0.3979533826037522,26.251294542561745,Low,seller,99.3646,100.0,100.0,99.68
dbb9b48c841a0e39e21f98e1a6b2ec3e,108,8768.26,118,3.0,-11.162447328154425,25.0,3.507628616734757,5.774419859686994,60.0,76.75855550609921,2.2171688459351904,26.231393760450576,Low,seller,99.3646,100.0,100.0,99.68
f27e33c6d29b5138fa9967bcd445b6d5,93,10482.25,98,3.0,-9.982946074263038,60.0,4.1942449835852065,4.96492174851592,60.0,76.25239809389699,2.8538942581011937,26.22275307209921,Low,seller,99.3646,100.0,100.0,99.68
b2ac621f0d0322434d04a12b078b9369,30,10356.89,30,3.0,-10.948530092592593,500.0,4.14402635468517,1.5650296815974094,60.0,76.66675755843261,10.858442296759522,26.220323190245747,Low,seller,99.3646,100.0,100.0,99.68
b39d7fe263ef469605dbb32608aee0af,44,6255.77,49,3.0,-15.621320167824074,500.0,2.501136889508761,2.3205612520237455,60.0,78.67198419506425,10.858442296759522,26.217123238794155,Low,seller,99.3646,100.0,100.0,99.68
c864036feaab8c1659f65ea4faebe1da,58,12299.77,58,3.0,-12.6506561302682,100.0,4.922334983572387,3.076092822450081,60.0,77.39718807525446,3.581580443433769,26.21345995631578,Low,seller,99.3646,100.0,100.0,99.68
e06f09ec0a4aca210779cf1cfc63cf19,29,5901.41,31,3.0,-16.415400238948628,600.0,2.3591819330871218,1.5110631408526713,60.0,79.0127464558552,12.67765776009096,26.20519810952668,Low,seller,99.3646,96.66666666666667,100.0,98.68
d566c37fa119d5e66c4e9052e83ee4ea,65,6124.92,73,3.0,-9.760767535514967,550.0,2.448718992320107,3.453858607663249,60.0,76.15705498692819,11.768050028425241,26.198443600493597,Low,seller,99.3646,100.0,100.0,99.68
715bbd5ba4e6b74cb0d2f29eb45058b0,62,5315.88,64,3.0,-12.850242513020833,500.0,2.124621357306666,3.291958985429034,60.0,77.48283624787962,10.858442296759522,26.168645820407153,Low,seller,99.3646,100.0,100.0,99.68
8b9d6eec4a7eb7d0f9d579ce0b38324d,49,5916.98,53,3.0,-10.070389512108262,650.0,2.365419202167957,2.5903939557474365,60.0,76.2899225510078,13.58726549175668,26.159439181414083,Low,seller,99.3646,100.0,100.0,99.68
bd23da7354813347129d751591d1a6e2,89,12011.130000000001,90,3.0,-9.49810371434653,-33.33333333333333,4.806707151363499,4.749055585536967,60.0,76.04433849801973,1.1559598256585182,26.151522799062104,Low,seller,99.3646,100.0,100.0,99.68
4e7c18b98d84e05cbae3ff0ff03846c2,82,12053.88,89,3.0,-12.490110611321548,-90.9090909090909,4.82383260115192,4.371289800323799,60.0,77.32829344361028,0.10853274071011426,26.15006952103908,Low,seller,99.3646,100.0,100.0,99.68
02f623a8eb246f3c5f7c2f96462654e6,44,7207.63,44,3.0,-9.968340961700337,600.0,2.882447547651614,2.3205612520237455,60.0,76.24613062622345,12.67765776009096,26.149559947244033,Low,seller,99.3646,100.0,100.0,99.68
beadbee30901a7f61d031b6b686095ad,64,5311.52,68,3.0,-8.95182342728758,600.0,2.1228747617259054,3.3998920669185106,60.0,75.80991414660627,12.67765776009096,26.126088343247435,Low,seller,99.3646,100.0,100.0,99.68
fbc14c0cf93505ef89f64665ffa4a7b5,18,12758.93,18,3.0,-13.119290766460905,300.0,5.106272329182953,0.9174311926605505,60.0,77.59829247759492,7.220011370096646,26.122984505568922,Low,seller,99.3646,60.0,100.0,87.68
432c67955c0acd1fd6b0b5d678766a71,3,1288.4099999999999,3,3.0,-47.54,-50.0,0.5112357372043446,0.10793308148947653,60.0,92.36919420774093,0.8527572484366117,26.121008847538477,Low,seller,99.3646,10.0,100.0,72.68
05f51e13da97139648b8125c31e5f51b,60,15788.3,63,3.0,-9.171407600308642,-75.0,6.319823763698758,3.184025903939557,60.0,75.90414393772367,0.3979533826037522,26.117370534013443,Low,seller,99.3646,100.0,100.0,99.68
1f1bb1f0859883505541bdd6606193e5,27,16562.87,29,3.0,-9.676177761813538,100.0,6.630112878145954,1.4031300593631948,60.0,76.12075511796728,3.581580443433769,26.116087690323052,Low,seller,99.3646,90.0,100.0,96.68
ad781527c93d00d89a11eecd9dcad7c1,44,9279.26,44,3.0,-8.314369822124757,500.0,3.71233282356244,2.3205612520237455,60.0,75.5363647407674,10.858442296759522,26.11013910086573,Low,seller,99.3646,100.0,100.0,99.68
240b9776d844d37535668549a396af32,36,14452.65,36,3.0,-10.563041997354496,127.27272727272727,5.78476862896413,1.8888289260658393,60.0,76.50133369298375,4.077730115251434,26.090610885678405,Low,seller,99.3646,100.0,100.0,99.68
f7ccf836d21b2fb1de37564105216cc1,70,3910.44,74,3.0,-8.329059487569761,650.0,1.5616086754203686,3.7236913113869403,60.0,75.54266849247874,13.58726549175668,26.089532253520325,Low,seller,99.3646,100.0,100.0,99.68
99eaacc9e6046db1c82b163c5f84869f,66,14274.52,70,3.0,-8.136257082642343,0.0,5.713410585202458,3.507825148407987,60.0,75.4599315169796,1.762364980102331,26.086205688219906,Low,seller,99.3646,100.0,100.0,99.68
4371b634e0efc0e22b09b52907d9d469,102,9678.79,112,3.0,-10.076026651651652,-33.33333333333333,3.872382670438886,5.450620615218565,60.0,76.29234160732851,1.1559598256585182,26.08381717860144,Low,seller,99.3646,100.0,100.0,99.68
bd0389da23d89b726abf911cccc54596,87,9128.47,90,3.0,-11.809759645061728,50.0,3.6519270557590224,4.641122504047491,60.0,77.03633556451923,2.67197271176805,26.078506348594267,Low,seller,99.3646,100.0,100.0,99.68
939f6e231201f26803cb5c3a3d2940b3,3,225.62,4,3.0,-47.37595196759259,0.0,0.08548704058126701,0.10793308148947653,60.0,92.29879654831814,1.762364980102331,26.073685362804703,Low,seller,99.3646,10.0,100.0,72.68
2b1a40c1daabc6ca280c4b815c101841,23,14634.880000000001,35,3.0,-13.328769290123457,100.0,5.857769113524227,1.1872638963842417,60.0,77.6881856482034,3.581580443433769,26.065532599727213,Low,seller,99.3646,76.66666666666667,100.0,92.68
f789d2c4f2c2eb38fc4373e7a4b35264,44,5733.24,49,3.0,-14.189874338624337,500.0,2.291813818679663,2.3205612520237455,60.0,78.05771022610912,10.858442296759522,26.062185222202157,Low,seller,99.3646,100.0,100.0,99.68
cb8bcce248bb1fb274ba762d8b971456,68,10635.02,69,3.0,-11.305331156716418,100.0,4.255443930115667,3.6157582298974638,60.0,76.81987100591058,3.581580443433769,26.06171143173903,Low,seller,99.3646,100.0,100.0,99.68
d1b65fc7debc3361ea86b5f14c68d2e2,40,13141.8,41,3.0,-15.318899305555556,0.0,5.259648258083372,2.1046950890447924,60.0,78.54220683320322,1.762364980102331,26.061635772676926,Low,seller,99.3646,100.0,100.0,99.68
98dac6635aee4995d501a3972e047414,91,6675.37,195,3.0,-11.007073464912281,200.0,2.66922668439114,4.856988667026443,60.0,76.6918801784698,5.400795906765207,26.058876789520944,Low,seller,99.3646,100.0,100.0,99.68
d12c926d74ceff0a90a21184466ce161,78,5192.82,99,3.0,-13.64007552978236,300.0,2.075324097635013,4.155423637344846,60.0,77.82177597729233,7.220011370096646,26.056720672230227,Low,seller,99.3646,100.0,100.0,99.68
c847e075301870dd144a116762eaff9a,42,16460.780000000002,43,3.0,-10.006592261904762,-50.0,6.589216102265255,2.212628170534269,60.0,76.2625453430887,0.8527572484366117,26.05457939962011,Low,seller,99.3646,100.0,100.0,99.68
72c5da29406b4234927b81855e7b64f6,31,12652.470000000001,31,3.0,-15.886599089008364,66.66666666666666,5.0636249517683245,1.618996222342148,60.0,78.78582289749501,2.9751752889899565,26.039227504639282,Low,seller,99.3646,100.0,100.0,99.68
87b740daf17b5d1be335a64164ec6842,13,16182.38,13,3.0,-12.040315656565657,100.0,6.477690366099252,0.6475984889368591,60.0,77.13527368244449,3.581580443433769,26.03365582877404,Low,seller,99.3646,43.333333333333336,100.0,82.68
821fb029fc6e495ca4f08a35d51e53a5,28,20740.25,29,3.0,-4.151815277777778,-33.33333333333333,8.303551742173006,1.457096600107933,60.0,73.75009462925522,1.1559598256585182,26.03344984963302,Low,seller,99.3646,93.33333333333333,100.0,97.68
516e7738bd8f735ac19a010ee5450d8d,76,8109.32,84,3.0,-17.86966604561879,-41.17647058823529,3.2436603387562184,4.0474905558553695,60.0,79.63681312380479,1.0132762599070329,26.03182033515213,Low,seller,99.3646,100.0,100.0,99.68
4bde6149c15cf7e177b36fa060dd6de8,2,192.46,2,3.0,-46.8990625,0.0,0.0722032998798855,0.053966540744738264,60.0,92.09414976390242,1.762364980102331,26.025511587745747,Low,seller,99.3646,6.666666666666667,100.0,71.68
9d5a9018aee56acb367ba9c3f05d1d6a,67,11982.210000000001,79,3.0,-13.49931950379867,-83.33333333333334,4.795121934804875,3.5617916891527255,60.0,77.76137357786399,0.24635209399279878,26.01782574880852,Low,seller,99.3646,100.0,100.0,99.68
624f4ece8da4aafb77699233d480f8ef,53,10927.37,55,3.0,-10.282236796982168,200.0,4.372557970949469,2.8062601187263896,60.0,76.38083222417694,5.400795906765207,26.0105368452695,Low,seller,99.3646,100.0,100.0,99.68
fc906263ca5083d09dce42fe02247800,114,6383.28,119,3.0,-14.130233064260842,-88.88888888888889,2.552216798339676,6.098219104155424,60.0,78.03211646519308,0.14528456825216352,26.00956574214494,Low,seller,99.3646,100.0,100.0,99.68
08633c14ef2db992c11f840f04fad4cd,74,9068.82,97,3.0,-11.130520236731577,133.33333333333331,3.62803154511857,3.939557474365893,60.0,76.74485468643462,4.1879855978775815,26.00382559488,Low,seller,99.3646,100.0,100.0,99.68
e9d99831abad74458942f21e16f33f92,130,6916.06,149,3.0,-9.037915734526473,-66.66666666666666,2.7656459711648287,6.961683756071235,60.0,75.8468587952862,0.5495546712147056,26.002099016781656,Low,seller,99.3646,100.0,100.0,99.68
725c32fa80c2faacc4fc88450d27314e,89,9166.66,93,3.0,-11.53614633114297,0.0,3.667225790903346,4.749055585536967,60.0,76.91892033798999,1.762364980102331,26.001506182363975,Low,seller,99.3646,100.0,100.0,99.68
a6bd7d1ccdac48c6b33b28596b7eb122,16,15046.63,16,3.0,-15.618875,0.0,6.022714235170603,0.809498111171074,60.0,78.67093490426092,1.762364980102331,25.98606553199332,Low,seller,99.3646,53.333333333333336,100.0,85.68
6973a06f484aacf400ece213dbf3d946,95,12374.619999999999,115,3.0,-6.747360468106995,-96.875,4.9523195430265,5.072854830005396,60.0,74.86391662177678,0.0,25.983497063675813,Low,seller,99.3646,100.0,100.0,99.68
5bba18b40e8c973b0f32e748004775b0,1,784.8000000000001,1,3.0,-45.34583333333333,0.0,0.30949192976698814,0.0,60.0,91.42761511380071,1.762364980102331,25.983226344010436,Low,seller,99.3646,3.3333333333333335,100.0,70.68
2c9e548be18521d1c43cde1c582c6de8,126,8603.05,174,3.0,-6.248685699588478,-62.5,3.4414462644646955,6.7458175930922835,60.0,74.64992114739205,0.625355315520182,25.978911981273303,Low,seller,99.3646,100.0,100.0,99.68
ae9690c6e8fee182c28c9ff8e11ca52c,1,59.81,1,3.0,-46.539467592592594,0.0,0.019064331121192584,0.0,60.0,91.93983739910082,1.762364980102331,25.972931407211714,Low,seller,99.3646,3.3333333333333335,100.0,70.68
3c7c4a49ec3c6550809089c6a2ca9370,141,5858.3,160,3.0,-8.682358180965776,-84.61538461538461,2.3419122689846925,7.555315704263357,60.0,75.69427897342888,0.2230288188218831,25.967847334657765,Low,seller,99.3646,100.0,100.0,99.68
3d8fa2f5b647373c8620330c4e077a9f,43,4390.549999999999,48,3.0,-12.559986702127661,600.0,1.7539384929155515,2.2665947112790072,60.0,77.35827925429132,12.67765776009096,25.96433788984721,Low,seller,99.3646,100.0,100.0,99.68
e067ad2c1c0b48758eb1b5228bcf7a68,54,6047.91,61,3.0,-9.879041628718884,500.0,2.4178691469819467,2.860226659471128,60.0,76.20780975191818,10.858442296759522,25.957433101426044,Low,seller,99.3646,100.0,100.0,99.68
f84a00e60c73a49e7e851c9bdca3a5bb,90,7951.76,99,3.0,-10.079358414471173,100.0,3.180542540658822,4.803022126281705,60.0,76.29377136116831,3.581580443433769,25.957142042286698,Low,seller,99.3646,100.0,100.0,99.68
c4d51195486dc781531876a7d00453d8,17,12038.35,17,3.0,-12.069052968409586,300.0,4.817611355883752,0.8634646519158122,60.0,77.14760567730129,7.220011370096646,25.955291558348932,Low,seller,99.3646,56.666666666666664,100.0,86.68
32b8764b4ef628b53608fc34011fcc13,36,11854.42,38,3.0,-14.03214729532164,100.0,4.743929859285287,1.8888289260658393,60.0,77.9900250822324,3.581580443433769,25.952047995980283,Low,seller,99.3646,100.0,100.0,99.68
7dc8c42cc750eeafea6c85712ffee9bf,41,7445.09,50,3.0,-12.699489351851852,400.0,2.9775729115523997,2.1586616297895307,60.0,77.41814379444912,9.039226833428083,25.94958153342328,Low,seller,99.3646,100.0,100.0,99.68
1c40343cc5d18c2d8248ac2f3366de34,21,2839.42,22,3.0,-11.306247895622896,900.0,1.132563079340947,1.0793308148947653,60.0,76.82026440455348,18.135304150085275,25.946171703217527,Low,seller,99.3646,70.0,100.0,90.68
34d1ca11b242c0fee2c834ae8d788566,40,14404.28,41,3.0,-13.355037827461606,-80.0,5.765391833495922,2.1046950890447924,60.0,77.69945822196078,0.3069926094371802,25.94140931654781,Low,seller,99.3646,100.0,100.0,99.68
fffd5413c0700ac820c7069d66d98c89,60,11896.04,61,3.0,-10.632094907407408,33.33333333333333,4.760602636365851,3.184025903939557,60.0,76.53096625347666,2.368770134546143,25.94070921837076,Low,seller,99.3646,100.0,100.0,99.68
05d2173d43ea568aa0540eba70d2ca76,62,7438.93,66,3.0,-10.88754173681257,300.0,2.9751052444016,3.291958985429034,60.0,76.64058572670777,7.220011370096646,25.933610315693564,Low,seller,99.3646,100.0,100.0,99.68
dee656f0f566ed1aa85bd137c943f08f,93,7968.67,95,3.0,-13.459265415681639,-60.0,3.18731660746402,4.96492174851592,60.0,77.74418523361888,0.6708357021034679,25.926136774621366,Low,seller,99.3646,100.0,100.0,99.68
891071be6ba827b591264c90c2ae8a63,92,5454.35,98,3.0,-10.861048739711935,200.0,2.1800917908084845,4.910955207771182,60.0,76.62921683090566,5.400795906765207,25.91622845449771,Low,seller,99.3646,100.0,100.0,99.68
c3acdfac4e3e97ff87529454fbc03642,12,17057.28,12,3.0,-8.749227430555555,100.0,6.828171208669779,0.5936319481921208,60.0,75.72297446333752,3.581580443433769,25.913463563492968,Low,seller,99.3646,40.0,100.0,81.68
594f9aaa48e5bf431f011ddc5669b0d5,37,4136.41,38,3.0,-13.33824896442495,600.0,1.6521311991324066,1.9427954668105774,60.0,77.69225364507676,12.67765776009096,25.902942049212978,Low,seller,99.3646,100.0,100.0,99.68
f5b84683a9bf9e1df748cf40f601b39c,1,92.97,1,3.0,-45.36868055555556,0.0,0.03234807182257409,0.0,60.0,91.43741950429022,1.762364980102331,25.90155384520054,Low,seller,99.3646,3.3333333333333335,100.0,70.68
bac44fa8e13424950488659b5f765c41,1,34.42,1,3.0,-45.343784722222225,0.0,0.008893216030478575,0.0,60.0,91.42673599672035,1.762364980102331,25.89291486232743,Low,seller,99.3646,3.3333333333333335,100.0,70.68
972d0f9cf61b499a4812cf0bfa3ad3c4,83,10240.59,88,3.0,-9.04277199074074,0.0,4.09743711935433,4.425256341068538,60.0,75.84894275244207,1.762364980102331,25.889123131949976,Low,seller,99.3646,100.0,100.0,99.68
058fd0aa2bfdb2274e05e1ae971dabb6,61,8555.8,64,3.0,-11.118731812169313,200.0,3.422518135751177,3.237992444684296,60.0,76.73979593940007,5.400795906765207,25.887302533482956,Low,seller,99.3646,100.0,100.0,99.68
709e16e2b25c7474d980076c6bfc4806,60,6378.86,80,3.0,-12.557945023148148,300.0,2.5504461670399143,3.184025903939557,60.0,77.35740311198506,7.220011370096646,25.886751929904285,Low,seller,99.3646,100.0,100.0,99.68
6dc9bec584588412a6a338830946a3e4,2,667.8299999999999,2,3.0,-43.70199074074074,0.0,0.2626342955739665,0.053966540744738264,60.0,90.72219567487309,1.762364980102331,25.87684777309957,Low,seller,99.3646,6.666666666666667,100.0,71.68
750303a20e9c56b2a6bc45cdce0b897d,54,9394.81,57,3.0,-11.758600777116401,166.66666666666669,3.7586216124057636,2.860226659471128,60.0,77.01438184456771,4.794390752321395,25.874239500506807,Low,seller,99.3646,100.0,100.0,99.68
751bdc4d83a466c7206cd42e8f426b03,54,7703.74,71,3.0,-11.09163262527233,300.0,3.0811868902138086,2.860226659471128,60.0,76.72816691037843,7.220011370096646,25.870638905498353,Low,seller,99.3646,100.0,100.0,99.68
fdb9095204a334cd8872252ffec6f2db,46,9289.369999999999,61,3.0,-11.204435147237401,250.0,3.7163828422141574,2.4284943335132216,60.0,76.776573669099,6.310403638430927,25.86956485025049,Low,seller,99.3646,100.0,100.0,99.68
1bb2bdb95f4841f1bba2c0d2cd83d3c9,81,6149.2699999999995,85,3.0,-12.555553463855423,150.0,2.4584734882814647,4.317323259579061,60.0,77.35637682612166,4.491188175099489,25.8694482028074,Low,seller,99.3646,100.0,100.0,99.68
f7496d659ca9fdaf323c0aae84176632,26,5932.509999999999,27,3.0,-20.151396456552707,300.0,2.3716404474361257,1.3491635186184565,60.0,80.6159683017507,7.220011370096646,25.86317939615772,Low,seller,99.3646,86.66666666666667,100.0,95.68
ed4acab38528488b65a9a9c603ff024a,32,13369.76,40,3.0,-11.91210499762583,50.0,5.35096796647562,1.6729627630868862,60.0,77.08025485551946,2.67197271176805,25.852766580219132,Low,seller,99.3646,100.0,100.0,99.68
0432ead42b6c8a0bdf68154add917fdf,85,8999.62,90,3.0,-12.769929890378885,-85.71428571428571,3.6003103492037454,4.5331894225580145,60.0,77.44837182564225,0.20303744010395527,25.85094997825736,Low,seller,99.3646,100.0,100.0,99.68
5d0363b33554b373851fc1622e4d5f3c,94,8802.97,95,3.0,-8.230838258471238,20.0,3.5215332801770054,5.0188882892606586,60.0,75.5005189797251,2.1262080727686183,25.848880710603893,Low,seller,99.3646,100.0,100.0,99.68
7a241947449cc45dbfda4f9d0798d9d0,62,10018.1,72,3.0,-14.62498789983165,-50.0,4.008308667344367,3.291958985429034,60.0,78.24442978526872,0.8527572484366117,25.84742253919454,Low,seller,99.3646,100.0,100.0,99.68
e333046ce6517bd8bb510291d44f0130,68,8699.32,74,3.0,-12.86969797922923,50.0,3.480011575602271,3.6157582298974638,60.0,77.49118513974959,2.67197271176805,25.838818072294288,Low,seller,99.3646,100.0,100.0,99.68
b1b3948701c5c72445495bd161b83a4c,18,25185.49,18,3.0,4.737371858465608,-54.54545454545454,10.08429406772817,0.9174311926605505,60.0,69.9354925314463,0.770065636467001,25.821976461847235,Low,seller,99.3646,60.0,100.0,87.68
ebd2d60905fb58271facef5596b620d3,84,9675.02,88,3.0,-10.583083197167756,-62.5,3.870872426094971,4.479222881813276,60.0,76.50993393974181,0.625355315520182,25.8200930707951,Low,seller,99.3646,100.0,100.0,99.68
827f8f69dfa529c561901c4f2e0f332f,91,5003.96,104,3.0,-10.347803040420228,200.0,1.9996676661252752,4.856988667026443,60.0,76.4089685572219,5.400795906765207,25.815572340853997,Low,seller,99.3646,100.0,100.0,99.68
d9a84e1403de8da0c3aa531d6d108ba6,54,2157.34,59,3.0,-9.237661637931033,700.0,0.8593250257342432,2.860226659471128,60.0,75.93257542274353,14.4968732234224,25.81242780834182,Low,seller,99.3646,100.0,100.0,99.68
34056b8b55c1775a22af2331670a799c,78,8229.89,78,3.0,-10.19920695045695,80.0,3.291960116089318,4.155423637344846,60.0,76.34520176417183,3.2177373507674814,25.799997943865527,Low,seller,99.3646,100.0,100.0,99.68
42b729f859728f5079499127a9c2ef37,104,5434.07,132,3.0,-6.545171225614928,200.0,2.1719677177860475,5.5585536967080404,60.0,74.7771514882788,5.400795906765207,25.797881053431162,Low,seller,99.3646,100.0,100.0,99.68
c9a06ece156bb057372c68718ec8909b,14,5229.62,14,3.0,-32.37888573232323,-33.33333333333333,2.0900660052891396,0.7015650296815974,60.0,85.86313044688266,1.1559598256585182,25.797476608605397,Low,seller,99.3646,46.666666666666664,100.0,83.68
a49928bcdf77c55c6d6e05e09a9b4ca5,98,10574.25,106,3.0,-3.812902532941595,0.0,4.231099752720523,5.234754452239612,60.0,73.60465756649442,1.762364980102331,25.794953671860455,Low,seller,99.3646,100.0,100.0,99.68
903037660cf848a717166eb7a06d616e,45,9083.28,60,3.0,-16.28609404425612,50.0,3.633824153397882,2.3745277927684834,60.0,78.95725750349388,2.67197271176805,25.79456509091237,Low,seller,99.3646,100.0,100.0,99.68
f84fa566034f5e8e880a07ec624c56af,91,6326.7,102,3.0,-7.538171064814815,200.0,2.5295511153214565,4.856988667026443,60.0,75.20327585844666,5.400795906765207,25.793683470796566,Low,seller,99.3646,100.0,100.0,99.68
ea566164622c6b439516ab18062c42cd,50,11167.98,52,3.0,-7.092309918091169,200.0,4.468945210097822,2.6443604964921748,60.0,75.01194420578193,5.400795906765207,25.7936449086962,Low,seller,99.3646,100.0,100.0,99.68
dfa0c4c6229ab200a4a1336b4d7128ff,77,6544.21,86,3.0,-14.756543927648577,31.25,2.6166846026543125,4.101457096600107,60.0,78.30088420477844,2.3308698123934053,25.788589266902427,Low,seller,99.3646,100.0,100.0,99.68
6fd52c528dcb38be2eea044946b811f8,67,8881.58,84,3.0,-10.485213293650794,100.0,3.5530240780218665,3.5617916891527255,60.0,76.46793519075092,3.581580443433769,25.784703468650754,Low,seller,99.3646,100.0,100.0,99.68
fedaedd3ca31d56ab33e92035e4b361c,1,50.86,1,3.0,-43.54137731481482,0.0,0.015479003036832976,0.0,60.0,90.65327190241979,1.762364980102331,25.778870984284254,Low,seller,99.3646,3.3333333333333335,100.0,70.68
31344c16881c08a8a72c6d2eb29918c1,43,11912.619999999999,43,3.0,-9.637132109788359,100.0,4.767244506716541,2.2665947112790072,60.0,76.10399952222576,3.581580443433769,25.770580002511956,Low,seller,99.3646,100.0,100.0,99.68
abe021b01ba992245271b9aa422032df,2,6837.24,2,3.0,-30.367980324074075,0.0,2.7340710483034623,0.053966540744738264,60.0,85.00019395210163,1.762364980102331,25.7599785405027,Low,seller,99.3646,6.666666666666667,100.0,71.68
3078096983cf766a32a06257648502d1,59,9700.9,64,3.0,-11.645829728293869,50.0,3.881239832890863,3.130059363194819,60.0,76.96598859186449,2.67197271176805,25.75898235062244,Low,seller,99.3646,100.0,100.0,99.68
fde0cc9ea29c8ccfc0a2c22256a58c71,35,4921.27,35,3.0,-15.685280753968254,400.0,1.9665424393883264,1.834862385321101,60.0,78.69943149506403,9.039226833428083,25.757515735749188,Low,seller,99.3646,100.0,100.0,99.68
b561927807645834b59ef0d16ba55a24,85,5807.03,95,3.0,-8.056851242690058,240.0,2.321373747098087,4.5331894225580145,60.0,75.42585622089034,6.128482092097783,25.756436122112262,Low,seller,99.3646,100.0,100.0,99.68
57e632711dec9ec14ca7546769483e7e,62,7558.04,65,3.0,-16.17455146011396,0.0,3.022820152572334,3.291958985429034,60.0,78.90939141979666,1.762364980102331,25.742481003108693,Low,seller,99.3646,100.0,100.0,99.68
3be634553519fb6536a03e1358e9fdc7,83,7226.65,99,3.0,-10.129313840155945,80.0,2.8900668705750236,4.425256341068538,60.0,76.31520864994324,3.2177373507674814,25.742389179007873,Low,seller,99.3646,100.0,100.0,99.68
381c83fdca332ea6afd896da20bf6e4a,46,8355.01,46,3.0,-15.096489784621578,100.0,3.342082602113349,2.4284943335132216,60.0,78.446764605233,3.581580443433769,25.734921099140635,Low,seller,99.3646,100.0,100.0,99.68
bd4889b5e9133b35b66e42a8665cea5c,36,7256.54,42,3.0,-13.529380787037036,300.0,2.9020406645908348,1.8888289260658393,60.0,77.77427372636423,7.220011370096646,25.73096162685801,Low,seller,99.3646,100.0,100.0,99.68
8b8cfc8305aa441e4239358c9f6f2485,15,13110.7,15,3.0,-15.415018518518517,0.0,5.247189743734369,0.7555315704263357,60.0,78.58345431126715,1.762364980102331,25.7267944604272,Low,seller,99.3646,50.0,100.0,84.68
9674754b5a0cb32b638cec001178f799,86,6284.83,97,3.0,-10.404126218323587,100.0,2.5127781894117205,4.587155963302752,60.0,76.43313842892022,3.581580443433769,25.723751256330615,Low,seller,99.3646,100.0,100.0,99.68
455c5640e8c5bd1b2ee85c0158f85727,8,7186.89,8,3.0,-22.132955729166667,200.0,2.8741392007835,0.37776578521316784,60.0,81.46631153813354,5.400795906765207,25.716709527934892,Low,seller,99.3646,26.666666666666668,100.0,77.68
2ff97219cb8622eaf3cd89b7d9c09824,89,5866.03,96,3.0,-8.65238684495666,160.0,2.345008870782692,4.749055585536967,60.0,75.6814174238336,4.673109721432632,25.71029014333735,Low,seller,99.3646,100.0,100.0,99.68
54965bbe3e4f07ae045b90b0b8541f52,78,13164.84,86,3.0,-1.6871933584819385,0.0,5.268877974179869,4.155423637344846,60.0,72.69245552237678,1.762364980102331,25.699624127956923,Low,seller,99.3646,100.0,100.0,99.68
cc63f0dd2acba93ffed4fe9f8e0321fa,55,8496.68,63,3.0,-11.59739914021164,127.27272727272727,3.398834940628569,2.914193200215866,60.0,76.94520565411494,4.077730115251434,25.697752641884925,Low,seller,99.3646,100.0,100.0,99.68
52d76513f0c4d97f3b99570e2c94ee31,19,9042.36,28,3.0,-18.77942005621693,100.0,3.6174317930389996,0.9713977334052887,60.0,80.02721434993808,3.581580443433769,25.690319168097112,Low,seller,99.3646,63.33333333333333,100.0,88.68
82e0a475a88cc9595229d8029273f045,42,12415.92,80,3.0,-7.554240799343648,100.0,4.968864129605724,2.212628170534269,60.0,75.21017183690962,3.581580443433769,25.683500101395104,Low,seller,99.3646,100.0,100.0,99.68
b14db04aa7881970e83ffa9426897925,83,8123.95,111,3.0,-9.794223544973546,0.0,3.249521048239367,4.425256341068538,60.0,76.17141190864768,1.762364980102331,25.683118684046327,Low,seller,99.3646,100.0,100.0,99.68
6d803cb79cc31c41c4c789a75933b3c7,58,9925.07,66,3.0,-13.399673120089787,-66.66666666666666,3.9710412850328614,3.076092822450081,60.0,77.71861249088168,0.5495546712147056,25.6730829318761,Low,seller,99.3646,100.0,100.0,99.68
024b564ae893ce8e9bfa02c10a401ece,2,918.4,8,3.0,-39.97060474537037,0.0,0.36301146407653484,0.053966540744738264,60.0,89.12095220598042,1.762364980102331,25.66677440331644,Low,seller,99.3646,6.666666666666667,100.0,71.68
33a17d60c64393351ebf1ef860f4e0f2,43,9431.86,47,3.0,-15.385617612293144,0.0,3.773463668889063,2.2665947112790072,60.0,78.57083754925665,1.762364980102331,25.6605499088852,Low,seller,99.3646,100.0,100.0,99.68
8bb48dc19fccaa8613b6229bf7f452a2,82,6048.12,95,3.0,-12.787526681286549,25.0,2.417953271998451,4.371289800323799,60.0,77.4559231072704,2.2171688459351904,25.658313782364566,Low,seller,99.3646,100.0,100.0,99.68
670c26e0f1bf8d0576271d5cfaec6d2b,78,8035.63,87,3.0,-13.01367678725237,-85.71428571428571,3.2141404698694633,4.155423637344846,60.0,77.55297052627675,0.20303744010395527,25.65634737324896,Low,seller,99.3646,100.0,100.0,99.68
c013e57c075a06e5b5c48ee03c525719,42,2828.66,45,3.0,-10.871121656378602,600.0,1.1282526737333816,2.212628170534269,60.0,76.63353940488895,12.67765776009096,25.65442953149602,Low,seller,99.3646,100.0,100.0,99.68
1eade46fba20122dc4aefb379f8c636b,58,4673.71,75,3.0,-6.886778240740742,500.0,1.8673710627889892,3.076092822450081,60.0,74.92374473876986,10.858442296759522,25.653640464940647,Low,seller,99.3646,100.0,100.0,99.68
dbd66278cbfe1aa1000f90a217ca4695,85,6472.77,99,3.0,-11.847049897119343,0.0,2.5880660732301055,4.5331894225580145,60.0,77.05233786839096,1.762364980102331,25.643804355877414,Low,seller,99.3646,100.0,100.0,99.68
6c177e38df6d3f34182b1f1d427231bf,55,9376.53,56,3.0,-14.072581232853224,-50.0,3.7512987300167033,2.914193200215866,60.0,78.00737643062531,0.8527572484366117,25.64032010849644,Low,seller,99.3646,100.0,100.0,99.68
b2479f944e1b90cf8a5de1bbfde284d6,103,6992.22,131,3.0,-7.846964990668964,-30.76923076923077,2.7961553104838037,5.5045871559633035,60.0,75.33578808248919,1.2026063760003498,25.635622232109377,Low,seller,99.3646,100.0,100.0,99.68
ea6b12bf9ffe2bac34602ec631d97a47,11,2831.32,11,3.0,-17.03596579218107,600.0,1.1293182572757725,0.5396654074473827,60.0,79.27904872004498,12.67765776009096,25.63333491306042,Low,seller,99.3646,36.666666666666664,100.0,80.68
c12d7463a579237ffb9248bd7cff378b,1,34.62,1,3.0,-41.202581018518515,0.0,0.008973335093816218,0.0,60.0,89.64962813595838,1.762364980102331,25.626372718932135,Low,seller,99.3646,3.3333333333333335,100.0,70.68
0336182e1b3e92f029d5354832045fdf,1,47.370000000000005,2,3.0,-41.140590277777775,0.0,0.014080925381591076,0.0,60.0,89.62302615244178,1.762364980102331,25.623914698490978,Low,seller,99.3646,3.3333333333333335,100.0,70.68
a420f60ff1aa9acc80d0e42959f2b313,67,8543.27,69,3.0,-12.116839439076758,-33.33333333333333,3.417498676433074,3.5617916891527255,60.0,77.16811220601534,1.1559598256585182,25.60651033868626,Low,seller,99.3646,100.0,100.0,99.68
3c487ae8f8d7542beff5788e2e0aea83,30,10105.35,33,3.0,-10.323578843995511,200.0,4.043260608725415,1.5650296815974094,60.0,76.39857326808205,5.400795906765207,25.604101183905804,Low,seller,99.3646,100.0,100.0,99.68
d5ba419e26d246a0719437cf37d9b46d,34,4581.51,35,3.0,-8.409470656318081,600.0,1.830436174590335,1.7808958445763627,60.0,75.57717520364291,12.67765776009096,25.598696870076726,Low,seller,99.3646,100.0,100.0,99.68
3ade81dab5a172b88e1871c28ae05260,30,7302.99,32,3.0,-9.797181712962962,400.0,2.9206483170510027,1.5650296815974094,60.0,76.17268134235913,9.039226833428083,25.597276800211333,Low,seller,99.3646,100.0,100.0,99.68
b6d44737c043328708f6749c2dbe50bd,62,6935.2,80,3.0,-13.66487283169245,50.0,2.773313365526241,3.291958985429034,60.0,77.83241720223634,2.67197271176805,25.59704360752739,Low,seller,99.3646,100.0,100.0,99.68
989becdce12ebc39863c2bceab6f3ca1,18,8893.33,18,3.0,-14.919998456790124,200.0,3.5577310729929534,0.9174311926605505,60.0,78.37102717513143,5.400795906765207,25.592410787009257,Low,seller,99.3646,60.0,100.0,87.68
dbdd0ec73a4817971d962698f2fea022,16,8174.799999999999,16,3.0,-16.644780092592594,200.0,3.269891320092963,0.809498111171074,60.0,79.11117985111332,5.400795906765207,25.590098492164174,Low,seller,99.3646,53.333333333333336,100.0,85.68
6f892e20a171e98efe17fdb971ff319b,44,7342.860000000001,53,3.0,-9.429204629629629,300.0,2.936620052327363,2.3205612520237455,60.0,76.01477194833751,7.220011370096646,25.585343257964432,Low,seller,99.3646,100.0,100.0,99.68
3bb548e3cb7f70f28e3f11ee9dce0e59,46,8586.81,53,3.0,-17.148675314465407,-75.0,3.434940596521679,2.4284943335132216,60.0,79.32741556996717,0.3979533826037522,25.57651343609026,Low,seller,99.3646,100.0,100.0,99.68
8e2b3afb420011ef0c88c9d5f11ea526,11,1532.43,11,3.0,-10.062599957912457,900.0,0.6089890063826051,0.5396654074473827,60.0,76.28657983256562,18.135304150085275,25.57413044367,Low,seller,99.3646,36.666666666666664,100.0,80.68
3a52d63a8f9daf5a28f3626d7eb9bd28,1,52.78,1,3.0,-40.297349537037036,0.0,0.016248146044874366,0.0,60.0,89.26116765522637,1.762364980102331,25.57028609010765,Low,seller,99.3646,3.3333333333333335,100.0,70.68
f41ce2e25237f9092cd8e6e7516c7a2f,27,2362.6,28,3.0,-13.567627314814816,600.0,0.9415512204376679,1.4031300593631948,60.0,77.79068639524597,12.67765776009096,25.56961661626809,Low,seller,99.3646,90.0,100.0,96.68
db2956745b3a8e9f3785c99f34b5d25e,47,9574.27,48,3.0,-11.171285477053141,60.0,3.8305124479386334,2.48246087425796,60.0,76.762348206243,2.8538942581011937,25.569510609692653,Low,seller,99.3646,100.0,100.0,99.68
d51e0a403fe2e689ece6c73359d96e12,19,8463.02,26,3.0,-15.104850925925925,200.0,3.385350902268844,0.9713977334052887,60.0,78.45035260790081,5.400795906765207,25.566087185893615,Low,seller,99.3646,63.33333333333333,100.0,88.68
8b11118053756a9a2932f447e11fc1b5,1,91.16,1,3.0,-40.15012731481482,0.0,0.0316229942993684,0.0,60.0,89.19799042775603,1.762364980102331,25.565421960463446,Low,seller,99.3646,3.3333333333333335,100.0,70.68
ba143b05f0110f0dc71ad71b4466ce92,85,7453.59,86,3.0,-7.765413359788361,33.33333333333333,2.9809779717442497,4.5331894225580145,60.0,75.30079196670617,2.368770134546143,25.559586555623316,Low,seller,99.3646,100.0,100.0,99.68
df91910b6a03bb2e3358fa6a35e32f6f,14,2707.12,14,3.0,-12.622857015669515,700.0,1.0795643189430948,0.7015650296815974,60.0,77.38525868742181,14.4968732234224,25.55673667855884,Low,seller,99.3646,46.666666666666664,100.0,83.68
3f995f07c49d0d55a99d5c54957f7d81,43,4627.2,43,3.0,-11.409347276055126,400.0,1.8487393746098197,2.2665947112790072,60.0,76.8645072702792,9.039226833428083,25.554869264087387,Low,seller,99.3646,100.0,100.0,99.68
cc5a78bbad32776dc4e3af205218368c,33,5573.35,38,3.0,-15.910253715886942,250.0,2.227762633494383,1.7269293038316245,60.0,78.7959737682024,6.310403638430927,25.550497545079672,Low,seller,99.3646,100.0,100.0,99.68
54aa8463e87776b5612f4bdc4bd5d4de,7,772.8299999999999,7,3.0,-23.255499338624336,500.0,0.30469680382623,0.32379924446842956,60.0,81.94802681107005,10.858442296759522,25.550407103601437,Low,seller,99.3646,23.333333333333332,100.0,76.68
5b925e1d006e9476d738aa200751b73b,63,8801.84,63,3.0,-10.505257569077013,0.0,3.521080607469148,3.3459255261737724,60.0,76.47653675734165,1.762364980102331,25.540522575395666,Low,seller,99.3646,100.0,100.0,99.68
70b52a4cfc823994561b00bad161b4ed,8,685.35,10,3.0,-25.740218749999997,400.0,0.26965272552234426,0.37776578521316784,60.0,83.01429032131333,9.039226833428083,25.531403495499806,Low,seller,99.3646,26.666666666666668,100.0,77.68
11305281b50fff20ae8bb473f8e11876,35,7973.21,40,3.0,-12.038045138888888,200.0,3.189135310201784,1.834862385321101,60.0,77.13429933896853,5.400795906765207,25.525680680912608,Low,seller,99.3646,100.0,100.0,99.68
aced59e9b31ef866a94f9e7f29d8d418,61,8315.8,67,3.0,-10.630254802377005,33.33333333333333,3.3263752597460035,3.237992444684296,60.0,76.53017661226409,2.368770134546143,25.5238141943891,Low,seller,99.3646,100.0,100.0,99.68
d71d863e5ef30d94e440c11be17dcd8f,29,12655.65,36,3.0,-8.954818672839506,40.0,5.064898844875392,1.5110631408526713,60.0,75.81119949135046,2.490051165434906,25.517920478921845,Low,seller,99.3646,96.66666666666667,100.0,98.68
d4910f1cdcfdabd48d6b316e395d4a23,11,1361.92,12,3.0,-9.502494212962963,900.0,0.540683498934096,0.5396654074473827,60.0,76.04622258539194,18.135304150085275,25.517585204359396,Low,seller,99.3646,36.666666666666664,100.0,80.68
0f519b0d2e5eb2227c93dd25038bfc01,1,102.9,1,3.0,-39.22060185185185,0.0,0.03632598331728815,0.0,60.0,88.79910471113877,1.762364980102331,25.506999999676232,Low,seller,99.3646,3.3333333333333335,100.0,70.68
fa1a9dec3a9940c072684a46728bf1fc,55,7875.71,60,3.0,-14.32998148148148,-33.33333333333333,3.150077266824683,2.914193200215866,60.0,78.11783417140012,1.1559598256585182,25.506842588377243,Low,seller,99.3646,100.0,100.0,99.68
7b1222c3624aa89b9558b50a2594188c,22,10561.09,22,3.0,-12.326312079124579,100.0,4.225827918352906,1.1332973556395036,60.0,77.25800285179801,3.581580443433769,25.497931186528824,Low,seller,99.3646,73.33333333333333,100.0,91.68
73a63f72308aa20a46f4b1632018f196,29,10785.79,41,3.0,-14.664074735449734,-50.0,4.31584168601275,1.5110631408526713,60.0,78.26120305405699,0.8527572484366117,25.496974473969203,Low,seller,99.3646,96.66666666666667,100.0,98.68
376a891762bbdecbc02b4b6adec3fdda,57,7693.63,58,3.0,-14.561508421136654,-50.0,3.077136871562091,3.0221262817053427,60.0,78.21718894210878,0.8527572484366117,25.49652669805494,Low,seller,99.3646,100.0,100.0,99.68
8cc6a0e5738e61a87b03c78b2ba9db4b,24,13838.22,26,3.0,-10.222463831018517,-60.0,5.538630848531385,1.24123043712898,60.0,76.35518195066345,0.6708357021034679,25.492257726651527,Low,seller,99.3646,80.0,100.0,93.68
0885aaf116795758dfeb5f1032487bcd,28,3162.32,30,3.0,-10.659317927841636,600.0,1.2619153070995748,1.457096600107933,60.0,76.54264842297827,12.67765776009096,25.492011781612693,Low,seller,99.3646,93.33333333333333,100.0,97.68
1336efc61c316ddf92c899eb817f7cae,74,6355.29,85,3.0,-10.514728622004357,50.0,2.541004135425573,3.939557474365893,60.0,76.48060105453906,2.67197271176805,25.486478038576813,Low,seller,99.3646,100.0,100.0,99.68
b1fecf4da1fa2689bccffa0121953643,19,4066.7200000000003,20,3.0,-20.63503587962963,250.0,1.6242137115124047,0.9713977334052887,60.0,80.82351168334182,6.310403638430927,25.484680663149405,Low,seller,99.3646,63.33333333333333,100.0,88.68
062ce95fa2ad4dfaedfc79260130565f,55,8721.44,60,3.0,-12.87628884180791,-50.0,3.4888727440074154,2.914193200215866,60.0,77.4940134656509,0.8527572484366117,25.484587867947486,Low,seller,99.3646,100.0,100.0,99.68
0ef83d7d83ed97cd2a0049ac8be5f88a,48,5447.81,55,3.0,-13.189011784511784,200.0,2.1774718974373437,2.536427415002698,60.0,77.6282117421623,5.400795906765207,25.471659774982744,Low,seller,99.3646,100.0,100.0,99.68
c4f7fee5b0db50e87766f5a4d1b1b758,8,12533.599999999999,9,3.0,-15.09487962962963,-40.0,5.016006186473594,0.37776578521316784,60.0,78.44607364209813,1.0346787947697555,25.469622228037064,Low,seller,99.3646,26.666666666666668,100.0,77.68
4b90495391ac0bd181a80a459df1e718,1,266.11,1,3.0,-38.18653935185185,0.0,0.1017071449539732,0.0,60.0,88.35535918960703,1.762364980102331,25.460052519937477,Low,seller,99.3646,3.3333333333333335,100.0,70.68
26d8a1c7c75d513045798992ead43aa2,36,8945.78,38,3.0,-11.791149048353908,100.0,3.578742297353251,1.8888289260658393,60.0,77.02834923009348,3.581580443433769,25.45824034957983,Low,seller,99.3646,100.0,100.0,99.68
66e0557ecc2b4dbea057e93f215f68d8,31,12977.99,31,3.0,-8.132280092592593,0.0,5.194026739256675,1.618996222342148,60.0,75.45822487785115,1.762364980102331,25.457927307050447,Low,seller,99.3646,100.0,100.0,99.68
e96498ed8daaa3e9c23f7a62da76591c,34,10332.19,34,3.0,-9.551006944444444,100.0,4.1341316503629715,1.7808958445763627,60.0,76.06704077320185,3.581580443433769,25.453677616576634,Low,seller,99.3646,100.0,100.0,99.68
52f976b17ea7f2f087f56dcc419328f6,6,8492.65,6,3.0,-15.921213348765432,200.0,3.397220541502316,0.26983270372369134,60.0,78.80067685723955,5.400795906765207,25.446805457644068,Low,seller,99.3646,20.0,100.0,75.68
ade45994b717ccee333492330fbf037b,10,7479.63,10,3.0,-24.484471064814816,-66.66666666666666,2.991409473790811,0.48569886670264434,60.0,82.47541340480704,0.5495546712147056,25.44511503665543,Low,seller,99.3646,33.33333333333333,100.0,79.68
f7720c4fa8e3aba4546301ab80ea1f1b,60,3418.9700000000003,78,3.0,-14.023381132756132,200.0,1.3647280951276073,3.184025903939557,60.0,77.98626327346412,5.400795906765207,25.443443986219307,Low,seller,99.3646,100.0,100.0,99.68
916c9de0b5ad957346eeeb12f332687e,23,5973.78,28,3.0,-18.416941015089165,150.0,2.3881730161558488,1.1872638963842417,60.0,79.87166432162783,4.491188175099489,25.44313634469694,Low,seller,99.3646,76.66666666666667,100.0,92.68
bb3dca718920a4d7ec3cc9ffb025108b,2,201.7,3,3.0,-37.73061342592593,0.0,0.07590480060608468,0.053966540744738264,60.0,88.15970845497557,1.762364980102331,25.43645584162458,Low,seller,99.3646,6.666666666666667,100.0,71.68
d66c305afaec317ebee552073a674429,41,6085.7,47,3.0,-19.10124053030303,-20.0,2.4330076439995945,2.1586616297895307,60.0,80.1653166349672,1.3985218874360432,25.434217384635943,Low,seller,99.3646,100.0,100.0,99.68
822b63912576852aea9a8436d72317b7,8,5097.07,9,3.0,-25.37046296296296,66.66666666666666,2.036967096062116,0.37776578521316784,60.0,82.85561763512837,2.9751752889899565,25.43139174929018,Low,seller,99.3646,26.666666666666668,100.0,77.68
ed4311e67debd72b8610a5347a743087,25,4342.81,26,3.0,-8.101995192307692,600.0,1.7348140724968562,1.2951969778737182,60.0,75.4452287689395,12.67765776009096,25.428793557567506,Low,seller,99.3646,83.33333333333334,100.0,94.68
610f72e407cdd7caaa2f8167b0163fd8,16,14429.45,17,3.0,-9.243764297385622,-40.0,5.775474817616964,0.809498111171074,60.0,75.9351942468498,1.0346787947697555,25.428763989582304,Low,seller,99.3646,53.333333333333336,100.0,85.68
951e8cef368f09bb3f3d03c00ca4702c,64,5493.09,71,3.0,-10.118309011003758,160.0,2.1956108533769862,3.3998920669185106,60.0,76.31048616590431,4.673109721432632,25.422540169771633,Low,seller,99.3646,100.0,100.0,99.68
43402bdf22aa2310e8f99e2f94f78628,4,837.1,5,3.0,-35.87747222222222,0.0,0.33044306482978225,0.16189962223421478,60.0,87.36447305101358,1.762364980102331,25.420515280669758,Low,seller,99.3646,13.333333333333334,100.0,73.68
5882820ef11c4c068eea0677a7a879b4,14,10664.81,14,3.0,-16.708796296296295,-50.0,4.267377664599809,0.7015650296815974,60.0,79.13865101818396,0.8527572484366117,25.411677934371596,Low,seller,99.3646,46.666666666666664,100.0,83.68
ad97a199236354e53fcd91a5a913e9a2,17,14074.7,18,3.0,-9.701008306100217,-50.0,5.633363629021817,0.8634646519158122,60.0,76.1314106081571,0.8527572484366117,25.410862567752723,Low,seller,99.3646,56.666666666666664,100.0,86.68
fcb5ace8bcc92f75707dc0f01a27d269,62,9273.33,73,3.0,-8.510500826719577,-25.0,3.7099572933344787,3.291958985429034,60.0,75.62053011270814,1.3075611142694712,25.409812562690767,Low,seller,99.3646,100.0,100.0,99.68
3f3486b61f45078d4f31ee5e43d8c5bb,40,4726.57,40,3.0,-9.598906695156696,400.0,1.8885465312291287,2.1046950890447924,60.0,76.08759591359332,9.039226833428083,25.409799802011744,Low,seller,99.3646,100.0,100.0,99.68
e8f6dc8e6a1dcde89d20e3995c8d90b3,36,4308.02,48,3.0,-19.69669086700337,100.0,1.7208773614292727,1.8888289260658393,60.0,80.42084124803976,3.581580443433769,25.409754671494582,Low,seller,99.3646,100.0,100.0,99.68
54065e9aef7e9e9c2dc23b7594db021a,14,8283.43,14,3.0,-22.112936921296296,-85.71428571428571,3.3134079893448054,0.7015650296815974,60.0,81.4577209003927,0.20303744010395527,25.408375533293142,Low,seller,99.3646,46.666666666666664,100.0,83.68
17306570e772e7718c92a562d33f5f1d,29,10600.63,32,3.0,-9.39187924382716,100.0,4.241667457174758,1.5110631408526713,60.0,75.99875456758028,3.581580443433769,25.408237251846014,Low,seller,99.3646,96.66666666666667,100.0,98.68
e0a366315b1b726b6c7832d664c0f530,43,8145.17,51,3.0,-10.950454793028321,100.0,3.2580216808594917,2.2665947112790072,60.0,76.66758350193084,3.581580443433769,25.4023507517106,Low,seller,99.3646,100.0,100.0,99.68
048c2757535328e0d7dac690ad3c0aae,51,10551.06,51,3.0,-9.286541203703704,-60.0,4.2218099473265225,2.698327037236913,60.0,75.95355102954295,0.6708357021034679,25.401240968148972,Low,seller,99.3646,100.0,100.0,99.68
bbf9ad41dca6603e614efcdad7aab8c4,14,8622.26,14,3.0,-21.060817625661375,-75.0,3.4491417004982767,0.7015650296815974,60.0,81.00622669616895,0.3979533826037522,25.4008631102556,Low,seller,99.3646,46.666666666666664,100.0,83.68
788e857f317e53de488d393e65a80f45,11,1394.95,11,3.0,-13.11110058922559,700.0,0.5539151622443079,0.5396654074473827,60.0,77.59477784045382,14.4968732234224,25.38999489894545,Low,seller,99.3646,36.666666666666664,100.0,80.68
2089a6d640999f9b9141ac719b2af596,44,9525.94,44,3.0,-10.751182531616983,0.0,3.8111516762830906,2.3205612520237455,60.0,76.58207012767465,1.762364980102331,25.387032833052295,Low,seller,99.3646,100.0,100.0,99.68
58f1a6197ed863543e0136bdedb3fce2,44,7903.69,45,3.0,-14.699239610249785,-33.33333333333333,3.1612859237856186,2.3205612520237455,60.0,78.27629329831954,1.1559598256585182,25.385566067455404,Low,seller,99.3646,100.0,100.0,99.68
cf8ab1616079e2793aa29d524df01bb1,9,15150.37,9,3.0,-8.953105709876544,-50.0,6.064271993323839,0.4317323259579061,60.0,75.81046441040192,0.8527572484366117,25.38406006589058,Low,seller,99.3646,30.0,100.0,78.68
688756f717c462a206ad854c5027a64a,83,7901.45,101,3.0,-6.9838389683875794,-55.55555555555556,3.160388590276238,4.425256341068538,60.0,74.96539624746484,0.7516897226959762,25.37440907173933,Low,seller,99.3646,100.0,100.0,99.68
26785a546900236d66f2e4197c211158,15,1244.65,15,3.0,-17.954417438271605,500.0,0.4937056861460679,0.7555315704263357,60.0,79.67318234803761,10.858442296759522,25.373816180332,Low,seller,99.3646,50.0,100.0,84.68
455befea1bb853c75ccbca94cff26e5c,1,42.05,1,3.0,-37.19980324074074,0.0,0.011949758296809722,0.0,60.0,87.93192276266069,1.762364980102331,25.36960983989838,Low,seller,99.3646,3.3333333333333335,100.0,70.68
91f848e9f4be368f4318775aac733370,63,7168.16,73,3.0,-10.84709556878307,0.0,2.8666360505019295,3.3459255261737724,60.0,76.62322912986161,1.762364980102331,25.3661930641835,Low,seller,99.3646,100.0,100.0,99.68
83e197e95a1bbabc8c75e883ed016c47,47,7680.06,55,3.0,-13.214328275034294,0.0,3.0717007931146316,2.48246087425796,60.0,77.63907576565242,1.762364980102331,25.364223319356974,Low,seller,99.3646,100.0,100.0,99.68
23613d49c3ac2bd302259e55c06c050c,70,6460.76,80,3.0,-10.637700421940929,0.0,2.58325492347668,3.7236913113869403,60.0,76.53337173860946,1.762364980102331,25.36214156369139,Low,seller,99.3646,100.0,100.0,99.68
3df020b72d3d44b3af9d110fa3940b65,55,6749.469999999999,101,3.0,-10.184471718005135,100.0,2.698910797357737,2.914193200215866,60.0,76.3388784583666,3.581580443433769,25.347211352359654,Low,seller,99.3646,100.0,100.0,99.68
575df70bde3f9f2b30bf8d2e9910d725,27,6163.42,34,3.0,-17.089985021786493,100.0,2.4641419120126034,1.4031300593631948,60.0,79.30222990224046,3.581580443433769,25.343517618124025,Low,seller,99.3646,90.0,100.0,96.68
7901646fdd36a55f564ffaf2dbccaaf7,22,12478.83,27,3.0,-10.05653206447188,-33.33333333333333,4.994065580978581,1.1332973556395036,60.0,76.28397592754114,1.1559598256585182,25.339736384900473,Low,seller,99.3646,73.33333333333333,100.0,91.68
abcd2cb37d46c2c8fb1bf071c859fc5b,45,6200.62,52,3.0,-16.014500045388527,0.0,2.4790440577934056,2.3745277927684834,60.0,78.8407088222755,1.762364980102331,25.3396879868817,Low,seller,99.3646,100.0,100.0,99.68
30a2f535bb48308f991d0b9ad4a8c4bb,71,5815.36,87,3.0,-12.199579342273308,-33.33333333333333,2.3247107060861,3.7776578521316786,60.0,77.20361824312184,1.1559598256585182,25.33796639389288,Low,seller,99.3646,100.0,100.0,99.68
d57e18d5f73c7ccb7f7339b61166898d,61,4111.19,63,3.0,-10.781560295414462,200.0,1.6420281852455292,3.237992444684296,60.0,76.59510608695109,5.400795906765207,25.331452070463918,Low,seller,99.3646,100.0,100.0,99.68
e5e33c0d8e7e002f398f5dc4cbbb338f,28,7477.33,29,3.0,-14.167735339506173,100.0,2.990488104562428,1.457096600107933,60.0,78.04820975422287,3.581580443433769,25.32681008887252,Low,seller,99.3646,93.33333333333333,100.0,97.68
57a834594e1e9e9219603bfec184eadc,1,166.05,1,3.0,-36.291979166666664,0.0,0.0616235775661495,0.0,60.0,87.54234972697951,1.762364980102331,25.326076030327005,Low,seller,99.3646,3.3333333333333335,100.0,70.68
e63e8bfa530fb16910dd6956e592bb81,42,1979.1699999999998,43,3.0,-13.001018794091712,400.0,0.7879509581599022,2.212628170534269,60.0,77.5475386227152,9.039226833428083,25.325595806831625,Low,seller,99.3646,100.0,100.0,99.68
b18dc380845b24038cfc48006478f099,44,9248.93,54,3.0,-10.303725405092592,0.0,3.700182767607286,2.3205612520237455,60.0,76.3900535948513,1.762364980102331,25.32493968052605,Low,seller,99.3646,100.0,100.0,99.68
2d2c62bef4c8ba0dd74e0e228e808539,16,4230.4800000000005,16,3.0,-8.582504340277778,600.0,1.6898152005732678,0.809498111171074,60.0,75.651428860778,12.67765776009096,25.324799193090545,Low,seller,99.3646,53.333333333333336,100.0,85.68
822166ed1e47908f7cfb49946d03c726,69,5535.95,108,3.0,-11.991881430041152,0.0,2.2127803686502436,3.669724770642202,60.0,77.11448918333627,1.762364980102331,25.3246751787663,Low,seller,99.3646,100.0,100.0,99.68
3364a91ec4d56c98e44174de954b94f6,6,3853.8500000000004,6,3.0,-25.496149691358024,100.0,1.5389389864489824,0.26983270372369134,60.0,82.90955337193469,3.581580443433769,25.323730921999196,Low,seller,99.3646,20.0,100.0,75.68
e2a1ac9bf33e5549a2a4f834e70df2f8,5,15200.56,5,3.0,-9.154564814814815,-66.66666666666666,6.084377872268421,0.21586616297895306,60.0,75.89691622118526,0.5495546712147056,25.31877280272452,Low,seller,99.3646,16.666666666666664,100.0,74.68
af4a0e4cfe1d9c26b6712b1be25a72e5,21,9351.6,26,3.0,-12.913674768518518,66.66666666666666,3.741311888771666,1.0793308148947653,60.0,77.51005682622741,2.9751752889899565,25.316252323188298,Low,seller,99.3646,70.0,100.0,90.68
d03698c2efd04a549382afa6623e27fb,18,9644.619999999999,21,3.0,-14.838435295414461,0.0,3.858694328467649,0.9174311926605505,60.0,78.33602611128623,1.762364980102331,25.3136065114086,Low,seller,99.3646,60.0,100.0,87.68
293dee954235e4e4e43f129313625ebe,8,2019.22,8,3.0,-16.984992766203703,500.0,0.8039948005932656,0.37776578521316784,60.0,79.25717475014821,10.858442296759522,25.310060328679455,Low,seller,99.3646,26.666666666666668,100.0,77.68
9baf5cb77970f539089d09a38bcec5c3,32,6673.4,33,3.0,-17.31927951388889,0.0,2.6684375116172636,1.6729627630868862,60.0,79.40062666644216,1.762364980102331,25.30510244223346,Low,seller,99.3646,100.0,100.0,99.68
5f0057b677eb963672bf05dfa3f16c34,5,379.89,5,3.0,-34.66347511574074,0.0,0.14728688008675933,0.21586616297895306,60.0,86.84351249093751,1.762364980102331,25.300915976421628,Low,seller,99.3646,16.666666666666664,100.0,74.68
403aa86912527d730337ffcb0fb096ab,11,9164.51,11,3.0,-11.275502946127945,200.0,3.6663645109724663,0.5396654074473827,60.0,76.80707087548913,5.400795906765207,25.295965927153475,Low,seller,99.3646,36.666666666666664,100.0,80.68
f08a5b9dd6767129688d001acafc21e5,11,14565.74,18,3.0,-7.761447402263375,-33.33333333333333,5.830071953328402,0.5396654074473827,60.0,75.29909006194674,1.1559598256585182,25.29439742971823,Low,seller,99.3646,36.666666666666664,100.0,80.68
582d4f8675b945722eda7c0cb61ba4c7,59,5683.93,71,3.0,-13.33843668492436,0.0,2.272060463613767,3.130059363194819,60.0,77.69233420126261,1.762364980102331,25.29421960808246,Low,seller,99.3646,100.0,100.0,99.68
520b493b57809f446cb0a233bb3e25c7,63,4762.87,73,3.0,-11.370707604008118,100.0,1.9030881412249112,3.3459255261737724,60.0,76.84792589205078,3.581580443433769,25.29275475206191,Low,seller,99.3646,100.0,100.0,99.68
6b536a23086fba0d58c08d68814397f6,19,2437.9700000000003,23,3.0,-10.724089856902356,600.0,0.9717440894564597,0.9713977334052887,60.0,76.570443893215,12.67765776009096,25.287705020179605,Low,seller,99.3646,63.33333333333333,100.0,88.68
9596c870880d900012f2e8e6e30d06d7,22,10615.33,24,3.0,-11.74175120772947,0.0,4.247556208330075,1.1332973556395036,60.0,77.00715121686852,1.762364980102331,25.28490038194941,Low,seller,99.3646,73.33333333333333,100.0,91.68
0509040ea3fe50071181bbc359eb7738,89,5183.1,98,3.0,-10.06095775462963,-80.0,2.0714303111568038,4.749055585536967,60.0,76.28587511660098,0.3069926094371802,25.282273518165145,Low,seller,99.3646,100.0,100.0,99.68
38e679b9e0064cd94c6f035707344dae,28,4418.1,30,3.0,-16.2501917989418,200.0,1.7649748938903125,1.457096600107933,60.0,78.9418508326484,5.400795906765207,25.275123833767857,Low,seller,99.3646,93.33333333333333,100.0,97.68
d9bd94811c3338dceb4181f3dbc0c73e,54,7682.11,61,3.0,-7.851470666363085,87.5,3.0725220135138422,2.860226659471128,60.0,75.33772159560927,3.3541785105173396,25.272889359315055,Low,seller,99.3646,100.0,100.0,99.68
039e6ad9dae79614493083e241147386,5,13273.42,5,3.0,-11.414537037037038,-50.0,5.3123746136658765,0.21586616297895306,60.0,76.86673434378156,0.8527572484366117,25.262964801255396,Low,seller,99.3646,16.666666666666664,100.0,74.68
4d600e08ecbe08258c79e536c5a42fee,8,4633.46,8,3.0,-27.358584656084656,-66.66666666666666,1.8512471012922884,0.37776578521316784,60.0,83.7087769921139,0.5495546712147056,25.261087592629533,Low,seller,99.3646,26.666666666666668,100.0,77.68
cee48807215b30a12ca2ca10ffb5f250,39,8125.52,40,3.0,-12.428697048611111,0.0,3.250149982886568,2.0507285483000537,60.0,77.30193914354228,1.762364980102331,25.25925450148256,Low,seller,99.3646,100.0,100.0,99.68
b347677812ea483b0f528eaf8cbc09b7,21,8051.34,21,3.0,-16.296075286596118,0.0,3.2204338222946354,1.0793308148947653,60.0,78.96154073742578,1.762364980102331,25.25643045903618,Low,seller,99.3646,70.0,100.0,90.68
d4f91e8be86b38da2ee35bc489645a9d,1,61.160000000000004,1,3.0,-35.36194444444445,0.0,0.019605134798721686,0.0,60.0,87.14324547278295,1.762364980102331,25.253604859367293,Low,seller,99.3646,3.3333333333333335,100.0,70.68
ef990a83bbea832f36ebe81376335aa8,43,5557.24,44,3.0,-7.806161879208755,300.0,2.221309042942536,2.2665947112790072,60.0,75.31827831110203,7.220011370096646,25.252784274377483,Low,seller,99.3646,100.0,100.0,99.68
f680f85bee2d253556ac91be391d2c82,45,6077.34,54,3.0,-12.059300411522633,100.0,2.4296586671520815,2.3745277927684834,60.0,77.14342057877768,3.581580443433769,25.252200679497772,Low,seller,99.3646,100.0,100.0,99.68
ccb83a794700270fde70898fe9ff368b,12,12785.73,12,3.0,-9.273283179012346,0.0,5.117008283670196,0.5936319481921208,60.0,75.94786163544816,1.762364980102331,25.251926215476548,Low,seller,99.3646,40.0,100.0,81.68
c510bc1718f0f2961eaa42a23330681a,13,13211.87,13,3.0,-9.145652970679011,-33.33333333333333,5.287717971923716,0.6475984889368591,60.0,75.8930918963269,1.1559598256585182,25.247774780826216,Low,seller,99.3646,43.333333333333336,100.0,82.68
f1fd5ab1181f827ffad998c1a5de7d74,15,7877.96,15,3.0,-12.062751543209878,200.0,3.150978606287231,0.7555315704263357,60.0,77.14490155718124,5.400795906765207,25.24599129874646,Low,seller,99.3646,50.0,100.0,84.68
8a87611c08849ffeeccab52aa798b6c7,13,2855.12,14,3.0,-29.48057291666667,-71.42857142857143,1.1388524258129522,0.6475984889368591,60.0,84.61938228664512,0.4629253634370178,25.242755229318572,Low,seller,99.3646,43.333333333333336,100.0,82.68
4da0e408c99d2fdc2126dc9fce518060,44,3964.73,54,3.0,-21.310896990740744,-87.5,1.5833569951633726,2.3205612520237455,60.0,81.11354283835713,0.17055144968732233,25.239233982277252,Low,seller,99.3646,100.0,100.0,99.68
06df0c10d34e459d9672bc77388742eb,26,9595.77,30,3.0,-13.962750771604938,-66.66666666666666,3.8391252472474298,1.3491635186184565,60.0,77.96024506737919,0.5495546712147056,25.23802068105719,Low,seller,99.3646,86.66666666666667,100.0,95.68
1fa2d3def6adfa70e58c276bb64fe5bb,1,15.9,1,3.0,-35.20011574074074,0.0,0.0014741907654126642,0.0,60.0,87.07380019019723,1.762364980102331,25.23774878376944,Low,seller,99.3646,3.3333333333333335,100.0,70.68
8cbac7e12637ed9cffa18c7875207478,67,4654.35,82,3.0,-13.3697170781893,-25.0,1.8596155374579055,3.5617916891527255,60.0,77.70575750442181,1.3075611142694712,25.23495232061577,Low,seller,99.3646,100.0,100.0,99.68
270297ead4c65a6cd2593960d2af6b21,18,9968.5,20,3.0,-12.997205165692007,0.0,3.988439139636631,0.9174311926605505,60.0,77.54590208670007,1.762364980102331,25.23401135107137,Low,seller,99.3646,60.0,100.0,87.68
3092c0b297aacfb4bb6e056ebe13b9b8,19,1983.99,21,3.0,-26.270293436819173,50.0,0.7898818275863395,0.9713977334052887,60.0,83.24176039043714,2.67197271176805,25.2332753113696,Low,seller,99.3646,63.33333333333333,100.0,88.68
78c99c6dff4eeae5be99bf635ed21e3f,31,2695.77,39,3.0,-9.663928656220323,500.0,1.0750175620986835,1.618996222342148,60.0,76.11549867964777,10.858442296759522,25.23042335583826,Low,seller,99.3646,100.0,100.0,99.68
3606774ec64634822d78dc2db6d37045,2,345.20000000000005,2,3.0,-34.197997685185186,0.0,0.13339022855084484,0.053966540744738264,60.0,86.6437629350034,1.762364980102331,25.226309642012183,Low,seller,99.3646,6.666666666666667,100.0,71.68
257e61d3251fb5efb9daadddbc2cf7ca,12,8806.18,12,3.0,-17.01090760030864,-25.0,3.5228191911435744,0.5936319481921208,60.0,79.26829553982515,1.3075611142694712,25.22625418679182,Low,seller,99.3646,40.0,100.0,81.68
8f119a0aee85c0c8fc534629734e94fd,77,4826.45,83,3.0,-10.095937785779608,0.0,1.9285579914599487,4.101457096600107,60.0,76.30088603921527,1.762364980102331,25.225301075480537,Low,seller,99.3646,100.0,100.0,99.68
5b8154610ebb21fb90eb587365e673df,38,10474.98,41,3.0,-8.565459490740741,-33.33333333333333,4.191332655632883,1.9967620075553156,60.0,75.64411443283265,1.1559598256585182,25.218803446069444,Low,seller,99.3646,100.0,100.0,99.68
974cf2cb8f4b7add98709c30df02fe10,33,3559.68,33,3.0,-13.064451774691356,300.0,1.4210958621388072,1.7269293038316245,60.0,77.57475951222479,7.220011370096646,25.21627614844293,Low,seller,99.3646,100.0,100.0,99.68
5a425cc503b39b262a847fd6212bf53b,15,1630.1000000000001,15,3.0,-9.118611937830687,700.0,0.6481151509635439,0.7555315704263357,60.0,75.88148782285548,14.4968732234224,25.215227933666206,Low,seller,99.3646,50.0,100.0,84.68
ee27a8f15b1dded4d213a468ba4eb391,1,6726.66,1,3.0,-22.284861111111113,0.0,2.6897732181840786,0.0,60.0,81.5314984421499,1.762364980102331,25.21289322978794,Low,seller,99.3646,3.3333333333333335,100.0,70.68
4c03b9dd4c11ee2cb35c96c49efc9420,48,7302.33,48,3.0,-13.477435136959876,-75.0,2.9203839241419884,2.536427415002698,60.0,77.75198237590448,0.3979533826037522,25.21281472563932,Low,seller,99.3646,100.0,100.0,99.68
2e13c71026e1a39ba5cc1b86dcb679aa,24,4310.21,28,3.0,-13.487333829365081,300.0,1.72175466517282,1.24123043712898,60.0,77.75623018532008,7.220011370096646,25.212269673641764,Low,seller,99.3646,80.0,100.0,93.68
f235413f677777a0738ff215d0184901,3,1788.3400000000001,3,3.0,-32.42669560185185,-50.0,0.7115053538762884,0.10793308148947653,60.0,85.88364701671122,0.8527572484366117,25.2082576538856,Low,seller,99.3646,10.0,100.0,72.68
4b0fdb526525f9890eb145bf1534640e,18,2954.21,20,3.0,-8.681181134259258,600.0,1.1785474157435882,0.9174311926605505,60.0,75.6937738693325,12.67765776009096,25.204753879297183,Low,seller,99.3646,60.0,100.0,87.68
d4d99b60c4c94cd35acd502cec65dc8d,1,87.29,1,3.0,-34.408483796296295,0.0,0.030072690423784982,0.0,60.0,86.7340884899386,1.762364980102331,25.19537157862816,Low,seller,99.3646,3.3333333333333335,100.0,70.68
679769a98cfcc6da877c8486ff1c13f3,21,7467.39,21,3.0,-15.012948082010583,50.0,2.986506187114547,1.0793308148947653,60.0,78.41091449327674,2.67197271176805,25.194619005026368,Low,seller,99.3646,70.0,100.0,90.68
e2aee0892199b1d92530e371abd825bf,38,8317.29,41,3.0,-12.667848409306742,-50.0,3.326972146767869,1.9967620075553156,60.0,77.4045657693767,0.8527572484366117,25.193242736169356,Low,seller,99.3646,100.0,100.0,99.68
d20b021d3efdf267a402c402a48ea64b,90,5715.17,106,3.0,-5.205515500181555,0.0,2.284575061307107,4.803022126281705,60.0,74.20226725395506,1.762364980102331,25.192704636066047,Low,seller,99.3646,100.0,100.0,99.68
bacb1f0ed56ad24198f5810d2b3fe9a5,42,7833.39,42,3.0,-12.696670321637427,-50.0,3.133124073022437,2.212628170534269,60.0,77.41693406869973,0.8527572484366117,25.19091009968892,Low,seller,99.3646,100.0,100.0,99.68
1c5e4e49b9079480255b49d50aac1aa9,12,11062.72,12,3.0,-11.531357060185186,0.0,4.426778547063219,0.5936319481921208,60.0,76.91686512610588,1.762364980102331,25.19020781809311,Low,seller,99.3646,40.0,100.0,81.68
13e85aac53340018b40c2af68001b7e0,1,31.92,1,3.0,-34.33631944444444,0.0,0.007891727738758014,0.0,60.0,86.70312072159916,1.762364980102331,25.184072124571735,Low,seller,99.3646,3.3333333333333335,100.0,70.68
c68fb906c8f4b4b946d8386bfa6e5467,45,5433.61,48,3.0,-12.156008150077161,100.0,2.1717834439403707,2.3745277927684834,60.0,77.18492060985031,3.581580443433769,25.181063117195155,Low,seller,99.3646,100.0,100.0,99.68
9add47bf45ce8e8c7db6b9cf670b1e09,43,5987.28,45,3.0,-12.913220015073211,50.0,2.3935810529311397,2.2665947112790072,60.0,77.50986167863744,2.67197271176805,25.17839951667151,Low,seller,99.3646,100.0,100.0,99.68
11bfa66332777660bd0640ee84d47006,76,5608.54,102,3.0,-8.107830768881627,0.0,2.2418595826886416,4.0474905558553695,60.0,75.44773298021322,1.762364980102331,25.177826958812652,Low,seller,99.3646,100.0,100.0,99.68
113e3a788b935f48aad63e1c41dac1bd,39,1533.95,48,3.0,-14.964520399305556,300.0,0.6095979112639711,2.0507285483000537,60.0,78.39013280230688,7.220011370096646,25.1760825678099,Low,seller,99.3646,100.0,100.0,99.68
45d33f715e24d15a6ccf5c17b3a23e3c,59,5742.16,61,3.0,-11.296594029374202,0.0,2.2953871289045225,3.130059363194819,60.0,76.81612165697939,1.762364980102331,25.1697857260272,Low,seller,99.3646,100.0,100.0,99.68
5c6d4016c2a288f074fa0848a2b653d2,32,3673.17,35,3.0,-9.480330201525055,400.0,1.4665594246297537,1.6729627630868862,60.0,76.0367113800105,9.039226833428083,25.167637908505032,Low,seller,99.3646,100.0,100.0,99.68
96804ea39d96eb908e7c3afdb671bb9e,38,4365.76,40,3.0,-12.560697708926876,200.0,1.7440077350148508,1.9967620075553156,60.0,77.35858436745704,5.400795906765207,25.166260068188357,Low,seller,99.3646,100.0,100.0,99.68
42bde9fef835393bb8a8849cb6b7f245,35,8487.84,40,3.0,-13.495911977682812,-83.33333333333334,3.3952936780290455,1.834862385321101,60.0,77.75991131184679,0.24635209399279878,25.165925605915284,Low,seller,99.3646,100.0,100.0,99.68
63b464dbf392c7b80d12d932fa7cafed,37,7662.25,39,3.0,-14.146218323586744,-66.66666666666666,3.064566190524414,1.9427954668105774,60.0,78.03897619295266,0.5495546712147056,25.165870619924338,Low,seller,99.3646,100.0,100.0,99.68
0cbcee27c791afa0cdcb08587a2013a8,39,6141.3099999999995,41,3.0,-14.630214988425925,0.0,2.4552847495606267,2.0507285483000537,60.0,78.24667287710733,1.762364980102331,25.162504991519533,Low,seller,99.3646,100.0,100.0,99.68
e8b4225284fbb02d16f200513f1f395d,31,7086.13,31,3.0,-13.08119714506173,50.0,2.8337752166739945,1.618996222342148,60.0,77.58194542517322,2.67197271176805,25.159370705540525,Low,seller,99.3646,100.0,100.0,99.68
95f83f51203c626648c875dd41874c7f,52,4826.51,67,3.0,-13.547858618233619,25.0,1.92858202717895,2.7522935779816518,60.0,77.78220308734686,2.2171688459351904,25.155695350344644,Low,seller,99.3646,100.0,100.0,99.68
30829ded4523ab9224b93bc49a62c95f,18,7549.71,31,3.0,-17.980385678016727,-60.0,3.0194831935843216,0.9174311926605505,60.0,79.68432605558814,0.6708357021034679,25.154935234789,Low,seller,99.3646,60.0,100.0,87.68
8fb791022c1fc8909664f48ab7dc636d,5,8483.35,5,3.0,-17.257386574074072,0.0,3.3934950050571158,0.21586616297895306,60.0,79.37406665207432,1.762364980102331,25.154361538083254,Low,seller,99.3646,16.666666666666664,100.0,74.68
ff1fb4c404b2efe68b03350a8dc24122,46,7666.95,49,3.0,-7.980743811413454,75.0,3.0664489885128488,2.4284943335132216,60.0,75.39319636543259,3.1267765776009093,25.148715392507135,Low,seller,99.3646,100.0,100.0,99.68
dfc5fb7259bb2b599ca565e6e9448f0f,33,6845.9800000000005,34,3.0,-11.518757148692812,100.0,2.7375722513713177,1.7269293038316245,60.0,76.91145814703407,3.581580443433769,25.147880767767788,Low,seller,99.3646,100.0,100.0,99.68
6c12e40690c335dbc2f68a4134d30dc1,16,9624.26,18,3.0,-12.720497685185187,0.0,3.850538207819877,0.809498111171074,60.0,77.42715906560682,1.762364980102331,25.14784634798999,Low,seller,99.3646,53.333333333333336,100.0,85.68
e7df4cd29ab5abab70fb0783ddb53987,23,10022.07,24,3.0,-10.509273244598765,0.0,4.00989903075162,1.1872638963842417,60.0,76.47825999750238,1.762364980102331,25.147761180957136,Low,seller,99.3646,76.66666666666667,100.0,92.68
8a130737016f838139d31878787a39c9,56,5064.32,62,3.0,-10.000790210573477,100.0,2.0238475994405767,2.9681597409606044,60.0,76.26005551844662,3.581580443433769,25.14636058718269,Low,seller,99.3646,100.0,100.0,99.68
4bfc7a4a1cf8d4d2121c27422d9e50b5,26,9191.59,40,3.0,-9.963937789351851,50.0,3.6772126321483833,1.3491635186184565,60.0,76.24424110019368,2.67197271176805,25.144288105504984,Low,seller,99.3646,86.66666666666667,100.0,95.68
5f1dc28029d2c244352a68107ec2b542,62,3803.46,78,3.0,-15.260100605413104,-50.0,1.5187529884410624,3.291958985429034,60.0,78.51697464476192,0.8527572484366117,25.141437564447525,Low,seller,99.3646,100.0,100.0,99.68
f67efa3f0b6761102a7f8c6b7b571f5d,31,6030.17,32,3.0,-17.58091941550926,-50.0,2.410762586063898,1.618996222342148,60.0,79.5129037624572,0.8527572484366117,25.140189120616945,Low,seller,99.3646,100.0,100.0,99.68
c353f8fc0ce8344999f17d578eb69a5e,2,212.57,2,3.0,-33.07417824074074,0.0,0.08025927169848568,0.053966540744738264,60.0,86.16150016512005,1.762364980102331,25.13803093947397,Low,seller,99.3646,6.666666666666667,100.0,71.68
de66a66f2dd06bb9ec37aa96987466a3,7,468.98,8,3.0,-25.873441840277778,200.0,0.1829759168505132,0.32379924446842956,60.0,83.07146012456542,5.400795906765207,25.136641195533592,Low,seller,99.3646,23.333333333333332,100.0,76.68
e49c26c3edfa46d227d5121a6b6e4d37,35,4829.71,36,3.0,-18.86436144179894,-50.0,1.9298639321923523,1.834862385321101,60.0,80.06366510552076,0.8527572484366117,25.132500266659754,Low,seller,99.3646,100.0,100.0,99.68
dc7192adf8ba09569261f4a8d576afe0,7,1078.43,8,3.0,-16.17777054398148,500.0,0.4271187326061514,0.32379924446842956,60.0,78.91077281990512,10.858442296759522,25.131545583560673,Low,seller,99.3646,23.333333333333332,100.0,76.68
499185655c29ecfdbfe776ef7cf875b5,1,106.33,1,3.0,-33.31337962962963,0.0,0.03770002525352876,0.0,60.0,86.26414825946986,1.762364980102331,25.127168744506772,Low,seller,99.3646,3.3333333333333335,100.0,70.68
93dc87703c046b603023e75222018b45,35,9206.29,36,3.0,-10.563343545751636,-50.0,3.6831013833037005,1.834862385321101,60.0,76.5014630959461,0.8527572484366117,25.124141200556963,Low,seller,99.3646,100.0,100.0,99.68
6624bc09786f0e41ae48dfc5eeb1a9e2,1,107.01,1,3.0,-33.26133101851852,0.0,0.03797243006887676,0.0,60.0,86.24181272551277,1.762364980102331,25.12390013585781,Low,seller,99.3646,3.3333333333333335,100.0,70.68
b90e891671cffd9557f33a97dc523645,34,5081.3099999999995,39,3.0,-15.620627967711302,50.0,2.030653713871109,1.7808958445763627,60.0,78.67168715238063,2.67197271176805,25.12237041933932,Low,seller,99.3646,100.0,100.0,99.68
2bdb95a56a36ebbc6640337ac5eac174,1,107.9,1,3.0,-33.22650462962963,0.0,0.03832895990072928,0.0,60.0,86.22686773514656,1.762364980102331,25.121765346252435,Low,seller,99.3646,3.3333333333333335,100.0,70.68
9646c3513289980f17226a2fc4720dbd,71,4247.32,78,3.0,-12.230655305799221,-50.0,1.6965612257062972,3.7776578521316786,60.0,77.21695381968699,0.8527572484366117,25.12120162854152,Low,seller,99.3646,100.0,100.0,99.68
cc3d14116804f7209f3884f6367f1152,27,6060.59,30,3.0,-16.625774691358025,0.0,2.4229486955975537,1.4031300593631948,60.0,79.10302409487736,1.762364980102331,25.119357235761903,Low,seller,99.3646,90.0,100.0,96.68
1b8356dabde1d35e17cef975c3f82730,56,4413.61,61,3.0,-13.617558834876544,0.0,1.763176220918382,2.9681597409606044,60.0,77.81211342544063,1.762364980102331,25.119046313341993,Low,seller,99.3646,100.0,100.0,99.68
a17f621c590ea0fab3d5d883e1630ec6,65,3901.54,80,3.0,-9.843212844254511,100.0,1.5580433771018434,3.453858607663249,60.0,76.19243460520511,3.581580443433769,25.117900900170508,Low,seller,99.3646,100.0,100.0,99.68
65febd49fd28ec955651299159b1f527,35,5301.14,40,3.0,-12.794436220760234,125.0,2.1187165823386818,1.834862385321101,60.0,77.45888818645787,4.036384309266629,25.116802229927224,Low,seller,99.3646,100.0,100.0,99.68
0d85bbda9889ce1f7e63778d24f346eb,51,6469.7,58,3.0,-9.361989742975734,50.0,2.5868362456078726,2.698327037236913,60.0,75.98592813577017,2.67197271176805,25.115719124533918,Low,seller,99.3646,100.0,100.0,99.68
5f26c1408a65b42a7224cd463bdf3292,10,1357.09,10,3.0,-14.729975694444445,500.0,0.5387486235544918,0.48569886670264434,60.0,78.28948302303232,10.858442296759522,25.11231598687281,Low,seller,99.3646,33.33333333333333,100.0,79.68
512d298ac2a96d1931b6bd30aa21f61d,11,7723.87,12,3.0,-13.91249035493827,100.0,3.0892508739387425,0.5396654074473827,60.0,77.93867689833124,3.581580443433769,25.11065119313653,Low,seller,99.3646,36.666666666666664,100.0,80.68
e73bf2cea7fe4b0b4d287a7568ed1099,4,837.8299999999999,5,3.0,-25.34254166666667,200.0,0.3307354994109646,0.16189962223421478,60.0,82.84363581566693,5.400795906765207,25.106320518408403,Low,seller,99.3646,13.333333333333334,100.0,73.68
d624126b9206f595fb3fbb6ba03b28a8,23,7768.5,28,3.0,-15.470716352513227,-50.0,3.1071294429225382,1.1872638963842417,60.0,78.60735583017356,0.8527572484366117,25.105333906342516,Low,seller,99.3646,76.66666666666667,100.0,92.68
cce6ab8d1682639fe45ab70234f1665f,63,3690.14,66,3.0,-13.10904296875,0.0,1.473357527153953,3.3459255261737724,60.0,77.59389485719984,1.762364980102331,25.09380936627984,Low,seller,99.3646,100.0,100.0,99.68
d13e50eaa47b4cbe9eb81465865d8cfc,67,8012.84,69,3.0,-4.157614379084968,0.0,3.2050109026021385,3.5617916891527255,60.0,73.75258318795836,1.762364980102331,25.091075169272813,Low,seller,99.3646,100.0,100.0,99.68
bba74270a87732727b5a3b4fd9ac1c39,36,6760.4400000000005,41,3.0,-15.4509765625,-87.5,2.7033053279818073,1.8888289260658393,60.0,78.59888492690192,0.17055144968732233,25.090086713915024,Low,seller,99.3646,100.0,100.0,99.68
f0837c8d71434931d9e38e7b79234797,22,4049.36,23,3.0,-19.519798711755232,50.0,1.6172593768146968,1.1332973556395036,60.0,80.34493181153523,2.67197271176805,25.087439194861375,Low,seller,99.3646,73.33333333333333,100.0,91.68
1da366cade6d8276e7d8beea7af5d4bf,43,8673.73,49,3.0,-7.856722125771605,0.0,3.469760341448219,2.2665947112790072,60.0,75.33997514565488,1.762364980102331,25.08480955011268,Low,seller,99.3646,100.0,100.0,99.68
ad420dd0c4f92f8af951ac24b86d0cf5,42,5618.4,46,3.0,-10.93336528784219,100.0,2.2458094525111876,2.212628170534269,60.0,76.66024991098102,3.581580443433769,25.084095409377454,Low,seller,99.3646,100.0,100.0,99.68
5670f4db5b62c43d542e1b2d56b0cf7c,22,7212.650000000001,22,3.0,-13.51984638047138,50.0,2.884458536141389,1.1332973556395036,60.0,77.77018224232533,2.67197271176805,25.081386507277898,Low,seller,99.3646,73.33333333333333,100.0,91.68
3be5841cdcc46de4ed3f9116f104b2c5,4,687.95,4,3.0,-25.226357060185187,200.0,0.2706942733457336,0.16189962223421478,60.0,82.79377770864043,5.400795906765207,25.08082943453486,Low,seller,99.3646,13.333333333333334,100.0,73.68
747e73c01a4593d4cf60dcf970fd2689,3,2341.76,3,3.0,-29.15775848765432,-50.0,0.9332028140378855,0.10793308148947653,60.0,84.4808534673909,0.8527572484366117,25.06434785953603,Low,seller,99.3646,10.0,100.0,72.68
3340ef1913fb70d28420f6ceb685c339,32,7481.55,42,3.0,-10.5965341159612,50.0,2.992178616798852,1.6729627630868862,60.0,76.51570611016194,2.67197271176805,25.060447463512475,Low,seller,99.3646,100.0,100.0,99.68
271c58a1d139c45eaf3316107c6d3a3b,29,4568.71,29,3.0,-10.538530949931411,266.66666666666663,1.8253085545367258,1.5110631408526713,60.0,76.49081530795185,6.613606215652832,25.060341269332245,Low,seller,99.3646,96.66666666666667,100.0,98.68
5bc237df65098fe211bb4818f4d26d78,2,183.89,2,3.0,-31.837274305555557,0.0,0.06877019801586741,0.053966540744738264,60.0,85.63070963572417,1.762364980102331,25.054965637959803,Low,seller,99.3646,6.666666666666667,100.0,71.68
ed859002ad59dbf8cf3602696a6c3000,7,2690.6400000000003,13,3.0,-27.78462752525252,-60.0,1.0729625081240732,0.32379924446842956,60.0,83.89160406027831,0.6708357021034679,25.05366274280642,Low,seller,99.3646,23.333333333333332,100.0,76.68
66dc1b1632bd6a3e508510c5b3492107,37,4449.26,42,3.0,-13.669068145889794,100.0,1.7774574439583173,1.9427954668105774,60.0,77.8342175304433,3.581580443433769,25.052226773800008,Low,seller,99.3646,100.0,100.0,99.68
06532f10282704ef4c69168b914b77be,8,10918.74,9,3.0,-12.370888310185185,-66.66666666666666,4.369100833366449,0.37776578521316784,60.0,77.2771317757266,0.5495546712147056,25.05169692979369,Low,seller,99.3646,26.666666666666668,100.0,77.68
4aba391bc3b88717ce08eb11e44937b2,29,8435.21,30,3.0,-12.56564773478836,-66.66666666666666,3.374210346511744,1.5110631408526713,60.0,77.36070856382574,0.5495546712147056,25.049090640862023,Low,seller,99.3646,96.66666666666667,100.0,98.68
14d7985702e72162bbf13b6beb74ab2b,37,4441.0,38,3.0,-7.977769554093567,300.0,1.7741485266424728,1.9427954668105774,60.0,75.39192002733351,7.220011370096646,25.048732565805075,Low,seller,99.3646,100.0,100.0,99.68
05feb94f19d094d4b0f9281f0b1d4c99,6,10050.04,6,3.0,-12.475007716049383,0.0,4.0211036817593895,0.26983270372369134,60.0,77.32181236327018,1.762364980102331,25.0482976329595,Low,seller,99.3646,20.0,100.0,75.68
bba3293d6f5d5af2f415e004e8b93ae3,17,12028.79,17,3.0,-8.345047657952069,-66.66666666666666,4.813781664656213,0.8634646519158122,60.0,75.54952946945511,0.5495546712147056,25.047385549915553,Low,seller,99.3646,56.666666666666664,100.0,86.68
06579cb253ecd5a3a12a9e6eb6bf8f47,62,6226.610000000001,72,3.0,-8.378078703703704,-20.0,2.4894555300741326,3.291958985429034,60.0,75.56370402720555,1.3985218874360432,25.04423419820393,Low,seller,99.3646,100.0,100.0,99.68
f3da5b2ff499efb8d4a6d371d175d7dd,79,4826.86,84,3.0,-7.4907462454832885,-22.22222222222222,1.9287222355397906,4.209390178089585,60.0,75.18292452456905,1.358094877139789,25.04421238158367,Low,seller,99.3646,100.0,100.0,99.68
07bf9669d84d1f11be443a9dd938f698,18,2422.22,24,3.0,-18.39480999228395,200.0,0.9654347132186198,0.9174311926605505,60.0,79.8621672726035,5.400795906765207,25.038392893697768,Low,seller,99.3646,60.0,100.0,87.68
f4c4daa86e30c7e5a553a8d518ac03a5,20,6671.2,20,3.0,-12.794899691358024,100.0,2.66755620192055,1.0253642741500268,60.0,77.45908707482499,3.581580443433769,25.033629034680796,Low,seller,99.3646,66.66666666666666,100.0,89.68
2fdde51ad3e12f297da656d4fbd5d0b5,10,6874.14,10,3.0,-17.334645061728395,0.0,2.7488530154892583,0.48569886670264434,60.0,79.40722045844184,1.762364980102331,25.03340018809895,Low,seller,99.3646,33.33333333333333,100.0,79.68
2d50d6282f8aa2257819a77bfaa0efe0,44,4151.5199999999995,45,3.0,-9.635206449181739,200.0,1.6581841943675655,2.3205612520237455,60.0,76.103173166691,5.400795906765207,25.033151136996374,Low,seller,99.3646,100.0,100.0,99.68
3faf68a3b0af94b10bac70d86077be49,7,1442.0900000000001,7,3.0,-29.90291501322751,-66.66666666666666,0.5727992254729909,0.32379924446842956,60.0,84.8006212484131,0.5495546712147056,25.02783823314244,Low,seller,99.3646,23.333333333333332,100.0,76.68
28872dc528e978a639754bc8c2ce5a4c,1,1038.9,1,3.0,-30.005532407407408,0.0,0.41128319973746585,0.0,60.0,84.84465728017963,1.762364980102331,25.026320049958414,Low,seller,99.3646,3.3333333333333335,100.0,70.68
c840d3fdbba0790404fdae73d253b253,9,4881.93,14,3.0,-18.321488921957673,100.0,1.9507830196298113,0.4317323259579061,60.0,79.83070312358814,3.581580443433769,25.025931500260015,Low,seller,99.3646,30.0,100.0,78.68
c731d18cea9bf687ffee82a241c25b11,24,4272.65,26,3.0,-16.307927795584046,100.0,1.7067083050780099,1.24123043712898,60.0,78.96662698490339,3.581580443433769,25.025472192884532,Low,seller,99.3646,80.0,100.0,93.68
f181738b150df1f37cb0bd72e705b193,36,6632.75,37,3.0,-9.299672797797797,100.0,2.652153311993888,1.8888289260658393,60.0,75.95918616868573,3.581580443433769,25.019889194760864,Low,seller,99.3646,100.0,100.0,99.68
afe0067131b73e40875c9b6c10bd2e21,46,6255.85,46,3.0,-10.702703703703703,0.0,2.5011689371340964,2.4284943335132216,60.0,76.56126648884661,1.762364980102331,25.01790073585576,Low,seller,99.3646,100.0,100.0,99.68
33dd941c27854f7625b968cc6195a552,5,7168.41,5,3.0,-18.950388888888888,-50.0,2.8667361993311014,0.21586616297895306,60.0,80.1005819208728,0.8527572484366117,25.01435041351865,Low,seller,99.3646,16.666666666666664,100.0,74.68
e62b2d6ac10570a035a30bafcf01d263,62,6375.47,71,3.0,-8.483317357850808,-50.0,2.5490881489163413,3.291958985429034,60.0,75.60886491590406,0.8527572484366117,25.014321653261433,Low,seller,99.3646,100.0,100.0,99.68
33576ec5412fb5905d876f12f33bfde6,31,3287.98,32,3.0,-16.462378472222223,100.0,1.3122541145946167,1.618996222342148,60.0,79.0329061470002,3.581580443433769,25.011519256357328,Low,seller,99.3646,100.0,100.0,99.68
a9ae440659f48b7849df83e82734150b,1,312.02,1,3.0,-31.108541666666667,0.0,0.12009847594312954,0.0,60.0,85.31798980989068,1.762364980102331,25.009964512276774,Low,seller,99.3646,3.3333333333333335,100.0,70.68
186cdd1b2df32caa72cfb410bba768d3,6,1609.73,6,3.0,-27.634864969135805,0.0,0.6399550243626048,0.26983270372369134,60.0,83.82733670354703,1.762364980102331,25.00978168678199,Low,seller,99.3646,20.0,100.0,75.68
a00824eb9093d40e589b940ec45c4eb0,3,9779.46,3,3.0,-14.3617862654321,-50.0,3.912710600969889,0.10793308148947653,60.0,78.13148250546249,0.8527572484366117,25.00579455132637,Low,seller,99.3646,10.0,100.0,72.68
db1f0f7c7e5e87f40b62226f020bb297,3,123.73,3,3.0,-32.38476466049383,-50.0,0.04467038376390386,0.10793308148947653,60.0,85.865653261555,0.8527572484366117,25.00550809957845,Low,seller,99.3646,10.0,100.0,72.68
934ed5cd1b9c1c7382d0a94a94b9e639,1,152.47,1,3.0,-31.320069444444446,0.0,0.056183493165523415,0.0,60.0,85.40876237351083,1.762364980102331,25.004405901986512,Low,seller,99.3646,3.3333333333333335,100.0,70.68
c43d924a0f1688ee9fae0efcd6f539d4,1,45.01,1,3.0,-31.503657407407406,0.0,0.013135520434206864,0.0,60.0,85.48754517084845,1.762364980102331,25.003308929767762,Low,seller,99.3646,3.3333333333333335,100.0,70.68
cfa5ab0e4d3fc212fd0b3410e7081c62,16,7219.81,21,3.0,-14.938571180555556,0.0,2.8873267986088766,0.809498111171074,60.0,78.37899725720438,1.762364980102331,25.00165865396632,Low,seller,99.3646,53.333333333333336,100.0,85.68
dd5450b022b2d00a2145a66331e1aef6,1,81.34,1,3.0,-31.30633101851852,0.0,0.027689148289490047,0.0,60.0,85.40286682563288,1.762364980102331,24.99497326634201,Low,seller,99.3646,3.3333333333333335,100.0,70.68
cb5df0dcb9e280b1780e9d589889f2c7,16,3689.21,19,3.0,-15.772718942901236,200.0,1.472984973509433,0.809498111171074,60.0,78.73695369971787,5.400795906765207,24.994892665479796,Low,seller,99.3646,53.333333333333336,100.0,85.68
1996942dc085d7773ba77a529b163cd0,10,3183.43,10,3.0,-17.953494084362138,200.0,1.270371874234863,0.48569886670264434,60.0,79.6727861107095,5.400795906765207,24.993533786229065,Low,seller,99.3646,33.33333333333333,100.0,79.68
9df5750209b83567ec144eb299d7d634,11,5176.3,11,3.0,-19.636546717171715,0.0,2.068706263003324,0.5396654074473827,60.0,80.39503168901007,1.762364980102331,24.991019482124585,Low,seller,99.3646,36.666666666666664,100.0,80.68
20d83f3ef0e6925fd74bfd59170babf7,40,3557.21,54,3.0,-10.886395318930042,200.0,1.4201063917065873,2.1046950890447924,60.0,76.64009376630771,5.400795906765207,24.988299345395852,Low,seller,99.3646,100.0,100.0,99.68
99002261c568a84cce14d43fcffb43ea,36,5188.33,36,3.0,-11.504828639403293,100.0,2.073525424663083,1.8888289260658393,60.0,76.90548102899831,3.581580443433769,24.98824505760851,Low,seller,99.3646,100.0,100.0,99.68
d25aa0aaacb370e912f8cf6efeba38b3,17,3373.13,21,3.0,-16.019897486772486,200.0,1.3463648058106192,0.8634646519158122,60.0,78.84302501732354,5.400795906765207,24.986308947997188,Low,seller,99.3646,56.666666666666664,100.0,86.68
681fce914360217db47784ae28905a96,23,4571.8,24,3.0,-12.506877893518519,200.0,1.8265463940652922,1.1872638963842417,60.0,77.33548875954443,5.400795906765207,24.98518279692383,Low,seller,99.3646,76.66666666666667,100.0,92.68
f97e2b0650c2068227e1d366140eb62f,16,4665.98,21,3.0,-18.03202876984127,50.0,1.8642744609909894,0.809498111171074,60.0,79.70648756972794,2.67197271176805,24.98482727272606,Low,seller,99.3646,53.333333333333336,100.0,85.68
2a261b5b644fa05f4f2700eb93544f2c,51,7396.7300000000005,82,3.0,-8.397276987353207,-50.0,2.9582001220373573,2.698327037236913,60.0,75.57194255475157,0.8527572484366117,24.983108903976834,Low,seller,99.3646,100.0,100.0,99.68
1838dd9b8977065acf51d95e0053ea7a,64,4075.88,67,3.0,-10.374782051282052,0.0,1.6278831646132685,3.3998920669185106,60.0,76.42054601530135,1.762364980102331,24.977656366419044,Low,seller,99.3646,100.0,100.0,99.68
4917cee8d902e13428c3ec4b1ca6f315,33,6621.54,33,3.0,-9.279068473715652,100.0,2.6476626384938124,1.7269293038316245,60.0,75.95034426934633,3.581580443433769,24.976740802251378,Low,seller,99.3646,100.0,100.0,99.68
ed49da7cadefc454d6a67de249eab240,2,65.83,2,3.0,-30.841319444444444,0.0,0.02147591492765569,0.053966540744738264,60.0,85.20331718191619,1.762364980102331,24.976668484962143,Low,seller,99.3646,6.666666666666667,100.0,71.68
25cf099de44674fde97473224f9d59ab,50,2359.55,50,3.0,-12.233253009259261,150.0,0.9403294047217691,2.6443604964921748,60.0,77.2180685678542,4.491188175099489,24.975018048227653,Low,seller,99.3646,100.0,100.0,99.68
83deb69e889cf80f82be1dc6d5f2d486,40,6276.650000000001,42,3.0,-11.224277171516755,0.0,2.5095013197212115,2.1046950890447924,60.0,76.78508844399131,1.762364980102331,24.97302393278649,Low,seller,99.3646,100.0,100.0,99.68
5bffbafbb22daf6d3bfc216a46db8708,21,5694.2,23,3.0,-16.159084641706926,0.0,2.276174577516155,1.0793308148947653,60.0,78.9027541697267,1.762364980102331,24.96433470044778,Low,seller,99.3646,70.0,100.0,90.68
fcdd820084f17e9982427971e4e9d47f,16,5665.74,27,3.0,-19.532280521262003,-83.33333333333334,2.264773634803208,0.809498111171074,60.0,80.3502881096983,0.24635209399279878,24.958985044087754,Low,seller,99.3646,53.333333333333336,100.0,85.68
99a54764c341d5dc80b4a8fac4eba3fb,45,5026.26,67,3.0,-9.464221555836138,100.0,2.0086009416874226,2.3745277927684834,60.0,76.02979870366607,3.581580443433769,24.958840080591635,Low,seller,99.3646,100.0,100.0,99.68
a3dd39f583bc80bd8c5901c95878921e,34,5412.16,37,3.0,-11.015514577077077,100.0,2.1631906743974083,1.7808958445763627,60.0,76.69550249890003,3.581580443433769,24.956664582641693,Low,seller,99.3646,100.0,100.0,99.68
4305fe92735c8a43d154ff6dd2b8d927,19,3314.25,21,3.0,-9.591234161793372,400.0,1.3227777535640164,0.9713977334052887,60.0,76.08430341210644,9.039226833428083,24.9562509545793,Low,seller,99.3646,63.33333333333333,100.0,88.68
740205fedfe4e90ca6857bc77db0f2b4,1,251.83,1,3.0,-30.385925925925925,0.0,0.09598664383166537,0.0,60.0,85.00789491839036,1.762364980102331,24.956216728918285,Low,seller,99.3646,3.3333333333333335,100.0,70.68
7a9c12e235c36247c3c81f50d6ea9cea,5,1099.5900000000001,5,3.0,-27.9035625,0.0,0.43559532950727425,0.21586616297895306,60.0,83.9426424282664,1.762364980102331,24.952278001847112,Low,seller,99.3646,16.666666666666664,100.0,74.68
6df688df543f90e9b38f4319e75a9d88,40,2733.56,56,3.0,-14.651089015151516,100.0,1.0901560591163315,2.1046950890447924,60.0,78.25563051349373,3.581580443433769,24.949723211363533,Low,seller,99.3646,100.0,100.0,99.68
c3251e13f1bbda6c74e37c160f991e19,2,513.08,2,3.0,-29.518628472222222,0.0,0.2006421703164639,0.053966540744738264,60.0,84.63571300393461,1.762364980102331,24.94527773488155,Low,seller,99.3646,6.666666666666667,100.0,71.68
845e8036c3f7bf62099352f5ed910240,21,2045.24,24,3.0,-12.768772665895062,350.0,0.8144182907334933,1.0793308148947653,60.0,77.44787522782336,8.129619101762366,24.944301385293482,Low,seller,99.3646,70.0,100.0,90.68
d63c73efd41eb002280e7ec831424edb,2,5766.59,2,3.0,-19.66546875,0.0,2.3051736724912155,0.053966540744738264,60.0,80.4074429528758,1.762364980102331,24.942396677875152,Low,seller,99.3646,6.666666666666667,100.0,71.68
1b938a7ec6ac5061a66a3766e0e75f90,30,4897.83,33,3.0,-13.996537858422938,50.0,1.957152485165154,1.5650296815974094,60.0,77.97474406377553,2.67197271176805,24.941812046692036,Low,seller,99.3646,100.0,100.0,99.68
6fc26fe110feebd80a433e1f012a84f9,35,5128.06,72,3.0,-13.928322241512346,0.0,2.049381544926284,1.834862385321101,60.0,77.9454708094968,1.762364980102331,24.941587179242912,Low,seller,99.3646,100.0,100.0,99.68
9198786624eaeb375793215cad26cfa6,9,1118.3700000000001,10,3.0,-18.365036008230454,300.0,0.4431185095546791,0.4317323259579061,60.0,79.84939041232484,7.220011370096646,24.940278333214266,Low,seller,99.3646,30.0,100.0,78.68
76d336555bb25f3165d2f0d6da719c40,2,353.63,2,3.0,-29.677118055555557,0.0,0.13676724707052654,0.053966540744738264,60.0,84.70372537534698,1.762364980102331,24.936317113619623,Low,seller,99.3646,6.666666666666667,100.0,71.68
5151aea44289d6c6b090ee31c2132508,7,1482.47,7,3.0,-26.510648148148146,0.0,0.5889752643608613,0.32379924446842956,60.0,83.34490340812832,1.762364980102331,24.935614399654845,Low,seller,99.3646,23.333333333333332,100.0,76.68
1d4587203296c8f4ad134dc286fa6db0,42,3027.54,43,3.0,-10.584056571815719,200.0,1.2079230703163357,2.212628170534269,60.0,76.51035164238628,5.400795906765207,24.93216630076293,Low,seller,99.3646,100.0,100.0,99.68
406822777a0b9eb5c50e442dd4cd3ec5,45,4596.34,47,3.0,-9.84150714573269,100.0,1.8363770031368216,2.3745277927684834,60.0,76.1917026416341,3.581580443433769,24.931458489721656,Low,seller,99.3646,100.0,100.0,99.68
b127efdabeffb5d559349c7b172eb75d,10,421.27,10,3.0,-19.308587962962964,300.0,0.163863514291318,0.48569886670264434,60.0,80.2542952940366,7.220011370096646,24.93072920207821,Low,seller,99.3646,33.33333333333333,100.0,79.68
c87abc38c8ed3240861729e1aeadf221,1,148.68,1,3.0,-30.143935185185185,0.0,0.05466523691527505,0.0,60.0,84.90404983411756,1.762364980102331,24.928243544202452,Low,seller,99.3646,3.3333333333333335,100.0,70.68
45ba18c210d42734ec52c0c1c574e9ee,38,6562.09,41,3.0,-11.794406980994152,-50.0,2.623847246916698,1.9967620075553156,60.0,77.02974730131119,0.8527572484366117,24.926082496004177,Low,seller,99.3646,100.0,100.0,99.68
d1ef48b38baca7e831711c4a0aeb398f,29,2144.69,35,3.0,-14.823306440631809,200.0,0.8542574949781372,1.5110631408526713,60.0,78.32953389098455,5.400795906765207,24.92355270803081,Low,seller,99.3646,96.66666666666667,100.0,98.68
9803a40e82e45418ab7fb84091af5231,11,4791.38,18,3.0,-20.684236754115226,-50.0,1.9145091137036927,0.5396654074473827,60.0,80.84462517281507,0.8527572484366117,24.921238586738877,Low,seller,99.3646,36.666666666666664,100.0,80.68
4c498c7345e89aebad651544829beca0,48,5389.76,48,3.0,-8.484544178486997,66.66666666666666,2.154217339303592,2.536427415002698,60.0,75.60939137940412,2.9751752889899565,24.919298291351364,Low,seller,99.3646,100.0,100.0,99.68
5b67882648febfb6e1225e6ad7164f6b,27,7432.42,30,3.0,-12.768632330246913,-66.66666666666666,2.97249736888996,1.4031300593631948,60.0,77.44781500581996,0.5495546712147056,24.91465944350225,Low,seller,99.3646,90.0,100.0,96.68
4b5f66b7adcf57f1ecc0d3c07dd6b177,23,7115.96,38,3.0,-13.67584460282651,-50.0,2.8457249749708042,1.1872638963842417,60.0,77.83712550014292,0.8527572484366117,24.911378016452403,Low,seller,99.3646,76.66666666666667,100.0,92.68
f00e21b1e91a79653163b7fd8f293ff1,31,4471.06,31,3.0,-15.516474014336916,0.0,1.786190421862121,1.618996222342148,60.0,78.62699173952143,1.762364980102331,24.91089144108262,Low,seller,99.3646,100.0,100.0,99.68
d379f449f2a3b271bc01c0782020f705,28,5499.8,29,3.0,-14.174528655810983,0.0,2.1982988479519645,1.457096600107933,60.0,78.0511249587551,1.762364980102331,24.90766904623607,Low,seller,99.3646,93.33333333333333,100.0,97.68
5a93f3ab0ef4c84ed5e1b5dbf23978bc,39,3035.39,44,3.0,-18.35395241171404,-66.66666666666666,1.2110677435523383,2.0507285483000537,60.0,79.84463412697785,0.5495546712147056,24.907653046308862,Low,seller,99.3646,100.0,100.0,99.68
bccf933e006e9b94a6184af782963e77,45,5047.21,46,3.0,-12.54825759863124,-40.0,2.0169934135720413,2.3745277927684834,60.0,77.35324596360712,1.0346787947697555,24.90518474628178,Low,seller,99.3646,100.0,100.0,99.68
87e24fc7052259b1f7f607d61c10d8be,8,7709.860000000001,8,3.0,-11.35681712962963,100.0,3.083638533551941,0.37776578521316784,60.0,76.84196509587318,3.581580443433769,24.90398581509323,Low,seller,99.3646,26.666666666666668,100.0,77.68
3f0e48d209018b466fcd3bb4ccfeb520,9,5654.8,10,3.0,-16.394836805555556,50.0,2.260391122038639,0.4317323259579061,60.0,79.00392210386923,2.67197271176805,24.903836004858256,Low,seller,99.3646,30.0,100.0,78.68
b4a476fbd28de64b1e347abf9089366a,33,6735.95,38,3.0,-10.692265211640212,0.0,2.693494748676112,1.7269293038316245,60.0,76.55678703610104,1.762364980102331,24.899535303986127,Low,seller,99.3646,100.0,100.0,99.68
c5f7e746b7e6d07def6c0dae9903279b,10,1658.9199999999998,11,3.0,-16.411133207070705,300.0,0.6596603079904984,0.48569886670264434,60.0,79.0109153515592,7.220011370096646,24.892961248816356,Low,seller,99.3646,33.33333333333333,100.0,79.68
40d54b51e962dbe09cabbcfd33298dee,30,7323.25,31,3.0,-11.816552045997609,-60.0,2.928764378167106,1.5650296815974094,60.0,77.03925037624072,0.6708357021034679,24.892857860495937,Low,seller,99.3646,100.0,100.0,99.68
6a51fc556dab5f766ced6fbc860bc613,26,8370.25,33,3.0,-10.870533900836321,-66.66666666666666,3.348187674739677,1.3491635186184565,60.0,76.6332871823302,0.5495546712147056,24.891695726547518,Low,seller,99.3646,86.66666666666667,100.0,95.68
725af026f869236a8dd0ceb98564d156,7,1362.67,8,3.0,-26.04363425925926,0.0,0.5409839454216122,0.32379924446842956,60.0,83.14449451438392,1.762364980102331,24.891155669911413,Low,seller,99.3646,23.333333333333332,100.0,76.68
04aa0a1c5ce6b222003403a3e11c3cc0,11,6339.51,17,3.0,-15.898511710239651,0.0,2.534682741328233,0.5396654074473827,60.0,78.79093494083968,1.762364980102331,24.8901979133965,Low,seller,99.3646,36.666666666666664,100.0,80.68
c7dcd301ecfe5ab7f778ac172cf74be7,4,519.83,4,3.0,-28.227681327160493,0.0,0.20334618870410942,0.16189962223421478,60.0,84.08173100172941,1.762364980102331,24.88997491043943,Low,seller,99.3646,13.333333333333334,100.0,73.68
7c5b05cbdb5542049f38d90d7815b97d,22,1345.46,24,3.0,-11.605926429146537,400.0,0.5340897000214078,1.1332973556395036,60.0,76.94886495543925,9.039226833428083,24.889803675574996,Low,seller,99.3646,73.33333333333333,100.0,91.68
d8c7ba53e7e38711eaef8c2849d6d2e1,22,1788.34,22,3.0,-17.828232323232324,150.0,0.7115053538762883,1.1332973556395036,60.0,79.61903273939922,4.491188175099489,24.88874967349259,Low,seller,99.3646,73.33333333333333,100.0,91.68
1b65c144b17e607c0f37f10bb7dfec8d,5,1254.35,5,3.0,-28.005888888888887,-50.0,0.4975914607179437,0.21586616297895306,60.0,83.9865535814162,0.8527572484366117,24.886502741016212,Low,seller,99.3646,16.666666666666664,100.0,74.68
82bd0703a4aefd6b599e5bfdaed378fb,21,3084.84,24,3.0,-20.522049114331722,-25.0,1.230877181962571,1.0793308148947653,60.0,80.77502586058614,1.3075611142694712,24.88610584882733,Low,seller,99.3646,70.0,100.0,90.68
011b0eaba87386a2ae96a7d32bb531d1,1,129.16,2,3.0,-29.522291666666668,0.0,0.04684561633352091,0.0,60.0,84.63728498447662,1.762364980102331,24.88588293058178,Low,seller,99.3646,3.3333333333333335,100.0,70.68
50c9975695009e5e6473912e83a6d1da,50,6883.95,68,3.0,-8.051003370098039,-50.0,2.7527828555459695,2.6443604964921748,60.0,75.42334673304681,0.8527572484366117,24.88570271558752,Low,seller,99.3646,100.0,100.0,99.68
d101c6da914ae3d53f7bee42283f2fe2,13,1557.55,16,3.0,-20.761199363425927,125.0,0.6190519607378131,0.6475984889368591,60.0,80.87765200940089,4.036384309266629,24.882901442792352,Low,seller,99.3646,43.333333333333336,100.0,82.68
d3f39f05462b79a4562d35893a28f159,34,2968.77,38,3.0,-11.599013388388387,200.0,1.1843800835545688,1.7808958445763627,60.0,76.94589837375139,5.400795906765207,24.88250233294969,Low,seller,99.3646,100.0,100.0,99.68
870d0118f7a9d85960f29ad89d5d989a,45,4428.03,61,3.0,-9.393743928354585,100.0,1.7689528053850263,2.3745277927684834,60.0,75.99955475655155,3.581580443433769,24.882409047633736,Low,seller,99.3646,100.0,100.0,99.68
b17b679f4f5ce2e03ce6968c62648246,55,5160.82,57,3.0,-10.773658542120552,-71.42857142857143,2.0625050475009896,2.914193200215866,60.0,76.59171522069646,0.4629253634370178,24.882349633752433,Low,seller,99.3646,100.0,100.0,99.68
3bdff180c7e1f6551a643b99c265a120,59,4161.86,61,3.0,-11.713389607279694,-70.0,1.6623263499421215,3.130059363194819,60.0,76.9949804504177,0.4889141557703241,24.879351228921028,Low,seller,99.3646,100.0,100.0,99.68
f125f3a310c2e5f822d116147de1e474,16,3049.29,22,3.0,-9.434497053872054,400.0,1.2166360184543046,0.809498111171074,60.0,76.01704307755419,9.039226833428083,24.873844478305,Low,seller,99.3646,53.333333333333336,100.0,85.68
b1ac6ea7895bc3dd6f0f6f4abbdd2821,40,3964.33,41,3.0,-16.119986598440548,-75.0,1.5831967570366972,2.1046950890447924,60.0,78.88597609141895,0.3979533826037522,24.87382455134543,Low,seller,99.3646,100.0,100.0,99.68
efcd8d2104f1a05d028af7bad20d974b,47,3280.19,51,3.0,-13.802633101851852,0.0,1.3091334770776155,2.48246087425796,60.0,77.89153403794816,1.762364980102331,24.87332186539023,Low,seller,99.3646,100.0,100.0,99.68
ac9b01377919cdbd2a1bbb8d5837c70b,1,79.44,1,3.0,-29.41528935185185,0.0,0.02692801718778242,0.0,60.0,84.59136725900781,1.762364980102331,24.87301999201774,Low,seller,99.3646,3.3333333333333335,100.0,70.68
cb810bd318f51b3dc3c753944d61a1fa,1,1789.02,1,3.0,-26.07744212962963,0.0,0.7117777586916364,0.0,60.0,83.15900242959154,1.762364980102331,24.863620190056455,Low,seller,99.3646,3.3333333333333335,100.0,70.68
d94ba08b99bedd6a5f6c875ecc4a6fac,9,778.27,10,3.0,-12.154827674897119,500.0,0.306876042349014,0.4317323259579061,60.0,77.18441403449879,10.858442296759522,24.86350222904495,Low,seller,99.3646,30.0,100.0,78.68
1ce3ae5a399804d1a87e706f8a813c3e,40,3416.69,44,3.0,-15.565438499579125,-25.0,1.363814737805558,2.1046950890447924,60.0,78.64800378767166,1.3075611142694712,24.86327487318056,Low,seller,99.3646,100.0,100.0,99.68
41da412d33e8da4f22baf55cb1bde82c,15,1237.06,21,3.0,-18.512913910934746,200.0,0.49066516769240426,0.7555315704263357,60.0,79.91284901087042,5.400795906765207,24.863089385221386,Low,seller,99.3646,50.0,100.0,84.68
5b179e9e8cc7ab6fd113a46ca584da81,34,5839.14,36,3.0,-12.960965149176955,-50.0,2.3342368627169465,1.7808958445763627,60.0,77.53035046866074,0.8527572484366117,24.860323315101947,Low,seller,99.3646,100.0,100.0,99.68
48e954b2da4f6a750c844173b347ed40,2,556.81,6,3.0,-28.11119984567901,0.0,0.21816020351523988,0.053966540744738264,60.0,84.0317454972277,1.762364980102331,24.859938018835145,Low,seller,99.3646,6.666666666666667,100.0,71.68
612a743d294c27884fb7b80d2b19ba35,2,3162.15,3,3.0,-23.222743055555554,0.0,1.2618472058957375,0.053966540744738264,60.0,81.93397016177293,1.762364980102331,24.85837781923108,Low,seller,99.3646,6.666666666666667,100.0,71.68
a2b5b6105ea5942300631d2e76f4ffe0,16,4009.34,16,3.0,-7.385464409722222,400.0,1.6012275522408341,0.809498111171074,60.0,75.13774510541631,9.039226833428083,24.857327242620276,Low,seller,99.3646,53.333333333333336,100.0,85.68
784ba75dd9d20200c4caed3d7a77141a,21,8924.949999999999,24,3.0,-8.376506207912458,0.0,3.5703978969066346,1.0793308148947653,60.0,75.56302922470087,1.762364980102331,24.851642954511046,Low,seller,99.3646,70.0,100.0,90.68
02ecc2a19303f05e59ce133fd923fff7,21,5742.4,24,3.0,-14.31782455632716,0.0,2.2954832717805274,1.0793308148947653,60.0,78.11261729031911,1.762364980102331,24.85160677681595,Low,seller,99.3646,70.0,100.0,90.68
723a46b89fd5c3ed78ccdf039e33ac63,1,90.03999999999999,1,3.0,-29.038229166666667,0.0,0.031174327544677593,0.0,60.0,84.42956004858885,1.762364980102331,24.850022803561963,Low,seller,99.3646,3.3333333333333335,100.0,70.68
3d621842b2ed28e2b474132480edac3c,10,1080.7,10,3.0,-11.135746527777778,500.0,0.4280280839750336,0.48569886670264434,60.0,76.74709743602276,10.858442296759522,24.847741986947536,Low,seller,99.3646,33.33333333333333,100.0,79.68
f214d28e8d8e3ef068748498ccc2f813,54,3021.52,59,3.0,-12.382631172839506,0.0,1.2055114865098726,2.860226659471128,60.0,77.28217097085535,1.762364980102331,24.845272254459278,Low,seller,99.3646,100.0,100.0,99.68
aae3bfea055532c57fb453ed3ec80b30,48,3857.17,50,3.0,-13.488141203703703,-50.0,1.540268962900387,2.536427415002698,60.0,77.75657665252778,0.8527572484366117,24.84494976534362,Low,seller,99.3646,100.0,100.0,99.68
2cb4700db635baa1c0d4f90ed27b6669,2,228.72000000000003,2,3.0,-28.490868055555552,0.0,0.08672888606300051,0.053966540744738264,60.0,84.19467188494671,1.762364980102331,24.844947581757324,Low,seller,99.3646,6.666666666666667,100.0,71.68
2199e7fe213c16213bf5d6a7eadc9a5d,25,4647.78,31,3.0,-12.57404513888889,100.0,1.8569836262272637,1.2951969778737182,60.0,77.364312127887,3.581580443433769,24.84369919586304,Low,seller,99.3646,83.33333333333334,100.0,94.68
817245bcc3badd82bbd222e0366951a6,29,6303.08,45,3.0,-12.855071548821549,-50.0,2.520089053941281,1.5110631408526713,60.0,77.48490852398467,0.8527572484366117,24.841804504836915,Low,seller,99.3646,96.66666666666667,100.0,98.68
bbad7e518d7af88a0897397ffdca1979,69,5800.42,85,3.0,-6.3405882109788365,-83.33333333333334,2.3187258120547782,3.669724770642202,60.0,74.68935911932023,0.24635209399279878,24.841088013574296,Low,seller,99.3646,100.0,100.0,99.68
232a6014e7b10cba61c6c2b2ea6bb4b0,33,5133.27,36,3.0,-13.653479497354498,-33.33333333333333,2.0514686465262297,1.7269293038316245,60.0,77.82752799961293,1.1559598256585182,24.836898102423568,Low,seller,99.3646,100.0,100.0,99.68
6a8a889bde935bafa76d7848782dfaf9,26,1228.62,30,3.0,-14.39678125,250.0,0.48728414321955565,1.3491635186184565,60.0,78.14649984501216,6.310403638430927,24.836491463215395,Low,seller,99.3646,86.66666666666667,100.0,95.68
0ed6ce5d87fd9c69eaacaeb778d67235,43,2829.25,43,3.0,-12.075429894179894,100.0,1.1284890249702277,2.2665947112790072,60.0,77.15034219685569,3.581580443433769,24.83590475918255,Low,seller,99.3646,100.0,100.0,99.68
3ab971ce71839580d2ae5b4e40fe8044,36,5899.05,38,3.0,-11.415987862862863,-28.57142857142857,2.358236528139738,1.8888289260658393,60.0,76.86735693425625,1.2425891334362056,24.83404064344044,Low,seller,99.3646,100.0,100.0,99.68
3481aa57cd91f9f9d3fa1fa12d9a3bf7,25,2547.17,25,3.0,-16.294072222222223,100.0,1.0154890980388136,1.2951969778737182,60.0,78.96068116574104,3.581580443433769,24.830706193084602,Low,seller,99.3646,83.33333333333334,100.0,94.68
77e4abfd739aed9c46480f90f81c0eb4,18,4092.21,18,3.0,-14.832436342592594,100.0,1.6344248861347874,0.9174311926605505,60.0,78.33345179063484,3.581580443433769,24.827861076944174,Low,seller,99.3646,60.0,100.0,87.68
02f5837340d7eb4f653d676c7256523a,30,4463.88,30,3.0,-16.664940972222222,-80.0,1.7833141474882994,1.5650296815974094,60.0,79.11983145587202,0.3069926094371802,24.824925643970364,Low,seller,99.3646,100.0,100.0,99.68
fa74b2f3287d296e9fbd2cc80f2d1cf1,11,2635.6800000000003,11,3.0,-4.8154861111111105,600.0,1.0509457895188885,0.5396654074473827,60.0,74.03489459063367,12.67765776009096,24.82320005332166,Low,seller,99.3646,36.666666666666664,100.0,80.68
070d165398b553f3b4b851c216b8a358,32,4396.75,39,3.0,-8.428133528265107,200.0,1.7564221838790188,1.6729627630868862,60.0,75.58518397085516,5.400795906765207,24.82302453224022,Low,seller,99.3646,100.0,100.0,99.68
da6a60cc8cc724fe51be021ff8be779c,12,984.58,13,3.0,-13.31508368945869,400.0,0.3895228621349615,0.5936319481921208,60.0,77.68231276914197,9.039226833428083,24.821534444402623,Low,seller,99.3646,40.0,100.0,81.68
3361277dc30b7cccdb0c286b24219756,29,4540.9,42,3.0,-14.375486386684305,0.0,1.8141679987796262,1.5110631408526713,60.0,78.13736161571947,1.762364980102331,24.818856925215208,Low,seller,99.3646,96.66666666666667,100.0,98.68
bbf4a892cac7b82422baa711dffb8997,1,105.34,1,3.0,-28.51152777777778,0.0,0.037303435890007425,0.0,60.0,84.20353755719786,1.762364980102331,24.817958162356916,Low,seller,99.3646,3.3333333333333335,100.0,70.68
4559697a8f7e637227c2eeaed843baff,42,4474.27,42,3.0,-11.752505935422603,0.0,1.78747633282869,2.212628170534269,60.0,77.01176637528411,1.762364980102331,24.817401396785023,Low,seller,99.3646,100.0,100.0,99.68
1b8b75e227c9a9c100d0c210fb6176ce,19,2195.61,19,3.0,-18.928371141975312,66.66666666666666,0.8746558085039016,0.9713977334052887,60.0,80.09113348174353,2.9751752889899565,24.816433727063018,Low,seller,99.3646,63.33333333333333,100.0,88.68
ea4e9ce63a2134743b4a92777437fcdd,3,382.3,4,3.0,-27.475109953703704,0.0,0.14825231479997794,0.10793308148947653,60.0,83.75878129936186,1.762364980102331,24.811512657726873,Low,seller,99.3646,10.0,100.0,72.68
bb135baca94c82fcb731335ad5b04a03,18,1522.68,38,3.0,-23.6023897417154,-50.0,0.6050832020448949,0.9174311926605505,60.0,82.09688731305519,0.8527572484366117,24.810691580580546,Low,seller,99.3646,60.0,100.0,87.68
a1474fd46fd3430168f7ec202da39408,12,3413.52,14,3.0,-11.365837466931216,300.0,1.3625448506516564,0.5936319481921208,60.0,76.8458359782234,7.220011370096646,24.8060479759867,Low,seller,99.3646,40.0,100.0,81.68
cd6efc47efaabf134f8bdb654e10b4f1,31,4757.16,32,3.0,-13.351646050347222,0.0,1.9008007419666215,1.618996222342148,60.0,77.6980027142864,1.762364980102331,24.805926183328715,Low,seller,99.3646,100.0,100.0,99.68
e81e1f9c3e762e620f3fb60a51499e16,17,4979.49,18,3.0,-13.043834233539094,100.0,1.9898650987259143,0.8634646519158122,60.0,77.56591194106606,3.581580443433769,24.805870528100012,Low,seller,99.3646,56.666666666666664,100.0,86.68
56642bcb79900e777d68e91915cb4267,48,4471.79,56,3.0,-10.291621197089947,0.0,1.786482856443303,2.536427415002698,60.0,76.38485933619394,1.762364980102331,24.804017109122988,Low,seller,99.3646,100.0,100.0,99.68
817f85dbb65aa3e70831d90fe75cdf89,11,1783.8899999999999,11,3.0,-24.933354377104376,-66.66666666666666,0.7097227047170257,0.5396654074473827,60.0,82.66804195435682,0.5495546712147056,24.802994923551946,Low,seller,99.3646,36.666666666666664,100.0,80.68
78813699ffac347fe27dba345a5f1551,1,200.54,1,3.0,-28.074814814814815,0.0,0.07544011003872635,0.0,60.0,84.01613164942182,1.762364980102331,24.801288278435123,Low,seller,99.3646,3.3333333333333335,100.0,70.68
0a85ebe4e328db81ac9109781205e2f7,12,805.65,12,3.0,-7.655358796296295,600.0,0.31784434211993756,0.5936319481921208,60.0,75.25356443483673,12.67765776009096,24.799561730918615,Low,seller,99.3646,40.0,100.0,81.68
157c3e4b42f81ac4a44e8b1ca2fe9876,23,3131.82,31,3.0,-12.310325567502987,200.0,1.2496971499405838,1.1872638963842417,60.0,77.25114258664286,5.400795906765207,24.79947609775118,Low,seller,99.3646,76.66666666666667,100.0,92.68
165b1235e9e9942cb5fae67103576fb0,11,2489.8,16,3.0,-7.5420970775462965,500.0,0.9925069447204102,0.5396654074473827,60.0,75.20496062176325,10.858442296759522,24.79925675821841,Low,seller,99.3646,36.666666666666664,100.0,80.68
503c1de08ae81a2d86f17951b204db55,22,5321.9,22,3.0,-11.22176452020202,100.0,2.127032941113129,1.1332973556395036,60.0,76.78401019410981,3.581580443433769,24.79719379470366,Low,seller,99.3646,73.33333333333333,100.0,91.68
0bebbb2cea103a4a020c95d43fd7d754,9,1514.34,9,3.0,-9.713931327160493,500.0,0.601742237103715,0.4317323259579061,60.0,76.13695624270062,10.858442296759522,24.794843418701635,Low,seller,99.3646,30.0,100.0,78.68
850857dfac77488c307e2b1cbd84ab5a,1,1638.72,1,3.0,-25.19550925925926,0.0,0.6515682825933964,0.0,60.0,82.7805400431125,1.762364980102331,24.788787989255127,Low,seller,99.3646,3.3333333333333335,100.0,70.68
729b2d09b2a0bdab221076327f13d050,49,2768.66,61,3.0,-12.311163966049383,25.0,1.1042169547320881,2.5903939557474365,60.0,77.25150236721727,2.2171688459351904,24.788305815032594,Low,seller,99.3646,100.0,100.0,99.68
79ed755314cfe6df0daef2c6cd3022cd,23,4366.66,25,3.0,-12.621816666666666,100.0,1.74436827079987,1.1872638963842417,60.0,77.38481224418376,3.581580443433769,24.78600633630696,Low,seller,99.3646,76.66666666666667,100.0,92.68
86bb7c4b535e49a541baf3266b1c95b1,16,8487.22,16,3.0,-11.103603153935184,-66.66666666666666,3.395045308932699,0.809498111171074,60.0,76.73330380344294,0.5495546712147056,24.785839158110488,Low,seller,99.3646,53.333333333333336,100.0,85.68
fc4751cfe3b279c419615b9b00c1abb4,1,471.05,1,3.0,-27.32818287037037,0.0,0.1838051491560578,0.0,60.0,83.69573072435225,1.762364980102331,24.78573765140989,Low,seller,99.3646,3.3333333333333335,100.0,70.68
8b2492b7ff4468839593fafeed55bad9,29,4336.26,45,3.0,-5.751462962962963,300.0,1.7321901731725482,1.5110631408526713,60.0,74.43654878103959,7.220011370096646,24.784906291330536,Low,seller,99.3646,96.66666666666667,100.0,98.68
8bd0f31cf0a614c658f6763bd02dea69,33,5423.320000000001,35,3.0,-12.291676917989419,-33.33333333333333,2.167661318131649,1.7269293038316245,60.0,77.24313992267984,1.1559598256585182,24.78409769236523,Low,seller,99.3646,100.0,100.0,99.68
c4af86330efa7a2620772227d2d670c9,4,5760.96,4,3.0,-18.199071180555556,-50.0,2.302918320858261,0.16189962223421478,60.0,79.77817020173552,0.8527572484366117,24.783351656920022,Low,seller,99.3646,13.333333333333334,100.0,73.68
0ebd97a106433a45a4aebe57c1799778,31,3661.6800000000003,32,3.0,-16.45788773148148,-50.0,1.4619565844410063,1.618996222342148,60.0,79.03097904289183,0.8527572484366117,24.783258612195276,Low,seller,99.3646,100.0,100.0,99.68
3f8034bfc6b8b4135534975d49f04c63,12,1594.51,16,3.0,-17.214122023809523,200.0,0.6338579636426099,0.5936319481921208,60.0,79.35550060754511,5.400795906765207,24.7819700579491,Low,seller,99.3646,40.0,100.0,81.68
014c0679dd340a0e338872e7ec85666a,14,7686.31,15,3.0,-11.052038580246913,0.0,3.074204513843933,0.7015650296815974,60.0,76.71117598366041,1.762364980102331,24.780565507132874,Low,seller,99.3646,46.666666666666664,100.0,83.68
2a7dc43cecabf23403078e2188437d1d,52,5629.62,54,3.0,-9.540561128257888,-92.85714285714286,2.2503041319644295,2.7522935779816518,60.0,76.06255817746752,0.0730934784374238,24.779857708548608,Low,seller,99.3646,100.0,100.0,99.68
41ab63a91b8b264e8c8780368bf1dd5b,12,2874.22,13,3.0,-21.81409277065527,-50.0,1.146503796361697,0.5936319481921208,60.0,81.32947840684622,0.8527572484366117,24.777056611827135,Low,seller,99.3646,40.0,100.0,81.68
c84592044b180dec206770c38603814b,15,736.2,15,3.0,-12.453935185185186,400.0,0.29002299737594045,0.7555315704263357,60.0,77.31276954313279,9.039226833428083,24.776727906632093,Low,seller,99.3646,50.0,100.0,84.68
c398bc00a606d33758afd91f4e64fd15,2,165.5,2,3.0,-27.531035879629627,0.0,0.06140325014197098,0.053966540744738264,60.0,83.78278069897954,1.762364980102331,24.775566213085938,Low,seller,99.3646,6.666666666666667,100.0,71.68
6481e96574816ead57975da2c0f6d80d,32,4340.86,43,3.0,-10.57369051464255,100.0,1.7340329116293136,1.6729627630868862,60.0,76.50590327350477,3.581580443433769,24.772494099629608,Low,seller,99.3646,100.0,100.0,99.68
382229d1e840115ffe3dbf5ff460e417,46,4966.62,49,3.0,-9.672912085262345,-13.333333333333334,1.9847094370001368,2.4284943335132216,60.0,76.11935372361793,1.5198029183248059,24.772419764853517,Low,seller,99.3646,100.0,100.0,99.68
f61c63d13f7cd800549d5acdd390ae72,26,3501.69,26,3.0,-10.534161324786323,200.0,1.397865339724057,1.3491635186184565,60.0,76.4889401779777,5.400795906765207,24.770071098945003,Low,seller,99.3646,86.66666666666667,100.0,95.68
dd55f1bb788714a40e7954c3be6df745,35,7701.18,37,3.0,-8.834618055555556,-85.71428571428571,3.080161366203087,1.834862385321101,60.0,75.75961800028479,0.20303744010395527,24.767010450244317,Low,seller,99.3646,100.0,100.0,99.68
04fdea0c111866e6cf812f1570d6b5bd,10,1261.95,10,3.0,-9.533265335648148,500.0,0.5006359851247741,0.48569886670264434,60.0,76.0594273461139,10.858442296759522,24.766373843806132,Low,seller,99.3646,33.33333333333333,100.0,79.68
c26a2be5b53b7db6b276280da212a779,13,8288.85,18,3.0,-11.30089570473251,-50.0,3.3155792159612565,0.6475984889368591,60.0,76.81796762777452,0.8527572484366117,24.76454425603243,Low,seller,99.3646,43.333333333333336,100.0,82.68
198c7ea11960a9844b544d9bcdca860c,25,2225.38,25,3.0,-10.203111111111111,300.0,0.88658153108171,1.2951969778737182,60.0,76.34687715014282,7.220011370096646,24.763806413324026,Low,seller,99.3646,83.33333333333334,100.0,94.68
e9c6969d40e6a3d2d0f90013165c2b98,10,5481.9800000000005,10,3.0,-17.602534722222224,-66.66666666666666,2.1911602394085805,0.48569886670264434,60.0,79.52217950309223,0.5495546712147056,24.76205518108354,Low,seller,99.3646,33.33333333333333,100.0,79.68
55a5b51f93f2b70ea513f5a047b0262a,39,4849.38,41,3.0,-11.75954945799458,-33.33333333333333,1.9377436420716094,2.0507285483000537,60.0,77.01478895041582,1.1559598256585182,24.761819554824722,Low,seller,99.3646,100.0,100.0,99.68
bfd938b22bc99bce1ae60dc602889f52,6,1118.26,12,3.0,-24.688896604938275,0.0,0.4430744440698433,0.26983270372369134,60.0,82.56313819698981,1.762364980102331,24.76108773671058,Low,seller,99.3646,20.0,100.0,75.68
dc8798cbf453b7e0f98745e396cc5616,41,2680.7,51,3.0,-8.757740363910422,200.0,1.068980590676192,2.1586616297895307,60.0,75.72662760427562,5.400795906765207,24.759433315968103,Low,seller,99.3646,100.0,100.0,99.68
2953ce3a88f5e3c3b696d77fc9e4c8eb,14,631.32,15,3.0,-4.109384259259259,700.0,0.2480085605616795,0.7015650296815974,60.0,73.73188627681847,14.4968732234224,24.75926408945391,Low,seller,99.3646,46.666666666666664,100.0,83.68
9a84ba99f5367fdbd4598363496f1ea2,16,2720.9300000000003,16,3.0,-21.680817901234565,-75.0,1.0850965402665593,0.809498111171074,60.0,81.27228638369658,0.3979533826037522,24.758541785687598,Low,seller,99.3646,53.333333333333336,100.0,85.68
19a7c9f66ffa6452ff4b4c0cca71da27,1,338.74,1,3.0,-27.136944444444445,0.0,0.13080238280503892,0.0,60.0,83.61366489656194,1.762364980102331,24.757526947336036,Low,seller,99.3646,3.3333333333333335,100.0,70.68
6f229cc508fc6915ed5c499efd93baa4,13,2988.68,14,3.0,-8.360176917989419,400.0,1.1923559363098313,0.6475984889368591,60.0,75.55602186366308,9.039226833428083,24.756932366019434,Low,seller,99.3646,43.333333333333336,100.0,82.68
4bf2f4ee540798a61f9636d12cd9cc80,29,5501.01,30,3.0,-11.598531635802468,0.0,2.1987835682851573,1.5110631408526713,60.0,76.94569164006509,1.762364980102331,24.75549109971871,Low,seller,99.3646,96.66666666666667,100.0,98.68
977f9f63dd360c2a32ece2f93ad6d306,24,3793.8500000000004,25,3.0,-10.127770543981482,200.0,1.514903267447689,1.24123043712898,60.0,76.31454637782157,5.400795906765207,24.752040136866306,Low,seller,99.3646,80.0,100.0,93.68
3c03b12bab54d8b37d79d914bfdb1aa0,37,4919.7699999999995,43,3.0,-8.117829188199828,100.0,1.9659415464132937,1.9427954668105774,60.0,75.45202358527321,3.581580443433769,24.75144291276099,Low,seller,99.3646,100.0,100.0,99.68
cb3dd9ce66268c7a3ca7241ac70ab58c,50,3725.71,52,3.0,-12.796947453703703,-83.33333333333334,1.487606702568553,2.6443604964921748,60.0,77.45996582767606,0.24635209399279878,24.751002218444295,Low,seller,99.3646,100.0,100.0,99.68
082e0bf4cb865a6533b1e8e498cc0255,11,3064.33,23,3.0,-17.015526368760064,100.0,1.2226609720172956,0.5396654074473827,60.0,79.27027758425217,3.581580443433769,24.750414325448236,Low,seller,99.3646,36.666666666666664,100.0,80.68
fad44952713764836814be105382aee5,32,5636.88,32,3.0,-11.178441840277777,-20.0,2.2532124539635863,1.6729627630868862,60.0,76.7654192044964,1.3985218874360432,24.74886949637886,Low,seller,99.3646,100.0,100.0,99.68
2d34636518ba88f5349b732fcf8ba2e4,1,168.63,1,3.0,-27.316331018518518,0.0,0.06265711348320512,0.0,60.0,83.69064475887035,1.762364980102331,24.748630345885747,Low,seller,99.3646,3.3333333333333335,100.0,70.68
659e8466eb3ff1b0e8740d74fb7bbedd,11,1880.0,14,3.0,-19.175770502645502,100.0,0.7482239206039311,0.5396654074473827,60.0,80.19729955809501,3.581580443433769,24.747136506100652,Low,seller,99.3646,36.666666666666664,100.0,80.68
b9ec22de23f18567de0e09d776ca0309,2,382.47,2,3.0,-26.676741898148148,0.0,0.14832041600381496,0.053966540744738264,60.0,83.41617894294069,1.762364980102331,24.746651099438665,Low,seller,99.3646,6.666666666666667,100.0,71.68
33c51922b6e3c16b24a8f28e5833c99d,18,7025.88,20,3.0,-13.161379050925925,-80.0,2.8096393488435294,0.9174311926605505,60.0,77.61635375313706,0.3069926094371802,24.745401926732473,Low,seller,99.3646,60.0,100.0,87.68
4992e76a42cb3aad7a7047e0d3d7e729,57,3218.5699999999997,74,3.0,-9.82986523338407,0.0,1.284448793663287,3.0221262817053427,60.0,76.18670676714221,1.762364980102331,24.745108721606886,Low,seller,99.3646,100.0,100.0,99.68
49e7217cfe4e427191c378ec626d8737,13,3378.31,14,3.0,-10.253966346153845,300.0,1.348439889551064,0.6475984889368591,60.0,76.36870057261163,7.220011370096646,24.743737812000944,Low,seller,99.3646,43.333333333333336,100.0,82.68
3c4e0452bff7a2a788179488d3d77032,32,4352.52,36,3.0,-14.934186921296297,-71.42857142857143,1.7387038530218988,1.6729627630868862,60.0,78.37711584731713,0.4629253634370178,24.742711760119565,Low,seller,99.3646,100.0,100.0,99.68
b1aaae6b66ad3c40f54b389d7ea4bee0,15,1569.24,17,3.0,-18.845021105664486,100.0,0.6237349199898986,0.7555315704263357,60.0,80.05536561922803,3.581580443433769,24.742466255831133,Low,seller,99.3646,50.0,100.0,84.68
f25e239052084705e17a982bc600ab2a,8,7785.48,8,3.0,-11.52505787037037,0.0,3.113931551399904,0.37776578521316784,60.0,76.91416196525282,1.762364980102331,24.741981704521418,Low,seller,99.3646,26.666666666666668,100.0,77.68
23c38debaffe4a25a30fdbd9b586a13f,41,6216.5599999999995,46,3.0,-9.710966435185185,-77.77777777777779,2.4854295471414156,2.1586616297895307,60.0,76.13568392353628,0.34741961973343427,24.74038882209359,Low,seller,99.3646,100.0,100.0,99.68
42fa4ee7240e9b8eb4576358ec142ba7,22,4364.47,22,3.0,-14.945178345959595,0.0,1.7434909670563228,1.1332973556395036,60.0,78.38183257911002,1.762364980102331,24.73988301390351,Low,seller,99.3646,73.33333333333333,100.0,91.68
b274baf5bbd142410eb2958cf685d684,7,734.57,7,3.0,-22.017334656084653,100.0,0.28937002700973863,0.32379924446842956,60.0,81.4166952592579,3.581580443433769,24.738423152452093,Low,seller,99.3646,23.333333333333332,100.0,76.68
718539d38d07dd351c76db862760e2e2,37,1977.95,45,3.0,-13.401256729112832,100.0,0.7874622318735427,1.9427954668105774,60.0,77.71929206238904,3.581580443433769,24.73798938996644,Low,seller,99.3646,100.0,100.0,99.68
7c4402417d51474d4d0cda9557340e40,1,147.59,1,3.0,-27.189189814814814,0.0,0.054228588020084886,0.0,60.0,83.63608486549285,1.762364980102331,24.737917804240183,Low,seller,99.3646,3.3333333333333335,100.0,70.68
df47da4ae86fa4db890d05aaf24e21d8,5,387.68,5,3.0,-17.42118287037037,300.0,0.1504075176037606,0.21586616297895306,60.0,79.44435628439825,7.220011370096646,24.737743375695267,Low,seller,99.3646,16.666666666666664,100.0,74.68
2745f798279e0ed033addcc1474776d7,32,4364.99,32,3.0,-9.98487377025463,100.0,1.7436992766210007,1.6729627630868862,60.0,76.25322532287313,3.581580443433769,24.737492316532368,Low,seller,99.3646,100.0,100.0,99.68
43f8c9950d11ecd03a0304a49e010da6,41,4807.22,41,3.0,-11.508667005420055,-50.0,1.9208545435200342,2.1586616297895307,60.0,76.90712818062593,0.8527572484366117,24.737266722440943,Low,seller,99.3646,100.0,100.0,99.68
e883aa812c37a7413226856f4579fe91,26,4554.46,29,3.0,-12.28805635376756,50.0,1.8196000712739187,1.3491635186184565,60.0,77.24158623597438,2.67197271176805,24.736606107609752,Low,seller,99.3646,86.66666666666667,100.0,95.68
2063dd1b9f568df1c16741ea7d3e6adb,3,820.27,3,3.0,-25.488348765432097,0.0,0.3237010456499194,0.10793308148947653,60.0,82.90620577356086,1.762364980102331,24.736260948111706,Low,seller,99.3646,10.0,100.0,72.68
c97aa4ee7420f937da13b7f9e2228b99,1,36.56,1,3.0,-27.326655092592592,0.0,0.009750490008191373,0.0,60.0,83.69507511161434,1.762364980102331,24.733422911754843,Low,seller,99.3646,3.3333333333333335,100.0,70.68
2aafae69bf4c41fbd94053d9413e87ee,2,123.87,2,3.0,-26.93728009259259,0.0,0.044726467108240214,0.053966540744738264,60.0,83.52798326518686,1.762364980102331,24.73234356310692,Low,seller,99.3646,6.666666666666667,100.0,71.68
6b333a05bf188ef3e1f1662a86bd9855,12,4554.88,13,3.0,-8.081040776353277,300.0,1.8197683213069276,0.5936319481921208,60.0,75.43623663525698,7.220011370096646,24.731775115738316,Low,seller,99.3646,40.0,100.0,81.68
e7f3bf1ecd8526eb7f3b18059e6716e5,18,1747.69,19,3.0,-14.849501028806584,200.0,0.6952211542529121,0.9174311926605505,60.0,78.34077473106039,5.400795906765207,24.72911994477659,Low,seller,99.3646,60.0,100.0,87.68
888faa8bfb0b159c37de6d898b961c31,19,2945.0,23,3.0,-15.226603764090177,100.0,1.1748579328768898,0.9713977334052887,60.0,78.50260020093235,3.581580443433769,24.728854887697615,Low,seller,99.3646,63.33333333333333,100.0,88.68
81f89e42267213cb94da7ddc301651da,46,4721.18,52,3.0,-9.049475382834759,0.0,1.8863873224721792,2.4284943335132216,60.0,75.85181936794721,1.762364980102331,24.727049183322272,Low,seller,99.3646,100.0,100.0,99.68
a5259c149128e82c9d6d46e0c1c812bb,8,1621.13,8,3.0,-22.772724247685183,0.0,0.6445218109728506,0.37776578521316784,60.0,81.74085433889228,1.762364980102331,24.725162638439222,Low,seller,99.3646,26.666666666666668,100.0,77.68
1fe5540d7c1c37a595fefbacd5570d9e,20,5118.75,25,3.0,-13.707875925925926,0.0,2.0456520025279166,1.0253642741500268,60.0,77.8508710485736,1.762364980102331,24.723903824592156,Low,seller,99.3646,66.66666666666666,100.0,89.68
2eeb6531ee027a48d401e72bebdd87d3,3,78.7,3,3.0,-26.66119984567901,0.0,0.026631576653433135,0.10793308148947653,60.0,83.40950940780273,1.762364980102331,24.722635652549044,Low,seller,99.3646,10.0,100.0,72.68
ce69a8021d18961dd2a40269b7c2c293,19,5289.05,19,3.0,-10.747528021442495,100.0,2.113873384959921,0.9713977334052887,60.0,76.58050187379897,3.581580443433769,24.722244774252516,Low,seller,99.3646,63.33333333333333,100.0,88.68
cea729054f157f5870bdd321a958d994,24,2831.62,26,3.0,-8.583060897435898,300.0,1.1294384358707787,1.24123043712898,60.0,75.65166769522601,7.220011370096646,24.718890431337044,Low,seller,99.3646,80.0,100.0,93.68
f12ff17ad8bbf01ec5c33b17e506649b,29,6892.7300000000005,29,3.0,-9.837592179232804,-50.0,2.7563000824264923,1.5110631408526713,60.0,76.1900226185685,0.8527572484366117,24.71843492757005,Low,seller,99.3646,96.66666666666667,100.0,98.68
6824a69c9ea0313eba299dd4a2dba09a,6,784.0799999999999,7,3.0,-13.326828703703702,400.0,0.30920350113897255,0.26983270372369134,60.0,77.68735288757925,9.039226833428083,24.71724484275231,Low,seller,99.3646,20.0,100.0,75.68
e48b04bf1aa1ef711caebeb7aede6180,25,3832.73,25,3.0,-14.933123611111112,0.0,1.5304784133605267,1.2951969778737182,60.0,78.37665955078508,1.762364980102331,24.71567819910458,Low,seller,99.3646,83.33333333333334,100.0,94.68
94e93ce877be27a515118dbfd2c2be41,30,6542.72,35,3.0,-10.928270697167756,-75.0,2.616087715632447,1.5650296815974094,60.0,76.65806367775448,0.3979533826037522,24.714588625012635,Low,seller,99.3646,100.0,100.0,99.68
c9aafcd0621b2207c10e32c649cada4d,44,3885.9,52,3.0,-10.559256796690308,9.523809523809524,1.5517780663488399,2.3205612520237455,60.0,76.49970935611549,1.935623595657706,24.71419249589368,Low,seller,99.3646,100.0,100.0,99.68
bf3c6d2a28b2b5501e6c15448982dcc9,35,4648.150000000001,43,3.0,-11.274996500861327,0.0,1.8571318464944384,1.834862385321101,60.0,76.80685354547381,1.762364980102331,24.713119680109912,Low,seller,99.3646,100.0,100.0,99.68
bf961104a38e01b9062ee026bb657dee,4,665.46,4,3.0,-25.208191550925925,0.0,0.2616848846734155,0.16189962223421478,60.0,82.78598237385154,1.762364980102331,24.713114225048542,Low,seller,99.3646,13.333333333333334,100.0,73.68
2f4b9d112bfa44a214bc6cef085d17c8,5,413.26000000000005,6,3.0,-25.462874228395062,0.0,0.16065474580464537,0.21586616297895306,60.0,82.8952739278327,1.762364980102331,24.712690551671272,Low,seller,99.3646,16.666666666666664,100.0,74.68
67883baaae6134ee81b271a542613728,19,8496.02,19,3.0,-5.40530884502924,71.42857142857143,3.3985705477195554,0.9713977334052887,60.0,74.28800423988,3.061804596767644,24.711801693325953,Low,seller,99.3646,63.33333333333333,100.0,88.68
f4a04f7be452aa3bb31760bf00055dd0,18,1553.95,18,3.0,-19.179881044238684,50.0,0.6176098175977357,0.9174311926605505,60.0,80.19906350797527,2.67197271176805,24.711697540817553,Low,seller,99.3646,60.0,100.0,87.68
52ac6f920b7280e4c6d30dd94de6259b,6,6383.89,7,3.0,-11.199482473544974,100.0,2.552461161482856,0.26983270372369134,60.0,76.77444833647101,3.581580443433769,24.707521819189807,Low,seller,99.3646,20.0,100.0,75.68
5145090ab595c0d0b8557199f5701fbf,4,1657.45,4,3.0,-24.67326099537037,-50.0,0.6590714328749668,0.16189962223421478,60.0,82.5564285138496,0.8527572484366117,24.706936337342142,Low,seller,99.3646,13.333333333333334,100.0,73.68
0c7533c71df861ec58ad7ff999ed0e8d,61,3863.51,73,3.0,-9.073805650684932,-66.66666666666666,1.5428087372081905,3.237992444684296,60.0,75.86226017534153,0.5495546712147056,24.70663522575623,Low,seller,99.3646,100.0,100.0,99.68
960945e1a9535cbc0cd6ddd35fbe7ae8,28,3861.53,29,3.0,-9.33801883780332,166.66666666666669,1.542015558481148,1.457096600107933,60.0,75.97564154108433,4.794390752321395,24.702664123966116,Low,seller,99.3646,93.33333333333333,100.0,97.68
18e694e0e48ed6f7aa3f24aade5fd697,31,1205.77,34,3.0,-12.710398624727668,200.0,0.4781305402332297,1.618996222342148,60.0,77.42282527258202,5.400795906765207,24.701691599219327,Low,seller,99.3646,100.0,100.0,99.68
5d3bb11474a06bdc23fb9e89f1164ee0,31,4178.82,32,3.0,-12.795955222800925,0.0,1.669120446513154,1.618996222342148,60.0,77.4595400332783,1.762364980102331,24.70065269254146,Low,seller,99.3646,100.0,100.0,99.68
8090490573c6c0aa343a7231ebcb8c86,26,4298.03,26,3.0,-10.748686787749287,100.0,1.7168754142155573,1.3491635186184565,60.0,76.58099913325779,3.581580443433769,24.69766141825133,Low,seller,99.3646,86.66666666666667,100.0,95.68
c394e193cda3b4225ff2094d32184849,3,3611.44,12,3.0,-16.842873526936028,100.0,1.4418306757305897,0.10793308148947653,60.0,79.19618735726962,3.581580443433769,24.697118621025368,Low,seller,99.3646,10.0,100.0,72.68
ff4ea69c2a729e83e63c7579e4ef8170,9,7188.62,9,3.0,-11.71378761574074,0.0,2.8748322306813705,0.4317323259579061,60.0,76.99515124712691,1.762364980102331,24.695891935773158,Low,seller,99.3646,30.0,100.0,78.68
6fa9202c10491e472dffd59a3e82b2a3,3,7939.249999999999,3,3.0,-8.742322530864199,100.0,3.1755310932470517,0.10793308148947653,60.0,75.72001137521212,3.581580443433769,24.695802348971682,Low,seller,99.3646,10.0,100.0,72.68
a0415d9b25ede3c4b1e477e9916ffc03,10,4247.98,10,3.0,-16.988317901234566,0.0,1.6968256186153114,0.48569886670264434,60.0,79.2586016598161,1.762364980102331,24.695499149242902,Low,seller,99.3646,33.33333333333333,100.0,79.68
515d781150feed28a6ac091bb0e3cb8c,6,1154.72,6,3.0,-23.598584104938272,0.0,0.4576801493162959,0.26983270372369134,60.0,82.09525420647175,1.762364980102331,24.695286849706807,Low,seller,99.3646,20.0,100.0,75.68
bdae679a9b282249bc23b9b69dae9a99,6,851.98,12,3.0,-24.106408179012348,0.0,0.336403923142103,0.26983270372369134,60.0,82.31317590713914,1.762364980102331,24.69159223695466,Low,seller,99.3646,20.0,100.0,75.68
f9f68daa2af419d38f745478bcb3da1a,2,51.36,2,3.0,-26.41306712962963,0.0,0.01567930069517709,0.053966540744738264,60.0,83.30302862787654,1.762364980102331,24.689886217586455,Low,seller,99.3646,6.666666666666667,100.0,71.68
1354d51653f645349064725ed204e85e,18,2694.72,20,3.0,-18.120571759259256,0.0,1.074596937016161,0.9174311926605505,60.0,79.74448387557722,1.762364980102331,24.6896459586168,Low,seller,99.3646,60.0,100.0,87.68
a53f60f05f822b5c621a50ff6a5cb362,4,544.53,6,3.0,-19.405254629629628,200.0,0.2132408930263085,0.16189962223421478,60.0,80.29577769999827,5.400795906765207,24.68889341914271,Low,seller,99.3646,13.333333333333334,100.0,73.68
0307f7565ff85b299b6e5ef162b1b1a9,7,5003.57,7,3.0,-16.086398533950618,0.0,1.9995114339517668,0.32379924446842956,60.0,78.87156250114339,1.762364980102331,24.687774114484377,Low,seller,99.3646,23.333333333333332,100.0,76.68
8ab42aa58097fd4668d60cc648225d5f,20,3210.39,26,3.0,-16.70425080128205,0.0,1.2811719239727775,1.0253642741500268,60.0,79.13670041746524,1.762364980102331,24.687434206359356,Low,seller,99.3646,66.66666666666666,100.0,89.68
5fd924b4836098a5be0ecf81ba054ce0,7,1284.34,8,3.0,-24.398015046296294,-50.0,0.5096053142654235,0.32379924446842956,60.0,82.43831267731034,0.8527572484366117,24.68485403183695,Low,seller,99.3646,23.333333333333332,100.0,76.68
df560393f3a51e74553ab94004ba5c87,28,4267.33,29,3.0,-12.983283607681756,0.0,1.7045771379932289,1.457096600107933,60.0,77.53992795165523,1.762364980102331,24.68287298218347,Low,seller,99.3646,93.33333333333333,100.0,97.68
5f5b43b2bffa8656e4bc6efeb13cc649,27,4232.65,29,3.0,-13.236331816730525,0.0,1.6906844924104811,1.4031300593631948,60.0,77.6485181089204,1.762364980102331,24.68150207691224,Low,seller,99.3646,90.0,100.0,96.68
55d3daac7c404d59e51c2aa2f4dc5a23,21,5790.4800000000005,28,3.0,-11.581745205026454,0.0,2.3147438946068974,1.0793308148947653,60.0,76.93848810693305,1.762364980102331,24.681265586155952,Low,seller,99.3646,70.0,100.0,90.68
d5c530f4884a75ae0dba9c148718d278,6,444.93,9,3.0,-13.397806712962964,400.0,0.17334159948416142,0.26983270372369134,60.0,77.71781156269418,9.039226833428083,24.68105507352311,Low,seller,99.3646,20.0,100.0,75.68
5b51032eddd242adc84c38acab88f23d,12,3548.95,14,3.0,-14.812945601851851,100.0,1.4167974743907426,0.5936319481921208,60.0,78.32508776146345,3.581580443433769,24.680368437928145,Low,seller,99.3646,40.0,100.0,81.68
80cfd480be3eb6d6267139f5cb793555,1,126.34,1,3.0,-26.305393518518517,0.0,0.045715937540460126,0.0,60.0,83.2568228301441,1.762364980102331,24.678474703793988,Low,seller,99.3646,3.3333333333333335,100.0,70.68
a5ff20ff766e7f50bd5066f33da14413,2,110.17,4,3.0,-26.115896990740744,0.0,0.039238311269611546,0.053966540744738264,60.0,83.17550450021027,1.762364980102331,24.67782530160884,Low,seller,99.3646,6.666666666666667,100.0,71.68
31ae0774c17fabd06ff707cc5bde005f,11,7570.67,11,3.0,-11.700943813131312,-50.0,3.027879671422107,0.5396654074473827,60.0,76.9896396074655,0.8527572484366117,24.677001919251964,Low,seller,99.3646,36.666666666666664,100.0,80.68
6338ea67c41078a46ad99cc009654956,37,3210.39,44,3.0,-15.072610216750842,-75.0,1.2811719239727775,1.9427954668105774,60.0,78.43651720597158,0.3979533826037522,24.67532336305059,Low,seller,99.3646,100.0,100.0,99.68
3785b653b1b82de85ab47dd139938091,21,2033.27,24,3.0,-18.496389371141976,0.0,0.8096231647927351,1.0793308148947653,60.0,79.90575786258063,1.762364980102331,24.67481983055884,Low,seller,99.3646,70.0,100.0,90.68
1a932caad4f9d804097d7f8e615baed1,20,5701.45,30,3.0,-11.362547453703705,16.666666666666664,2.2790788935621444,1.0253642741500268,60.0,76.84442414031662,2.065567557324237,24.67328511338607,Low,seller,99.3646,66.66666666666666,100.0,89.68
602044f2c16190c2c6e45eb35c2e21cb,50,4677.44,57,3.0,-7.432901725589225,0.0,1.8688652833202362,2.6443604964921748,60.0,75.15810180191141,1.762364980102331,24.671701477416057,Low,seller,99.3646,100.0,100.0,99.68
804287717b9156fb7a787acd9af4fac1,1,33.9,1,3.0,-26.351412037037036,0.0,0.008684906465800698,0.0,60.0,83.27657068049174,1.762364980102331,24.670327572023734,Low,seller,99.3646,3.3333333333333335,100.0,70.68
1d0997ff06b524ce9289ffd75114ecd3,3,3873.57,3,3.0,-18.723460648148148,0.0,1.546838726094074,0.10793308148947653,60.0,80.0032005821841,1.762364980102331,24.667751473538438,Low,seller,99.3646,10.0,100.0,72.68
1444c08e64d55fb3c25f0f09c07ffcf2,1,2818.74,1,3.0,-21.088784722222222,0.0,1.1242787681918345,0.0,60.0,81.01822816982178,1.762364980102331,24.66625435394105,Low,seller,99.3646,3.3333333333333335,100.0,70.68
b7ba853e9551f4558440881fd3e5c815,2,414.78999999999996,2,3.0,-25.36488425925926,0.0,0.16126765663917833,0.053966540744738264,60.0,82.85322365528239,1.762364980102331,24.66609197848053,Low,seller,99.3646,6.666666666666667,100.0,71.68
003554e2dce176b5555353e4f3555ac8,1,139.38,1,3.0,-26.06679398148148,0.0,0.05093970047007456,0.0,60.0,83.1544330074789,1.762364980102331,24.66468335927309,Low,seller,99.3646,3.3333333333333335,100.0,70.68
d6b664fa0667064c6d76394e7848d790,6,6404.34,6,3.0,-14.692827932098766,-50.0,2.5606533357091306,0.26983270372369134,60.0,78.27354186553379,0.8527572484366117,24.66196118131739,Low,seller,99.3646,20.0,100.0,75.68
cd06602b43d8800bd0afad514919d35c,44,3335.33,53,3.0,-11.03883725071225,0.0,1.3312223028398043,2.3205612520237455,60.0,76.70551091906395,1.762364980102331,24.661570139727704,Low,seller,99.3646,100.0,100.0,99.68
116ccb1a1604bc88e4d234a8c23f33de,61,2948.33,73,3.0,-10.069224219939118,-66.66666666666666,1.1761919152814615,3.237992444684296,60.0,76.28942249111651,0.5495546712147056,24.66072452654446,Low,seller,99.3646,100.0,100.0,99.68
8fe8786ee000001ab51d030dfd4a7bf1,5,2456.44,5,3.0,-20.827456018518518,0.0,0.9791430849556909,0.21586616297895306,60.0,80.90608461765137,1.762364980102331,24.659858656889384,Low,seller,99.3646,16.666666666666664,100.0,74.68
3b872fd4747f01cc56206f2934198618,25,3843.11,27,3.0,-8.390611711248285,200.0,1.5346365927477508,1.2951969778737182,60.0,75.56908229589746,5.400795906765207,24.659632157353894,Low,seller,99.3646,83.33333333333334,100.0,94.68
d1c7fa84e48cfa21a0e595167c1c500e,12,1477.38,12,3.0,-18.35080439814815,100.0,0.5869362341989183,0.5936319481921208,60.0,79.84328322514978,3.581580443433769,24.65913938542355,Low,seller,99.3646,40.0,100.0,81.68
b56906f7fd1696e043f1bcce164c487b,40,2995.42,42,3.0,-13.880147431657846,-50.0,1.19505594874431,2.1046950890447924,60.0,77.9247976334329,0.8527572484366117,24.65868592674309,Low,seller,99.3646,100.0,100.0,99.68
63191ead8d3b2f937cd1996fdcbbad20,1,420.29,1,3.0,-25.39877314814815,0.0,0.16347093088096357,0.0,60.0,82.86776633783218,1.762364980102331,24.65544272794935,Low,seller,99.3646,3.3333333333333335,100.0,70.68
0176f73cc1195f367f7b32db1e5b3aa8,38,6020.110000000001,39,3.0,-8.081136391325536,-33.33333333333333,2.4067325971780145,1.9967620075553156,60.0,75.43627766635106,1.1559598256585182,24.652247913560746,Low,seller,99.3646,100.0,100.0,99.68
5e106d93b717c2682b9383da480364a1,1,467.60999999999996,1,3.0,-25.25230324074074,0.0,0.18242710126665032,0.0,60.0,82.80491194996762,1.762364980102331,24.651701420885374,Low,seller,99.3646,3.3333333333333335,100.0,70.68
b586cd24c010a13916af621b0325fbba,6,1372.93,7,3.0,-14.030044642857144,300.0,0.5450940533708333,0.26983270372369134,60.0,77.9891227744759,7.220011370096646,24.65135594512322,Low,seller,99.3646,20.0,100.0,75.68
c74f14c1e26cf1bd5bd34b6a1e274426,1,55.79,1,3.0,-25.97372685185185,0.0,0.01745393794810592,0.0,60.0,83.11449526486183,1.762364980102331,24.648646969123938,Low,seller,99.3646,3.3333333333333335,100.0,70.68
a213f1bd6458f4a158f3746cb2514559,1,55.95,1,3.0,-25.97332175925926,0.0,0.017518033198776036,0.0,60.0,83.11432142815103,1.762364980102331,24.648640122192518,Low,seller,99.3646,3.3333333333333335,100.0,70.68
33ac3e28642ab8bda860a2f693000e78,34,4151.12,35,3.0,-12.338071097883597,-33.33333333333333,1.65802395624089,1.7808958445763627,60.0,77.26304897996911,1.1559598256585182,24.647684477577577,Low,seller,99.3646,100.0,100.0,99.68
07017df32dc5f2f1d2801e579548d620,8,1128.24,9,3.0,-24.733578960905348,-80.0,0.44707238533039173,0.37776578521316784,60.0,82.58231266212309,0.3069926094371802,24.64660932216459,Low,seller,99.3646,26.666666666666668,100.0,77.68
542917da124346b47ea1ac79a93ce454,20,1667.08,20,3.0,-13.289794560185186,200.0,0.6629291657746743,1.0253642741500268,60.0,77.67146048713914,5.400795906765207,24.646018482017297,Low,seller,99.3646,66.66666666666666,100.0,89.68
834f8533b2ecb6598dd004ff3de7203a,43,5496.3099999999995,47,3.0,-6.021756430041152,33.33333333333333,2.1969007702967223,2.2665947112790072,60.0,74.55253936721329,2.368770134546143,24.645476827445375,Low,seller,99.3646,100.0,100.0,99.68
e1bed63d68ac36fe1f3061befe196af5,1,217.0,1,3.0,-25.622372685185184,0.0,0.08203390895141452,0.0,60.0,82.96371923543435,1.762364980102331,24.64540455601081,Low,seller,99.3646,3.3333333333333335,100.0,70.68
4b1eaadf791bdbbad8c4a35b65236d52,8,1962.82,8,3.0,-15.234039351851852,200.0,0.7814012247320498,0.37776578521316784,60.0,78.5057910223471,5.400795906765207,24.644810057751492,Low,seller,99.3646,26.666666666666668,100.0,77.68
52562a9f449c3dc3d53f5f5b9ed74903,14,3710.64,14,3.0,-17.7531605489418,-50.0,1.4815697311460616,0.7015650296815974,60.0,79.58681731370216,0.8527572484366117,24.643160498663203,Low,seller,99.3646,46.666666666666664,100.0,83.68
7f7b8245c336066a1f9933c359f11d77,38,2630.23,43,3.0,-12.360678294573644,33.33333333333333,1.0487625450429374,1.9967620075553156,60.0,77.27275036870103,2.368770134546143,24.641608834161477,Low,seller,99.3646,100.0,100.0,99.68
c9e5ad1f6647f5dbd1172adf6ae3cada,4,319.97999999999996,4,3.0,-21.908993055555555,100.0,0.12328721466396779,0.16189962223421478,60.0,81.37020280833703,3.581580443433769,24.641149535551676,Low,seller,99.3646,13.333333333333334,100.0,73.68
95ec4458365c4d11f452ccf538377619,27,2303.43,31,3.0,-11.970567129629629,150.0,0.9178479955492258,1.4031300593631948,60.0,77.10534261303496,4.491188175099489,24.641057122970757,Low,seller,99.3646,90.0,100.0,96.68
0bf0150d5b9d60d9cd2906003332f085,39,6872.34,62,3.0,-6.5282190860215055,-50.0,2.7481319439192196,2.0507285483000537,60.0,74.76987684479744,0.8527572484366117,24.637878971814057,Low,seller,99.3646,100.0,100.0,99.68
50bf89f1349bc0409a268c3a49678009,1,282.47,1,3.0,-25.375648148148148,0.0,0.10826088433499254,0.0,60.0,82.85784274502669,1.762364980102331,24.637391175064735,Low,seller,99.3646,3.3333333333333335,100.0,70.68
e38db885400cd35c71dfd162f2c1dbcf,30,2737.55,32,3.0,-11.851306785300926,100.0,1.0917544344299177,1.5650296815974094,60.0,77.0541646197394,3.581580443433769,24.635066488032614,Low,seller,99.3646,100.0,100.0,99.68
77a515caa36327151d1cc6c32a9f00e1,26,2613.58,26,3.0,-10.092807158119657,200.0,1.0420926330200786,1.3491635186184565,60.0,76.29954259817211,5.400795906765207,24.634929649962974,Low,seller,99.3646,86.66666666666667,100.0,95.68
afa6714acee029b2dfdf357e5579cc03,16,3603.58,17,3.0,-13.130778867102396,100.0,1.4386819965414201,0.809498111171074,60.0,77.60322234712463,3.581580443433769,24.632620523167265,Low,seller,99.3646,53.333333333333336,100.0,85.68
a4b6b9b992b46e9ef863637af96e04bc,7,7452.36,14,3.0,-10.634379340277777,0.0,2.9804852395047225,0.32379924446842956,60.0,76.53194656835655,1.762364980102331,24.631123866232237,Low,seller,99.3646,23.333333333333332,100.0,76.68
c8c1bea22194a4eefa2dc9a9fa89f536,7,1558.73,13,3.0,-23.977686075498575,-83.33333333333334,0.6195246632115053,0.32379924446842956,60.0,82.25793760485433,0.24635209399279878,24.63013306020799,Low,seller,99.3646,23.333333333333332,100.0,76.68
3586b8580d9c917874e053a1bb37b5ff,36,2352.35,43,3.0,-16.31096064814815,-80.0,0.9374451184416137,1.8888289260658393,60.0,78.9679284678822,0.3069926094371802,24.62932929817499,Low,seller,99.3646,100.0,100.0,99.68
67bf6941ba2f1fa1d02c375766bc3e53,16,7029.68,22,3.0,-9.502776620370371,0.0,2.8111616110469444,0.809498111171074,60.0,76.04634377441319,1.762364980102331,24.628911075279063,Low,seller,99.3646,53.333333333333336,100.0,85.68
a425f92c199eb576938df686728acd20,17,1474.75,19,3.0,-13.958496013374486,200.0,0.5858826685160283,0.8634646519158122,60.0,77.95841923005315,5.400795906765207,24.625473438718252,Low,seller,99.3646,56.666666666666664,100.0,86.68
768a86e36ad6aae3d03ee3c6433d61df,17,767.7,17,3.0,-8.173312908496731,450.0,0.3026417498516195,0.8634646519158122,60.0,75.47583322192445,9.948834565093803,24.62291712773249,Low,seller,99.3646,56.666666666666664,100.0,86.68
5f5a58930c3c35f3b5af264f34fb8c85,3,628.5899999999999,3,3.0,-21.242395833333333,100.0,0.24691493534712058,0.10793308148947653,60.0,81.08414705055971,3.581580443433769,24.621837852903838,Low,seller,99.3646,10.0,100.0,72.68
a938325a4b357fd23a6a4d5bb126408e,24,3791.81,25,3.0,-10.906672222222221,100.0,1.5140860530016447,1.24123043712898,60.0,76.64879516010782,3.581580443433769,24.620010743542288,Low,seller,99.3646,80.0,100.0,93.68
4d0041cdbe51b4617d95c70b19decc74,8,5465.49,8,3.0,-9.7126953125,150.0,2.184554422636391,0.37776578521316784,60.0,76.13642583378419,4.491188175099489,24.619390465671785,Low,seller,99.3646,26.666666666666668,100.0,77.68
eb3071b9f0b0ddaa2df5ea130f09f26b,9,6811.42,11,3.0,-12.61928240740741,-50.0,2.723727677226573,0.4317323259579061,60.0,77.38372472172095,0.8527572484366117,24.61788581775925,Low,seller,99.3646,30.0,100.0,78.68
d9cd369bffa979d1634f8e1318bf2f1b,3,744.81,3,3.0,-23.77301697530864,0.0,0.293472123052626,0.10793308148947653,60.0,82.17010829414515,1.762364980102331,24.616777649420165,Low,seller,99.3646,10.0,100.0,72.68
b1204cfda1d4948679db3cfc0d3cb95c,7,3078.15,11,3.0,-19.989172453703702,-50.0,1.228197199293927,0.32379924446842956,60.0,80.54635338509992,0.8527572484366117,24.616637703513934,Low,seller,99.3646,23.333333333333332,100.0,76.68
e99e927c81e3f51739c94fcdfca9f10f,22,3360.4700000000003,25,3.0,-9.242425250771605,200.0,1.3412932691013462,1.1332973556395036,60.0,75.93461962400245,5.400795906765207,24.615984853917166,Low,seller,99.3646,73.33333333333333,100.0,91.68
5a9b3bcab695173c820e53934574ae80,1,203.76999999999998,1,3.0,-25.16380787037037,0.0,0.07673403291162931,0.0,60.0,82.76693607880108,1.762364980102331,24.614297119703885,Low,seller,99.3646,3.3333333333333335,100.0,70.68
2e3be8a987a30d7544dbbda6861cc14e,18,4777.55,19,3.0,-10.234307098765433,100.0,1.9089688804738947,0.9174311926605505,60.0,76.36026423246267,3.581580443433769,24.614246141520084,Low,seller,99.3646,60.0,100.0,87.68
432c37c9dfba871172ec162e20118b8c,46,3938.54,57,3.0,-10.641136153198653,-66.66666666666666,1.572865403819308,2.4284943335132216,60.0,76.53484610825231,0.5495546712147056,24.614165587883416,Low,seller,99.3646,100.0,100.0,99.68
a36ac007a4d18f865c8d32c3b2402c2d,9,1536.9700000000003,9,3.0,-22.681164641203704,-60.0,0.6108077091203696,0.4317323259579061,60.0,81.70156351717758,0.6708357021034679,24.61349349201257,Low,seller,99.3646,30.0,100.0,78.68
e9729944ba65dc3ce425e0c5a22ae7b2,4,978.4300000000001,4,3.0,-23.04921585648148,0.0,0.38705920093732893,0.16189962223421478,60.0,81.85950472331726,1.762364980102331,24.611754872347575,Low,seller,99.3646,13.333333333333334,100.0,73.68
5c030029b5916fed0986310385ec9009,7,5079.9,10,3.0,-15.692767361111112,-33.33333333333333,2.030088874474579,0.32379924446842956,60.0,78.70264421034102,1.1559598256585182,24.61096908757649,Low,seller,99.3646,23.333333333333332,100.0,76.68
dfc475d54e1b6dbeeb7d7d9bdaa63827,19,2228.07,21,3.0,-14.720323495370371,100.0,0.8876591324836014,0.9713977334052887,60.0,78.28534099089012,3.581580443433769,24.610106366073296,Low,seller,99.3646,63.33333333333333,100.0,88.68
75fbb52eda0cbc24f479d3b2fbfa8d3e,40,2074.5099999999998,43,3.0,-13.39527749548329,0.0,0.8261437156529575,2.1046950890447924,60.0,77.71672620380187,1.762364980102331,24.6077623155376,Low,seller,99.3646,100.0,100.0,99.68
45213867cefbf2cd4c6177e10216a951,14,5389.16,14,3.0,-12.640848214285715,0.0,2.153976982113579,0.7015650296815974,60.0,77.39297922057423,1.762364980102331,24.60676773315084,Low,seller,99.3646,46.666666666666664,100.0,83.68
6da1992f915d77be95d7fa48b36904af,7,383.66,9,3.0,-23.43102494855967,0.0,0.14879712443067394,0.32379924446842956,60.0,82.02334982425633,1.762364980102331,24.605327920094993,Low,seller,99.3646,23.333333333333332,100.0,76.68
fe49ee029e61e789a1f3a5525f57ba8d,17,2752.4399999999996,17,3.0,-11.247547743055556,200.0,1.0977192986954052,0.8634646519158122,60.0,76.79507450566923,5.400795906765207,24.604522719114478,Low,seller,99.3646,56.666666666666664,100.0,86.68
1771297ac436903d1dd6b0e9279aa505,28,3466.4300000000003,36,3.0,-15.370886059670783,-75.0,1.3837403488576305,1.457096600107933,60.0,78.56451582257051,0.3979533826037522,24.603868966330225,Low,seller,99.3646,93.33333333333333,100.0,97.68
95cca791657aabeff15a07eb152d7841,1,28.22,1,3.0,-25.308449074074073,0.0,0.006409525067011584,0.0,60.0,82.82900571808543,1.762364980102331,24.60251021324315,Low,seller,99.3646,3.3333333333333335,100.0,70.68
bede56095ba33c42038fb85f707b8a42,2,4184.77,2,3.0,-17.325277777777778,0.0,1.6715039886474492,0.053966540744738264,60.0,79.4032006914529,1.762364980102331,24.601659433508587,Low,seller,99.3646,6.666666666666667,100.0,71.68
9c3c24eca51c52b91c1de727d2a2ae06,6,421.15999999999997,6,3.0,-23.479822530864197,0.0,0.1638194488064823,0.26983270372369134,60.0,82.04429024962637,1.762364980102331,24.599484046027058,Low,seller,99.3646,20.0,100.0,75.68
8476243f92442881ddd5b578975cf115,12,8113.03,12,3.0,-6.900901813271605,33.33333333333333,3.2451465473811316,0.5936319481921208,60.0,74.92980556397008,2.368770134546143,24.598299799312496,Low,seller,99.3646,40.0,100.0,81.68
93b9a99027bd8bd6af682aff18dd19bf,20,2420.11,21,3.0,-16.792166666666667,0.0,0.9645894571004079,1.0253642741500268,60.0,79.17442760662064,1.762364980102331,24.59811854467096,Low,seller,99.3646,66.66666666666666,100.0,89.68
b8555308bfdb4ca1ed54325a58da9a97,26,3630.03,28,3.0,-10.443108465608464,100.0,1.449277742667824,1.3491635186184565,60.0,76.44986681589094,3.581580443433769,24.59771226918198,Low,seller,99.3646,86.66666666666667,100.0,95.68
968268a686aa05d1f529fb07dff08130,12,4880.84,12,3.0,-11.033559027777779,100.0,1.9503463707346211,0.5936319481921208,60.0,76.70324588403095,3.581580443433769,24.597156825216434,Low,seller,99.3646,40.0,100.0,81.68
c2d70ce2c5d0a2eb75e78668236e6dc8,13,2699.92,15,3.0,-12.034673611111112,200.0,1.07668003266294,0.6475984889368591,60.0,77.1328525208583,5.400795906765207,24.59491110083836,Low,seller,99.3646,43.333333333333336,100.0,82.68
63b9ae557efed31d1f7687917d248a8d,5,242.31,7,3.0,-18.296684854497354,200.0,0.09217297641679346,0.21586616297895306,60.0,79.8200589953548,5.400795906765207,24.594706873649514,Low,seller,99.3646,16.666666666666664,100.0,74.68
c5f7feb04a6a1fb3596322bfc3cf1917,11,2058.46,11,3.0,-7.964041456228956,400.0,0.8197141608201116,0.5396654074473827,60.0,75.38602891151936,9.039226833428083,24.592657620178592,Low,seller,99.3646,36.666666666666664,100.0,80.68
2646baaf662d4d92ac48f047e35db92d,15,1549.3899999999999,18,3.0,-10.897836291152263,300.0,0.6157831029536373,0.7555315704263357,60.0,76.6450034116972,7.220011370096646,24.59236947225692,Low,seller,99.3646,50.0,100.0,84.68
4eb61f060e7dcc1d5a80d806c35cc541,8,1466.1200000000001,8,3.0,-12.504333043981482,300.0,0.582425530933009,0.37776578521316784,60.0,77.33439669249334,7.220011370096646,24.59132974646686,Low,seller,99.3646,26.666666666666668,100.0,77.68
8a2d12a90e92f012ce5226fc6592b653,18,1933.62,18,3.0,-15.177453703703703,100.0,0.7697038414847536,0.9174311926605505,60.0,78.48150851722897,3.581580443433769,24.590653272538287,Low,seller,99.3646,60.0,100.0,87.68
b16d3dadc47d4eb18be3d88bad0775ce,10,900.54,11,3.0,-21.580867003367004,0.0,0.3558568317204831,0.48569886670264434,60.0,81.22939462105961,1.762364980102331,24.58882745736098,Low,seller,99.3646,33.33333333333333,100.0,79.68
0bb738e4d789e63e2267697c42d35a2d,30,3030.6400000000003,31,3.0,-13.374790469348659,0.0,1.2091649157980693,1.5650296815974094,60.0,77.70793464033568,1.762364980102331,24.58643358919936,Low,seller,99.3646,100.0,100.0,99.68
65b081a070633e057c462abdd6fb9dd8,19,2326.67,20,3.0,-16.96219386574074,0.0,0.9271578307090602,0.9713977334052887,60.0,79.24739109589493,1.762364980102331,24.58434194495851,Low,seller,99.3646,63.33333333333333,100.0,88.68
8ed8ea9a57c862f2c18c2fe41f601d56,19,4562.97,19,3.0,-15.122169834307993,-83.33333333333334,1.8230091374189354,0.9713977334052887,60.0,78.45778464226272,0.24635209399279878,24.583055080315688,Low,seller,99.3646,63.33333333333333,100.0,88.68
4049512728d969bec69f84088b012416,7,550.27,9,3.0,-17.120880915637862,200.0,0.2155403101440989,0.32379924446842956,60.0,79.31548820580554,5.400795906765207,24.583014725707685,Low,seller,99.3646,23.333333333333332,100.0,76.68
b335c59ab742f751a85db9c411a86739,33,3480.72,35,3.0,-10.40944556451613,50.0,1.3894648559331049,1.7269293038316245,60.0,76.4354211111086,2.67197271176805,24.58108222058093,Low,seller,99.3646,100.0,100.0,99.68
446cc09cdbb130904da114e807dbec40,3,306.97,3,3.0,-24.026207561728395,0.0,0.11807546959385404,0.10793308148947653,60.0,82.27875954957484,1.762364980102331,24.580456341696987,Low,seller,99.3646,10.0,100.0,72.68
2b402d5dc42554061f8ea98d1916f148,1,363.78999999999996,1,3.0,-24.320833333333333,0.0,0.1408372954880789,0.0,60.0,82.40519181713847,1.762364980102331,24.579266459227426,Low,seller,99.3646,3.3333333333333335,100.0,70.68
de0c78824586e9a5f5f04fd84e25df39,14,2697.83,16,3.0,-19.346059027777777,-75.0,1.0758427884510613,0.7015650296815974,60.0,80.27037518978622,0.3979533826037522,24.578495710684027,Low,seller,99.3646,46.666666666666664,100.0,83.68
5f3ae9136c875522250f8184f253413a,43,1773.76,46,3.0,-11.424490483539095,50.0,0.7056646741589742,2.2665947112790072,60.0,76.87100564973173,2.67197271176805,24.576196198704007,Low,seller,99.3646,100.0,100.0,99.68
099095b050cfe8eb1ddff5317587e96e,17,5909.150000000001,20,3.0,-10.536827485380117,0.0,2.362282540838289,0.8634646519158122,60.0,76.4900843030409,1.762364980102331,24.574300068696807,Low,seller,99.3646,56.666666666666664,100.0,86.68
6861de0f40cacb0602e473c51639f980,5,949.73,8,3.0,-19.476061921296296,100.0,0.3755621153483769,0.21586616297895306,60.0,80.3261631153565,3.581580443433769,24.5737176869961,Low,seller,99.3646,16.666666666666664,100.0,74.68
f2336e113377dd21c744d9c4fc8293a9,4,3762.08,4,3.0,-14.43056712962963,100.0,1.5021763542365036,0.16189962223421478,60.0,78.16099832336975,3.581580443433769,24.573435604678345,Low,seller,99.3646,13.333333333333334,100.0,73.68
0873d9f8f36123f8d910f4760e788cfb,6,7426.65,6,3.0,-7.1665528549382715,100.0,2.9701859339126684,0.26983270372369134,60.0,75.04380395384479,3.581580443433769,24.573242593524817,Low,seller,99.3646,20.0,100.0,75.68
08d2d642cf72b622b14dde1d2f5eb2f5,17,1235.26,21,3.0,-10.765872685185185,300.0,0.4899440961223655,0.8634646519158122,60.0,76.5883740888535,7.220011370096646,24.57310664215335,Low,seller,99.3646,56.666666666666664,100.0,86.68
5bc24d989e71e93c33e50a7782431b0e,17,3736.53,17,3.0,-15.784994553376904,-42.857142857142854,1.4919411438951198,0.8634646519158122,60.0,78.74222151203352,0.9827012101031432,24.57305185396283,Low,seller,99.3646,56.666666666666664,100.0,86.68
044668ccd5316b12a7cf0d54a156e3e9,3,191.35,4,3.0,-24.071614583333336,0.0,0.07175863907836157,0.10793308148947653,60.0,82.29824498926857,1.762364980102331,24.569484108496397,Low,seller,99.3646,10.0,100.0,72.68
b8630e1121437d41cb08e3c749c2c2e2,12,7334.1,12,3.0,-8.84618827160494,0.0,2.933110837353174,0.5936319481921208,60.0,75.76458310786298,1.762364980102331,24.56926520244366,Low,seller,99.3646,40.0,100.0,81.68
c53bcd3be457a342a97e39e5a9f0be22,5,695.59,5,3.0,-19.873391203703704,100.0,0.2737548215652317,0.21586616297895306,60.0,80.49666836976975,3.581580443433769,24.568751287023147,Low,seller,99.3646,16.666666666666664,100.0,74.68
762ed976527cddf02787edba70fffa2a,3,240.11999999999998,4,3.0,-21.122876157407408,100.0,0.09129567267324624,0.10793308148947653,60.0,81.03285777072696,3.581580443433769,24.567458682126762,Low,seller,99.3646,10.0,100.0,72.68
2d518637f53161b973e01f56ea4bb88e,13,1539.7,13,3.0,-20.82869925213675,-50.0,0.6119013343349284,0.6475984889368591,60.0,80.90661812442713,0.8527572484366117,24.566738466042423,Low,seller,99.3646,43.333333333333336,100.0,82.68
26d6bbee02420494d471c9f6436929c0,12,681.6999999999999,13,3.0,-9.866946225071226,400.0,0.26819055261643215,0.5936319481921208,60.0,76.20261927145906,9.039226833428083,24.563180726894625,Low,seller,99.3646,40.0,100.0,81.68
141440cad9341e553f8401c574a2aa38,11,1579.0,12,3.0,-20.635255594135803,-33.33333333333333,0.6276447302807756,0.5396654074473827,60.0,80.82360596906258,1.1559598256585182,24.56234664887132,Low,seller,99.3646,36.666666666666664,100.0,80.68
282c7480173bb9c01dd41cc739fec010,5,4466.3099999999995,8,3.0,-15.5244140625,0.0,1.7842875941078515,0.21586616297895306,60.0,78.6303990391896,1.762364980102331,24.560049172865767,Low,seller,99.3646,16.666666666666664,100.0,74.68
4a1f694197d05fe70026b016a7316b41,14,1278.75,23,3.0,-13.935751811594203,200.0,0.5073659864451363,0.7015650296815974,60.0,77.94865904855462,5.400795906765207,24.559979501313652,Low,seller,99.3646,46.666666666666664,100.0,83.68
a6fe7de3d16f6149ffe280349a8535a0,51,3647.4199999999996,52,3.0,-8.781277687000726,-50.0,1.456244095225032,2.698327037236913,60.0,75.73672813660338,0.8527572484366117,24.557239933210905,Low,seller,99.3646,100.0,100.0,99.68
b9a03475e6447e631b6799ec8274800f,10,1644.0800000000002,11,3.0,-20.587772516835017,-33.33333333333333,0.6537154734908454,0.48569886670264434,60.0,80.80322963503949,1.1559598256585182,24.55361978654469,Low,seller,99.3646,33.33333333333333,100.0,79.68
b19f3ca2ea475913750f25a5c37c8d8f,24,7549.55,24,3.0,-6.372702850877193,-25.0,3.0194190983336515,1.24123043712898,60.0,74.70314042135033,1.3075611142694712,24.552360513411834,Low,seller,99.3646,80.0,100.0,93.68
69a43819c758c65a5befb0b471c954d7,2,400.76,3,3.0,-23.620652006172843,0.0,0.15564730434604254,0.053966540744738264,60.0,82.10472416824142,1.762364980102331,24.552130949736444,Low,seller,99.3646,6.666666666666667,100.0,71.68
e603cf3fec55f8697c9059638d6c8eb5,8,482.46999999999997,11,3.0,-23.605258101851852,-50.0,0.18837994767263733,0.37776578521316784,60.0,82.09811820767199,0.8527572484366117,24.550948886599542,Low,seller,99.3646,26.666666666666668,100.0,77.68
6b90f847357d8981edd79a1eb1bf0acb,45,4059.73,47,3.0,-8.371017040977147,-22.22222222222222,1.6214135502487534,2.3745277927684834,60.0,75.56067366761947,1.358094877139789,24.549966551123646,Low,seller,99.3646,100.0,100.0,99.68
f435898e493ba0356019a0b1cb8b55b1,10,880.6800000000001,12,3.0,-21.008713348765433,0.0,0.34790100873105506,0.48569886670264434,60.0,80.98386727444617,1.762364980102331,24.549611608472134,Low,seller,99.3646,33.33333333333333,100.0,79.68
228e4c1a0be164f613d41c24345f9d2c,5,769.44,5,3.0,-19.434162037037037,100.0,0.30333878570265704,0.21586616297895306,60.0,80.30818268768144,3.581580443433769,24.549353623951127,Low,seller,99.3646,16.666666666666664,100.0,74.68
21e83881401b92b49fb09a16d3852291,14,4182.53,15,3.0,-12.551185897435897,50.0,1.6706066551380672,0.7015650296815974,60.0,77.35450257960498,2.67197271176805,24.546945912079373,Low,seller,99.3646,46.666666666666664,100.0,83.68
3504c0cb71d7fa48d967e0e4c94d59d9,53,3037.31,53,3.0,-10.038098139412998,-75.0,1.2118368865603797,2.8062601187263896,60.0,76.27606540792638,0.3979533826037522,24.546321245099044,Low,seller,99.3646,100.0,100.0,99.68
2f09f7d37a97956d11cc1a7cadd5262b,11,2468.41,12,3.0,-9.30273582175926,300.0,0.983938210896449,0.5396654074473827,60.0,75.96050059906614,7.220011370096646,24.546174042000366,Low,seller,99.3646,36.666666666666664,100.0,80.68
d1b9d4be4b6f9ebd85f8acd6745ba612,11,1348.53,11,3.0,-17.0289414983165,100.0,0.5353195276436407,0.5396654074473827,60.0,79.27603439649653,3.581580443433769,24.545075413972793,Low,seller,99.3646,36.666666666666664,100.0,80.68
eed78ac17f7f795a19a709745f00cd4e,22,5195.84,56,3.0,-12.248962673611112,-66.66666666666666,2.0765338954914117,1.1332973556395036,60.0,77.22481003000074,0.5495546712147056,24.544961479178877,Low,seller,99.3646,73.33333333333333,100.0,91.68
33fd411ed63a7c2f9005e3f065d9f85d,1,43.129999999999995,1,3.0,-24.37056712962963,0.0,0.012382401238833003,0.0,60.0,82.42653399846239,1.762364980102331,24.543931318151245,Low,seller,99.3646,3.3333333333333335,100.0,70.68
5cbbd5a299cab112b7bf23862255e43e,36,3385.21,38,3.0,-12.673448464912282,-66.66666666666666,1.3512039972362129,1.8888289260658393,60.0,77.40696891192881,0.5495546712147056,24.543569234598117,Low,seller,99.3646,100.0,100.0,99.68
835f0f7810c76831d6c7d24c7a646d4d,44,6094.030000000001,50,3.0,-4.967584394290124,-33.33333333333333,2.436344602987608,2.3205612520237455,60.0,74.10016427403613,1.1559598256585182,24.541664317573492,Low,seller,99.3646,100.0,100.0,99.68
a35ef466c6fd6d052f5d241240d3c5e2,3,649.55,3,3.0,-19.94471836419753,100.0,0.25531141318490574,0.10793308148947653,60.0,80.52727687557352,3.581580443433769,24.540826270007244,Low,seller,99.3646,10.0,100.0,72.68
ec8879960bd2221d5c32f8e12f7da711,36,4881.38,36,3.0,-7.952838293650794,0.0,1.950562692205633,1.8888289260658393,60.0,75.38122131698705,1.762364980102331,24.54079573473644,Low,seller,99.3646,100.0,100.0,99.68
dd533b429f380718b70ad9922c294bae,41,3970.98,45,3.0,-8.587071220930232,0.0,1.5858607158926736,2.1586616297895307,60.0,75.65338863868011,1.762364980102331,24.539668416027432,Low,seller,99.3646,100.0,100.0,99.68
657969cca82e884d272385ec0ef06edd,3,191.56,3,3.0,-23.597465277777776,0.0,0.0718427640948661,0.10793308148947653,60.0,82.09477408603237,1.762364980102331,24.538988710515916,Low,seller,99.3646,10.0,100.0,72.68
2addf05f476d0637864454e93ba673d5,12,4877.64,12,3.0,-14.366703317901234,-50.0,1.9490644657212188,0.5936319481921208,60.0,78.13359255201414,0.8527572484366117,24.53844193441018,Low,seller,99.3646,40.0,100.0,81.68
325f3178fb58e2a9778334621eecdbf9,36,1433.3700000000001,46,3.0,-11.373796296296296,100.0,0.5693060343114696,1.8888289260658393,60.0,76.84925133743756,3.581580443433769,24.52854478676891,Low,seller,99.3646,100.0,100.0,99.68
1660ad786c27fd935378b6192a90b417,12,1818.28,13,3.0,-9.997476851851852,300.0,0.7234991776579338,0.5936319481921208,60.0,76.25863366232676,7.220011370096646,24.526253926704086,Low,seller,99.3646,40.0,100.0,81.68
318f287a62ab7ac10b703ac37435a231,52,3634.6,62,3.0,-8.813768973891923,-75.0,1.451108463265089,2.7522935779816518,60.0,75.75067106853136,0.3979533826037522,24.52580193201502,Low,seller,99.3646,100.0,100.0,99.68
6a38087bc8ad4f89ff453561005f6dea,15,2381.35,22,3.0,-11.120731271043772,200.0,0.9490623826255722,0.7555315704263357,60.0,76.74065396386283,5.400795906765207,24.5247792926502,Low,seller,99.3646,50.0,100.0,84.68
1e483cc5c76fef08d3ca05f9a8af7d01,10,295.07,11,3.0,-10.388074074074073,400.0,0.11330838532526415,0.48569886670264434,60.0,76.42624999894456,9.039226833428083,24.52327741545773,Low,seller,99.3646,33.33333333333333,100.0,79.68
e0878efa0e0b7e5313ac0b43bc04c081,27,5594.91,29,3.0,-10.494103422619048,-80.0,2.236399468522181,1.4031300593631948,60.0,76.47175019701552,0.3069926094371802,24.5231641458935,Low,seller,99.3646,90.0,100.0,96.68
6b3bd31ad8fcda4b2635ec9f3ff2ecdf,36,4955.92,43,3.0,-9.202614087301587,-60.0,1.9804230671115732,1.8888289260658393,60.0,75.91753552560725,0.6708357021034679,24.521048050701364,Low,seller,99.3646,100.0,100.0,99.68
b8578d2d823bd8e251f6fdd02b40902d,9,1499.6,9,3.0,-21.50218621399177,-66.66666666666666,0.5958374621357305,0.4317323259579061,60.0,81.19563046471912,0.5495546712147056,24.520984356959534,Low,seller,99.3646,30.0,100.0,78.68
15aac934c58d886785ac1b17953ea898,25,5019.6,26,3.0,-6.839229433760684,100.0,2.005932976878279,1.2951969778737182,60.0,74.90334019827876,3.581580443433769,24.519238211617104,Low,seller,99.3646,83.33333333333334,100.0,94.68
7ff588a03c2aeae4fbd23f9ae64b760d,14,1403.38,16,3.0,-8.821293402777778,350.0,0.5572921807639898,0.7015650296815974,60.0,75.75390001419004,8.129619101762366,24.51862582395434,Low,seller,99.3646,46.666666666666664,100.0,83.68
4cf490a58259286ada5ba8525ba9e84a,8,1409.39,8,3.0,-17.129765211640212,100.0,0.5596997586172859,0.37776578521316784,60.0,79.31930070897918,3.581580443433769,24.518404524578735,Low,seller,99.3646,26.666666666666668,100.0,77.68
6750d71153f00fc58829af2a8ef1bcf1,6,3626.5,6,3.0,-16.22419174382716,0.0,1.4478636411999144,0.26983270372369134,60.0,78.93069347222125,1.762364980102331,24.51765778713432,Low,seller,99.3646,20.0,100.0,75.68
670a9dda115b5a88b18cfadee8de2332,11,1101.99,11,3.0,-17.04482744107744,100.0,0.4365567582673259,0.5396654074473827,60.0,79.2828515047037,3.581580443433769,24.51646914939097,Low,seller,99.3646,36.666666666666664,100.0,80.68
5debea795b07621e1f90532e18f96145,25,2388.13,33,3.0,-16.642483515712684,-75.0,0.9517784188727184,1.2951969778737182,60.0,79.11019432489483,0.3979533826037522,24.515657257124843,Low,seller,99.3646,83.33333333333334,100.0,94.68
a63bfbaa882c8f4542891b4e2246cc7f,7,7036.1900000000005,7,3.0,-9.608769290123456,0.0,2.813769486558585,0.32379924446842956,60.0,76.09182823257518,1.762364980102331,24.515091389981194,Low,seller,99.3646,23.333333333333332,100.0,76.68
e9511df20ccd82658a30c37b7fb343af,22,2823.1,30,3.0,-12.917251157407406,50.0,1.1260253637725952,1.1332973556395036,60.0,77.51159155604567,2.67197271176805,24.51506795262531,Low,seller,99.3646,73.33333333333333,100.0,91.68
48985c61529077fa4f1e38bcff0f2ed3,7,1027.3700000000001,7,3.0,-20.815127314814813,0.0,0.40666433573605065,0.32379924446842956,60.0,80.90079402152705,1.762364980102331,24.514304713077212,Low,seller,99.3646,23.333333333333332,100.0,76.68
3dbbce181edfaa4a597ec858c382d2ec,17,1288.57,20,3.0,-9.73688136574074,300.0,0.5112998324550146,0.8634646519158122,60.0,76.14680475460291,7.220011370096646,24.51327796291556,Low,seller,99.3646,56.666666666666664,100.0,86.68
6a0cbc8af2e8abd1bdfb777943d174c6,35,4639.42,35,3.0,-8.182517701525054,0.0,1.8536346493797502,1.834862385321101,60.0,75.47978325945405,1.762364980102331,24.51300997807254,Low,seller,99.3646,100.0,100.0,99.68
0015a82c2db000af6aaaf3ae2ecb0532,3,2748.06,3,3.0,-15.593379629629629,100.0,1.095964691208311,0.10793308148947653,60.0,78.65999411835907,3.581580443433769,24.512929839832097,Low,seller,99.3646,10.0,100.0,72.68
f593898ec748b7a8cb81fc04edafd98a,20,3541.12,23,3.0,-13.374801136363637,0.0,1.4136608130610737,1.0253642741500268,60.0,77.70793921785409,1.762364980102331,24.512866693144176,Low,seller,99.3646,66.66666666666666,100.0,89.68
88cf19ec1fc2c58f161aee259d57142c,14,1607.68,14,3.0,-12.584605654761905,200.0,0.6391338039633939,0.7015650296815974,60.0,77.36884394450709,5.400795906765207,24.512537580962,Low,seller,99.3646,46.666666666666664,100.0,83.68
cac876b37d3abcd6bd76caca30277996,27,2958.79,33,3.0,-14.07696654040404,-40.0,1.1803821422940204,1.4031300593631948,60.0,78.00925829036417,1.0346787947697555,24.509753780560604,Low,seller,99.3646,90.0,100.0,96.68
e6a69c4a27dfdd98ffe5aa757ad744bc,24,2518.94,29,3.0,-15.318122987117553,-33.33333333333333,1.004180292248705,1.24123043712898,60.0,78.54187369296253,1.1559598256585182,24.508438733467088,Low,seller,99.3646,80.0,100.0,93.68
fb3cfbc8a86f5d7fbb4d36b8df63f60d,10,1225.06,15,3.0,-15.949399691358025,133.33333333333331,0.4858580238921456,0.48569886670264434,60.0,78.81277241557748,4.1879855978775815,24.50789654596769,Low,seller,99.3646,33.33333333333333,100.0,79.68
013900e863eace745d3ec7614cab5b1a,23,2089.37,26,3.0,-15.359030448717949,0.0,0.8320965620589446,1.1872638963842417,60.0,78.55942824395186,1.762364980102331,24.506595677316756,Low,seller,99.3646,76.66666666666667,100.0,92.68
bf100ecb7997df312b285358fb32f92c,20,2337.01,21,3.0,-16.932710537918872,-50.0,0.9312999862836164,1.0253642741500268,60.0,79.23473896444175,0.8527572484366117,24.506217633932515,Low,seller,99.3646,66.66666666666666,100.0,89.68
be9a160a9011f627c3e121d076c1ec7b,7,3182.52,7,3.0,-16.66155787037037,0.0,1.2700073324966765,0.32379924446842956,60.0,79.11837967099862,1.762364980102331,24.50594545952614,Low,seller,99.3646,23.333333333333332,100.0,76.68
f5f46307a4d15880ca14fab4ad9dfc9b,9,1654.32,10,3.0,-10.613995370370372,300.0,0.6578175695337326,0.4317323259579061,60.0,76.52319922923783,7.220011370096646,24.505759373744937,Low,seller,99.3646,30.0,100.0,78.68
2b2fed75b8e5ea3a052fc4c0825da485,3,570.83,4,3.0,-19.537960069444445,100.0,0.2237765498552088,0.10793308148947653,60.0,80.35272536476778,3.581580443433769,24.505183084387475,Low,seller,99.3646,10.0,100.0,72.68
f356c348fbc8df6a882823e21f5ce8b7,2,225.65,2,3.0,-23.215283564814815,0.0,0.08549905844076766,0.053966540744738264,60.0,81.9307690829125,1.762364980102331,24.504993213165523,Low,seller,99.3646,6.666666666666667,100.0,71.68
739c7d7be81f63812dea0d1b1451c651,2,149.3,2,3.0,-23.351446759259257,0.0,0.054913606011621756,0.053966540744738264,60.0,81.98920056817784,1.762364980102331,24.50458230022658,Low,seller,99.3646,6.666666666666667,100.0,71.68
9aa388272ee334b6ae07bc73706e254a,6,861.46,7,3.0,-15.517825727513229,200.0,0.3402015667443074,0.26983270372369134,60.0,78.6275717979496,5.400795906765207,24.503734006323175,Low,seller,99.3646,20.0,100.0,75.68
9c54608f0996c32ae4743089d915f845,3,304.72,3,3.0,-20.011917438271606,100.0,0.11717413013130552,0.10793308148947653,60.0,80.5561139025148,3.581580443433769,24.503710639132358,Low,seller,99.3646,10.0,100.0,72.68
d3e7d37c0df9aef383f3f2a15b0dddfb,1,201.34,1,3.0,-23.429305555555555,0.0,0.07576058629207694,0.0,60.0,82.0226119839949,1.762364980102331,24.502356471497095,Low,seller,99.3646,3.3333333333333335,100.0,70.68
272f092de69afedd4d2969440b37f18f,26,2471.34,40,3.0,-15.352819622507123,-50.0,0.9851119551743457,1.3491635186184565,60.0,78.5567630024253,0.8527572484366117,24.501614641414374,Low,seller,99.3646,86.66666666666667,100.0,95.68
458d868c9642f55f18f04e951a3fdde6,2,2822.75,2,3.0,-18.286244212962963,0.0,1.1258851554117544,0.053966540744738264,60.0,79.81557862021035,1.762364980102331,24.499830472851496,Low,seller,99.3646,6.666666666666667,100.0,71.68
ccf8813e5a7d6c84d865cd38bfc2b130,26,3051.29,26,3.0,-12.802580128205127,0.0,1.217437209087681,1.3491635186184565,60.0,77.46238296792073,1.762364980102331,24.49811598557926,Low,seller,99.3646,86.66666666666667,100.0,95.68
d4e12e7884759a14fa0f5f896c791cae,29,1839.6699999999998,32,3.0,-11.587587528935185,100.0,0.7320679114818949,1.5110631408526713,60.0,76.94099521367934,3.581580443433769,24.496693485053015,Low,seller,99.3646,96.66666666666667,100.0,98.68
941554c5757b73ba0e50aa7732310afc,3,166.35,4,3.0,-22.984210069444444,0.0,0.06174375616115597,0.10793308148947653,60.0,81.83160889799595,1.762364980102331,24.496484229930342,Low,seller,99.3646,10.0,100.0,72.68
0725b8c0f3f906e58f70cbe76b7c748c,17,2905.99,37,3.0,-14.91665252057613,0.0,1.159230709572882,0.8634646519158122,60.0,78.36959133908641,1.762364980102331,24.495310574724016,Low,seller,99.3646,56.666666666666664,100.0,86.68
3f84fefc07dc159b268d4a77d3e8c425,3,251.92000000000002,3,3.0,-19.979047067901234,100.0,0.09602269741016731,0.10793308148947653,60.0,80.54200829512361,3.581580443433769,24.49524936820734,Low,seller,99.3646,10.0,100.0,72.68
333c4210e76a1aa2ab817b99437e3ff1,2,402.42999999999995,2,3.0,-22.7071875,0.0,0.15631629852491188,0.053966540744738264,60.0,81.71273066331072,1.762364980102331,24.4935326222505,Low,seller,99.3646,6.666666666666667,100.0,71.68
22c32ec35d0116ef02c281798a25bf8b,4,210.01,6,3.0,-16.994400077160495,200.0,0.07923374768776383,0.16189962223421478,60.0,79.26121169385978,5.400795906765207,24.49350637462037,Low,seller,99.3646,13.333333333333334,100.0,73.68
8931a84a914b3fe9b1ddaa4d704947ca,29,5092.89,32,3.0,-8.265864800347222,0.0,2.0352926076383593,1.5110631408526713,60.0,75.51554986140992,1.762364980102331,24.4919225447264,Low,seller,99.3646,96.66666666666667,100.0,98.68
b3f19518fcec265b2e97af287725f981,9,624.48,9,3.0,-12.279686053240741,300.0,0.24526848859553205,0.4317323259579061,60.0,77.23799430282463,7.220011370096646,24.489213910501498,Low,seller,99.3646,30.0,100.0,78.68
5e25c632f9db6cfb8bc100421c2737b6,1,278.91,1,3.0,-23.052233796296296,0.0,0.10683476500758246,0.0,60.0,81.86079980681278,1.762364980102331,24.487406898534424,Low,seller,99.3646,3.3333333333333335,100.0,70.68
ab75b89cc49c9ab3160d0c91565a442a,2,53.83,2,3.0,-23.227141203703702,0.0,0.016668771127397,0.053966540744738264,60.0,81.93585753177598,1.762364980102331,24.485107394301032,Low,seller,99.3646,6.666666666666667,100.0,71.68
889009a0ed0bb52c87819941192931b8,1,122.98,1,3.0,-23.292743055555555,0.0,0.044369937276387696,0.0,60.0,81.96400914540035,1.762364980102331,24.484148851003205,Low,seller,99.3646,3.3333333333333335,100.0,70.68
b98b715fe9e276204e2a3464f48cd796,6,517.62,6,3.0,-22.446293402777776,-33.33333333333333,0.2024608730542284,0.26983270372369134,60.0,81.60077361309719,1.1559598256585182,24.483908462377624,Low,seller,99.3646,20.0,100.0,75.68
71dc18fd8cbf5fd77f45dd8b427abb34,4,1229.4,9,3.0,-17.753888888888888,100.0,0.4875966075665725,0.16189962223421478,60.0,79.58712986501281,3.581580443433769,24.482981411923824,Low,seller,99.3646,13.333333333333334,100.0,73.68
89f69225956f951295ca4c7fb1266553,11,1318.71,12,3.0,-18.003587962962964,33.33333333333333,0.5233737752999978,0.5396654074473827,60.0,79.69428281355411,2.368770134546143,24.482947919939573,Low,seller,99.3646,36.666666666666664,100.0,80.68
debe6615cd90cc0c2eac2b8988e1f628,5,374.03000000000003,5,3.0,-13.479270833333334,300.0,0.14493939153096633,0.21586616297895306,60.0,77.75277012523743,7.220011370096646,24.482365013999306,Low,seller,99.3646,16.666666666666664,100.0,74.68
9b00ed88b7fdb95d6ff76e27c1b52d16,47,2203.36,51,3.0,-9.733468518518519,0.0,0.8777604222082354,2.48246087425796,60.0,76.14534020514819,1.762364980102331,24.481980874009423,Low,seller,99.3646,100.0,100.0,99.68
31da954dc0855f2495c6310f70a2f931,29,5032.71,30,3.0,-10.098269675925927,-66.66666666666666,2.0111847814800616,1.5110631408526713,60.0,76.30188671935707,0.5495546712147056,24.481359694682215,Low,seller,99.3646,96.66666666666667,100.0,98.68
6eb94e1466490d327a09abf8f3552a50,10,1749.77,10,3.0,-9.803771862139918,300.0,0.6960543925116237,0.48569886670264434,60.0,76.17550936211954,7.220011370096646,24.478568575756746,Low,seller,99.3646,33.33333333333333,100.0,79.68
6288c69c4ce638e59925e59193f98b16,22,4812.4800000000005,22,3.0,-11.442781828703705,-50.0,1.9229616748858143,1.1332973556395036,60.0,76.87885498427349,0.8527572484366117,24.477316813860305,Low,seller,99.3646,73.33333333333333,100.0,91.68
ad87df7699e83b8a91822a4a0b765c3a,6,438.62,7,3.0,-15.878778935185187,200.0,0.17081384303585873,0.26983270372369134,60.0,78.7824670478856,5.400795906765207,24.47615197670104,Low,seller,99.3646,20.0,100.0,75.68
c8665a4dd081a2c436b1cd921079d0d9,1,93.53,1,3.0,-23.22318287037037,0.0,0.032572405199919496,0.0,60.0,81.93415889877323,1.762364980102331,24.47613205438619,Low,seller,99.3646,3.3333333333333335,100.0,70.68
62c50c1af4dfdc4149d25c5222043d39,14,3096.03,19,3.0,-16.29734068627451,-50.0,1.2353598435563122,0.7015650296815974,60.0,78.96208375628609,0.8527572484366117,24.47558749877387,Low,seller,99.3646,46.666666666666664,100.0,83.68
1d953075c2f0dd990bacf27b83b330f1,1,78.32,1,3.0,-23.23414351851852,0.0,0.026479350433091603,0.0,60.0,81.93886242349136,1.762364980102331,24.475009666663865,Low,seller,99.3646,3.3333333333333335,100.0,70.68
3d01d1c414c44b5943a09619ff3853cb,5,484.94000000000005,5,3.0,-13.1515625,300.0,0.18936941810485727,0.21586616297895306,60.0,77.61214119295789,7.220011370096646,24.474599682129544,Low,seller,99.3646,16.666666666666664,100.0,74.68
999f6d9a1c7c81f43be44c6b7d076210,2,50.83,2,3.0,-23.061521990740744,0.0,0.015466985177332328,0.053966540744738264,60.0,81.86478563425342,1.762364980102331,24.47408607388763,Low,seller,99.3646,6.666666666666667,100.0,71.68
a23266650e7c84bb93fbbba502137478,11,1791.44,16,3.0,-17.922121672453702,0.0,0.712747199358022,0.5396654074473827,60.0,79.65932331974278,1.762364980102331,24.473875507640905,Low,seller,99.3646,36.666666666666664,100.0,80.68
87b4428a334b8f676fd9a7f3bf544fb5,1,48.98,1,3.0,-23.26480324074074,0.0,0.014725883841459113,0.0,60.0,81.95201937911784,1.762364980102331,24.473457170030347,Low,seller,99.3646,3.3333333333333335,100.0,70.68
fec6275253471ace26d209bbaa64cd0f,9,3195.67,10,3.0,-17.110966435185183,-50.0,1.2752751609111268,0.4317323259579061,60.0,79.31123362129136,0.8527572484366117,24.47247639780018,Low,seller,99.3646,30.0,100.0,78.68
8de8fe3af4449ed695d2434c933ed73e,1,2155.35,1,3.0,-19.281412037037036,0.0,0.8585278410540336,0.0,60.0,80.24263333412304,1.762364980102331,24.470189850444896,Low,seller,99.3646,3.3333333333333335,100.0,70.68
6bbcb8924baf70b7fe2fe2097e8cd407,10,2646.8300000000004,11,3.0,-17.884895833333335,-50.0,1.055412427299962,0.48569886670264434,60.0,79.64334865728773,0.8527572484366117,24.46982646830247,Low,seller,99.3646,33.33333333333333,100.0,79.68
f9903dd0f812c7e771fcad47b6fff231,10,2101.48,15,3.0,-17.464239197530862,0.0,0.836947771344039,0.48569886670264434,60.0,79.46283297449297,1.762364980102331,24.468170492263052,Low,seller,99.3646,33.33333333333333,100.0,79.68
2c4c47cb51acd5ea5db5e0ae0e26542a,12,2917.37,15,3.0,-12.673375,100.0,1.163789484276794,0.5936319481921208,60.0,77.40693738605313,3.581580443433769,24.466743484582413,Low,seller,99.3646,40.0,100.0,81.68
72c38a04bd6a1c3dbc5298425a0db86d,4,760.65,5,3.0,-21.195805555555555,0.0,0.2998175528689675,0.16189962223421478,60.0,81.06415384211166,1.762364980102331,24.466279745746228,Low,seller,99.3646,13.333333333333334,100.0,73.68
b2a6d334e2833acea353624840e25a0e,25,2038.5900000000001,26,3.0,-16.282952724358974,-66.66666666666666,0.8117543318775166,1.2951969778737182,60.0,78.95590947410876,0.5495546712147056,24.465667432269466,Low,seller,99.3646,83.33333333333334,100.0,94.68
994f04b3718c2bab35c2adfa8afecd2a,49,4221.21,57,3.0,-7.805578493265993,-88.88888888888889,1.686101681987568,2.5903939557474365,60.0,75.31802796366227,0.14528456825216352,24.46566164490769,Low,seller,99.3646,100.0,100.0,99.68
0f7eea709efdf942b5f95c7516dbacd7,3,240.06,3,3.0,-19.538587962962964,100.0,0.09127163695424496,0.10793308148947653,60.0,80.35299481166953,3.581580443433769,24.46547202755245,Low,seller,99.3646,10.0,100.0,72.68
9315e491484b1b0081ca166fc164108d,1,60.4,1,3.0,-23.10800925925926,0.0,0.019300682358038633,0.0,60.0,81.88473463850929,1.762364980102331,24.46473689849404,Low,seller,99.3646,3.3333333333333335,100.0,70.68
24c1de8d9551c0b4fbc53317d53efda8,1,412.12,1,3.0,-22.441875,0.0,0.16019806714362075,0.0,60.0,81.59887755125861,1.762364980102331,24.46412755084211,Low,seller,99.3646,3.3333333333333335,100.0,70.68
054694fa03fe82cec4b7551487331d74,21,10703.75,22,3.0,-1.3696687610229275,-83.33333333333334,4.282976846231648,1.0793308148947653,60.0,72.5561967197429,0.24635209399279878,24.4627904749539,Low,seller,99.3646,70.0,100.0,90.68
e627629ba868740e287800f1a9be81c2,13,643.55,13,3.0,-10.960602904040403,300.0,0.25290784128477645,0.6475984889368591,60.0,76.67193834393856,7.220011370096646,24.460563863220095,Low,seller,99.3646,43.333333333333336,100.0,82.68
2493dc3f20131696a0ecdb9948051a8d,4,575.0699999999999,4,3.0,-23.336918402777776,-66.66666666666666,0.22547507399796685,0.16189962223421478,60.0,81.98296603871383,0.5495546712147056,24.460517800686485,Low,seller,99.3646,13.333333333333334,100.0,73.68
3c3017960b2dbd72711a61f0400aab8f,10,1222.89,10,3.0,-20.864327417695474,-66.66666666666666,0.4849887320549322,0.48569886670264434,60.0,80.92190717988274,0.5495546712147056,24.460162880396023,Low,seller,99.3646,33.33333333333333,100.0,79.68
f021c962aaba8ef6eb527a9c2c8394d1,5,4533.87,5,3.0,-15.721442129629628,-66.66666666666666,1.8113518137033082,0.21586616297895306,60.0,78.71494936608457,0.5495546712147056,24.459569956889887,Low,seller,99.3646,16.666666666666664,100.0,74.68
a369d693961cb93b61ca2cc518872a85,11,3213.79,18,3.0,-15.043382844650203,0.0,1.2825339480495175,0.5396654074473827,60.0,78.42397491237153,1.762364980102331,24.459509271142664,Low,seller,99.3646,36.666666666666664,100.0,80.68
b74d1c09cb380e1d03a6f859c6f4224b,31,3053.2,39,3.0,-11.13808631822612,0.0,1.2182023461425555,1.618996222342148,60.0,76.74810150640803,1.762364980102331,24.45866148339974,Low,seller,99.3646,100.0,100.0,99.68
9cea4682e16655f7da87f406902e989e,4,219.23000000000002,9,3.0,-22.080645576131687,0.0,0.08292723650762926,0.16189962223421478,60.0,81.44386376912547,1.762364980102331,24.458169139889897,Low,seller,99.3646,13.333333333333334,100.0,73.68
01bcc9d254a0143f0ce9791b960b2a47,11,1798.87,11,3.0,-17.622724537037037,0.0,0.7157236225610154,0.5396654074473827,60.0,79.53084352475884,1.762364980102331,24.45549646535421,Low,seller,99.3646,36.666666666666664,100.0,80.68
1caf283236cd69af44cbc09a0a1e7d32,33,1530.25,37,3.0,-10.680373498498499,100.0,0.6081157085922247,1.7269293038316245,60.0,76.5516839650101,3.581580443433769,24.455077677630463,Low,seller,99.3646,100.0,100.0,99.68
c12b92bf1c350f3e6bf88d3596219c86,17,5252.84,17,3.0,-12.422417619825708,-90.0,2.0993678285426407,0.8634646519158122,60.0,77.29924446270694,0.12507106310403637,24.45307028725819,Low,seller,99.3646,56.666666666666664,100.0,86.68
961dff0a659b4561334372337dd897d9,4,10082.560000000001,4,3.0,-3.529683641975309,0.0,4.034131041458091,0.16189962223421478,60.0,73.48312031465571,1.762364980102331,24.44941876320457,Low,seller,99.3646,13.333333333333334,100.0,73.68
daeb5653dd96c1b11860f72209795012,40,2938.06,41,3.0,-10.709582739791072,-50.0,1.1720778013790734,2.1046950890447924,60.0,76.56421847816662,0.8527572484366117,24.447705609243574,Low,seller,99.3646,100.0,100.0,99.68
60562ab00b8054280520d390c8c0045c,17,3247.09,17,3.0,-13.532393790849673,0.0,1.2958737720952354,0.8634646519158122,60.0,77.77556669168133,1.762364980102331,24.447199796369958,Low,seller,99.3646,56.666666666666664,100.0,86.68
ccada0ef508e698917a6eab263375905,3,231.96,3,3.0,-22.08841820987654,0.0,0.08802681488907035,0.10793308148947653,60.0,81.44719922652266,1.762364980102331,24.446707696827723,Low,seller,99.3646,10.0,100.0,72.68
4e06067cc08b3f41d837768d392c3ee3,31,1514.25,46,3.0,-13.780181411030595,0.0,0.6017061835252131,1.618996222342148,60.0,77.88189938119119,1.762364980102331,24.44378231583201,Low,seller,99.3646,100.0,100.0,99.68
402916f742e5c740cc751493d9cf5053,9,1478.43,10,3.0,-18.451939814814814,0.0,0.587356859281441,0.4317323259579061,60.0,79.8866832983698,1.762364980102331,24.44337913203961,Low,seller,99.3646,30.0,100.0,78.68
238fac594e170b59c6d228f5a4f4f1d9,29,4545.5199999999995,30,3.0,-9.47224537037037,-33.33333333333333,1.8160187491427258,1.5110631408526713,60.0,76.03324194985784,1.1559598256585182,24.443153685000514,Low,seller,99.3646,96.66666666666667,100.0,98.68
cb6c9f5888a7a090c75beaf615925792,11,1008.97,11,3.0,-10.414881102693602,300.0,0.3992933819089873,0.5396654074473827,60.0,76.4377536545703,7.220011370096646,24.442368551629748,Low,seller,99.3646,36.666666666666664,100.0,80.68
da7039f29f90ce5b4846ffc0fcc93beb,17,1503.55,18,3.0,-11.026084747942386,200.0,0.5974198136366491,0.8634646519158122,60.0,76.70003845875092,5.400795906765207,24.440177466559106,Low,seller,99.3646,56.666666666666664,100.0,86.68
ec21206b7894c503788a684a7bc822a6,3,296.40999999999997,3,3.0,-19.035162037037036,100.0,0.11384518304962635,0.10793308148947653,60.0,80.13696048100519,3.581580443433769,24.43983894178141,Low,seller,99.3646,10.0,100.0,72.68
b7d5b4b87af9d42b601865d3f3810bff,2,1090.02,2,3.0,-20.587025462962963,0.0,0.4317616323265678,0.053966540744738264,60.0,80.80290905305333,1.762364980102331,24.439692980852385,Low,seller,99.3646,6.666666666666667,100.0,71.68
54219883e72aad869adfb2a54b7bfa0f,5,7579.55,5,3.0,-7.838287037037037,0.0,3.0314369578342983,0.21586616297895306,60.0,75.33206412667391,1.762364980102331,24.439443745106345,Low,seller,99.3646,16.666666666666664,100.0,74.68
c64a2aec32cc408a8a4c6d7c46017f91,9,3628.17,9,3.0,-11.531579218106996,100.0,1.4485326353787837,0.4317323259579061,60.0,76.91696046036552,3.581580443433769,24.438194985501312,Low,seller,99.3646,30.0,100.0,78.68
901b460cdce0c64e471230d7f2f9f3a3,5,2012.56,5,3.0,-18.202733796296297,0.0,0.8013268357841221,0.21586616297895306,60.0,79.77974193393936,1.762364980102331,24.43756237958111,Low,seller,99.3646,16.666666666666664,100.0,74.68
7bb8fac2913a6064ec412e583c6d8b4d,1,125.52,1,3.0,-22.53439814814815,0.0,0.04538744938077578,0.0,60.0,81.63858185600688,1.762364980102331,24.435640011225498,Low,seller,99.3646,3.3333333333333335,100.0,70.68
89bc797e2e29667aa035d4368f9b7f92,17,659.45,20,3.0,-20.28547331871345,-75.0,0.25927730682011924,0.8634646519158122,60.0,80.67350448271158,0.3979533826037522,24.4344703656921,Low,seller,99.3646,56.666666666666664,100.0,86.68
bd697db56ff8e7c9cd1abeb7f72029b2,22,3415.2000000000003,22,3.0,-11.971464947089947,0.0,1.3632178507836927,1.1332973556395036,60.0,77.10572789194912,1.762364980102331,24.434385375947585,Low,seller,99.3646,73.33333333333333,100.0,91.68
d0d70d21e2234dd7cd3cf63fe414148a,8,964.99,9,3.0,-18.506655092592595,33.33333333333333,0.38167519988103915,0.37776578521316784,60.0,79.91016317456032,2.368770134546143,24.432345495906265,Low,seller,99.3646,26.666666666666668,100.0,77.68
4dbd95a08b31ede5c82d3f861cb1ce1a,6,1494.03,6,3.0,-16.037942708333333,100.0,0.5936061462217772,0.26983270372369134,60.0,78.85076873325238,3.581580443433769,24.431313374128692,Low,seller,99.3646,20.0,100.0,75.68
39d54ff918774174706fb065d7f9dc07,23,1956.99,25,3.0,-11.609332561728394,100.0,0.7790657540357574,1.1872638963842417,60.0,76.95032662345152,3.581580443433769,24.43124273816789,Low,seller,99.3646,76.66666666666667,100.0,92.68
c04d70d515d15a7e3db3a73320598566,3,214.82,4,3.0,-21.870428240740743,0.0,0.08116061116103418,0.10793308148947653,60.0,81.35365355346822,1.762364980102331,24.430615984751146,Low,seller,99.3646,10.0,100.0,72.68
a1544b9ea0b2390e020537d4daa89049,8,948.53,8,3.0,-19.373292824074074,0.0,0.375081400968351,0.37776578521316784,60.0,80.2820619835156,1.762364980102331,24.42551166213137,Low,seller,99.3646,26.666666666666668,100.0,77.68
4677a5437afda5fa7140b927b07be1cc,11,3835.7,11,3.0,-13.350706018518519,0.0,1.5316681814510906,0.5396654074473827,60.0,77.69759931999052,1.762364980102331,24.42529320230598,Low,seller,99.3646,36.666666666666664,100.0,80.68
1c83418358f249c9d6affa52d579db0e,1,39.42,1,3.0,-22.522997685185185,0.0,0.010896192613919694,0.0,60.0,81.63368959428846,1.762364980102331,24.424558794937678,Low,seller,99.3646,3.3333333333333335,100.0,70.68
d4828feed4cda2cd9d6b37899a95a71e,1,62.11,1,3.0,-22.469675925925927,0.0,0.019985700349575496,0.0,60.0,81.61080771638312,1.762364980102331,24.423853365572576,Low,seller,99.3646,3.3333333333333335,100.0,70.68
276677b5d08786d5dce7c2149dcce48b,33,4320.639999999999,47,3.0,-9.501468878600823,-60.0,1.7259328743258777,1.7269293038316245,60.0,76.0457825853617,0.6708357021034679,24.423463146270272,Low,seller,99.3646,100.0,100.0,99.68
49067458c68f7701fd334ce326accbe0,17,1621.5,37,3.0,-13.369639014014014,100.0,0.6446700312400251,0.8634646519158122,60.0,77.70572400487205,3.581580443433769,24.423283817425144,Low,seller,99.3646,56.666666666666664,100.0,86.68
7ecd59e5e20407131822c1a68ac59c1f,24,2054.52,29,3.0,-11.089963282247764,100.0,0.8181358152723599,1.24123043712898,60.0,76.72745054798152,3.581580443433769,24.423023980404558,Low,seller,99.3646,80.0,100.0,93.68
d7d517afce974cd491b8d52bb5b5b1fc,1,108.72,1,3.0,-22.355173611111113,0.0,0.038657448060413616,0.0,60.0,81.56167152838279,1.762364980102331,24.422084461685778,Low,seller,99.3646,3.3333333333333335,100.0,70.68
c8cc60ffd415254af5d9b9f34f32c369,8,916.23,9,3.0,-10.897785493827161,300.0,0.3621421722393214,0.37776578521316784,60.0,76.64498161312554,7.220011370096646,24.421832476953583,Low,seller,99.3646,26.666666666666668,100.0,77.68
ffa6adafb71b807dc13159e26431354c,18,3206.98,18,3.0,-12.061402505446623,33.33333333333333,1.2798058939428707,0.9174311926605505,60.0,77.14432264684862,2.368770134546143,24.421824976829907,Low,seller,99.3646,60.0,100.0,87.68
702835e4b785b67a084280efca355756,1,18.560000000000002,1,3.0,-22.516712962962963,0.0,0.002539774307803341,0.0,60.0,81.63099264188938,1.762364980102331,24.421647326585983,Low,seller,99.3646,3.3333333333333335,100.0,70.68
d598f929fc44e1e38678e7f47250ec04,1,107.30000000000001,1,3.0,-22.31761574074074,0.0,0.038088602710716346,0.0,60.0,81.54555438190943,1.762364980102331,24.41949623610986,Low,seller,99.3646,3.3333333333333335,100.0,70.68
31561f325664a8a7aba4c8d0c3a9b3db,36,3329.36,38,3.0,-8.953947673001949,0.0,1.3288307487991755,1.8888289260658393,60.0,75.81082572063818,1.762364980102331,24.418716812262172,Low,seller,99.3646,100.0,100.0,99.68
1cbd32d00d01bb8087a5eb088612fd9c,11,1289.53,12,3.0,-9.504101080246913,300.0,0.5116844039590354,0.5396654074473827,60.0,76.04691213767815,7.220011370096646,24.417459630710944,Low,seller,99.3646,36.666666666666664,100.0,80.68
3f2af2670e104d1bcb54022274daeac5,6,1334.18,7,3.0,-18.924441137566138,0.0,0.5295709848491646,0.26983270372369134,60.0,80.08944700548491,1.762364980102331,24.41598302021864,Low,seller,99.3646,20.0,100.0,75.68
3f9be91358837bff69df67edfa3e42e8,7,702.06,7,3.0,-18.465537367724867,50.0,0.2763466732642044,0.32379924446842956,60.0,79.89251839364462,2.67197271176805,24.414928843319867,Low,seller,99.3646,23.333333333333332,100.0,76.68
01fd077212124329bac32490e8ef80d9,31,1783.3600000000001,39,3.0,-11.213219076448244,57.14285714285714,0.7095103891991811,1.618996222342148,60.0,76.78034310203826,2.8019166734345813,24.41484530499449,Low,seller,99.3646,100.0,100.0,99.68
5bf397d04035b5f45cc41e82ec106803,3,1572.28,4,3.0,-20.497340856481483,-50.0,0.6249527297526308,0.10793308148947653,60.0,80.7644228469715,0.8527572484366117,24.414408241187544,Low,seller,99.3646,10.0,100.0,72.68
41b14765bd56c8ad10971074380f9c0c,8,514.63,10,3.0,-14.321952546296297,200.0,0.2012630930573306,0.37776578521316784,60.0,78.11438872779192,5.400795906765207,24.4120582740658,Low,seller,99.3646,26.666666666666668,100.0,77.68
8a1ff5c35f6595a73fef4c7b96e4908a,2,1882.8,2,3.0,-18.667054398148146,0.0,0.749345587490658,0.053966540744738264,60.0,79.97899506189506,1.762364980102331,24.411381068727874,Low,seller,99.3646,6.666666666666667,100.0,71.68
56db5c0782e8f7ddc9343f9576ff6d16,2,791.9499999999999,2,3.0,-20.691354166666667,0.0,0.3123561862813089,0.053966540744738264,60.0,80.84767945623082,1.762364980102331,24.41058690751543,Low,seller,99.3646,6.666666666666667,100.0,71.68
c878515173c84a492ebe50d6b493230b,9,1308.04,10,3.0,-12.602134259259259,200.0,0.5190994232709344,0.4317323259579061,60.0,77.37636596541434,5.400795906765207,24.41019739395943,Low,seller,99.3646,30.0,100.0,78.68
a806a4bb063ea7ca6d374eafa50a6058,5,405.27,6,3.0,-21.716350308641974,-33.33333333333333,0.15745398922430645,0.21586616297895306,60.0,81.28753434661593,1.1559598256585182,24.40992887207027,Low,seller,99.3646,16.666666666666664,100.0,74.68
a09a13f18ed27932d08438aa6f12756e,1,46.01,1,3.0,-22.27857638888889,0.0,0.013536115750895089,0.0,60.0,81.5288014897508,1.762364980102331,24.40961755619812,Low,seller,99.3646,3.3333333333333335,100.0,70.68
d7ab82074b5f1dfba46db123df101bff,2,83.97,3,3.0,-21.98340663580247,0.0,0.028742713972380072,0.053966540744738264,60.0,81.40213578431838,1.762364980102331,24.40867131503589,Low,seller,99.3646,6.666666666666667,100.0,71.68
3985a3c45be355a4c57fde108bfabd1c,7,516.2,8,3.0,-17.291063368055557,100.0,0.20189202770453116,0.32379924446842956,60.0,79.38851831868908,3.581580443433769,24.407953211575204,Low,seller,99.3646,23.333333333333332,100.0,76.68
2dd1fb6f0e42a2243b8a01e40cd41216,4,942.73,5,3.0,-14.294155092592593,200.0,0.3727579481315593,0.16189962223421478,60.0,78.10246005269636,5.400795906765207,24.407750888578995,Low,seller,99.3646,13.333333333333334,100.0,73.68
e58a5b390e28abc0b216cfb0e07d27d7,7,1167.23,7,3.0,-18.898331679894177,0.0,0.46269159672806565,0.32379924446842956,60.0,80.07824269732022,1.762364980102331,24.40773019274379,Low,seller,99.3646,23.333333333333332,100.0,76.68
5415337f1863452476d42d9f14a16a61,1,68.35,1,3.0,-22.202222222222222,0.0,0.022485415125710013,0.0,60.0,81.4960357531453,1.762364980102331,24.40738748551974,Low,seller,99.3646,3.3333333333333335,100.0,70.68
6e1862e15f33d9994bc25922a85e1efc,8,879.96,14,3.0,-19.201013695987655,0.0,0.3476125801030395,0.37776578521316784,60.0,80.208132127688,1.762364980102331,24.406181537497638,Low,seller,99.3646,26.666666666666668,100.0,77.68
7bac63f6603d382cc8d0832eb6c100a8,19,8114.6,19,3.0,-4.763737816764132,-50.0,3.2457754820283324,0.9713977334052887,60.0,74.0126879311103,0.8527572484366117,24.40376099247003,Low,seller,99.3646,63.33333333333333,100.0,88.68
c5ebe6598748b0aeaa61cfb820478b92,3,337.16999999999996,3,3.0,-18.39206790123457,100.0,0.13017344815783838,0.10793308148947653,60.0,79.86099056363011,3.581580443433769,24.403341933707615,Low,seller,99.3646,10.0,100.0,72.68
713e3a23ca5e47786eb6f0d99f94cfac,4,1213.03,4,3.0,-19.370373263888887,0.0,0.48103886223238623,0.16189962223421478,60.0,80.280809117507,1.762364980102331,24.403144429864554,Low,seller,99.3646,13.333333333333334,100.0,73.68
39f776d2974049026ff531fc42ef2a3e,3,1174.41,4,3.0,-21.02314525462963,-50.0,0.46556787110188713,0.10793308148947653,60.0,80.99006041421711,0.8527572484366117,24.400438418679165,Low,seller,99.3646,10.0,100.0,72.68
8a43128d7f9a3db592b866e6861a6cce,3,1058.49,4,3.0,-21.22814525462963,-50.0,0.4191308619913881,0.10793308148947653,60.0,81.07803172341168,0.8527572484366117,24.399703012325197,Low,seller,99.3646,10.0,100.0,72.68
f44b6f775a2b390380e0e30b5c9d3eee,10,3188.24,10,3.0,-11.535689814814814,100.0,1.2722987377081334,0.48569886670264434,60.0,76.91872443389703,3.581580443433769,24.399081047416033,Low,seller,99.3646,33.33333333333333,100.0,79.68
b64d51f0435e884e8de603b1655155ae,17,773.54,23,3.0,-8.915561594202899,300.0,0.30498122650107873,0.8634646519158122,60.0,75.79435316645868,7.220011370096646,24.39851464290774,Low,seller,99.3646,56.666666666666664,100.0,86.68
980640c45d7a4635885491d077167e4d,14,1246.6599999999999,14,3.0,-9.597276785714286,266.66666666666663,0.49451088273261123,0.7015650296815974,60.0,76.08689647326395,6.613606215652832,24.39813961479506,Low,seller,99.3646,46.666666666666664,100.0,83.68
bd4ff04377f974574f7f0bf9d6ce7dde,4,215.10000000000002,4,3.0,-23.033741319444445,-66.66666666666666,0.08127277784970689,0.16189962223421478,60.0,81.85286416096444,0.5495546712147056,24.3977418301796,Low,seller,99.3646,13.333333333333334,100.0,73.68
35281d148dcf7134bae913c57db4e6da,1,137.01999999999998,1,3.0,-21.906516203703703,0.0,0.04999429552269035,0.0,60.0,81.36913992101952,1.762364980102331,24.396605774819967,Low,seller,99.3646,3.3333333333333335,100.0,70.68
17998cf586426bf0f2c3726cb0a4b211,2,115.52,2,3.0,-21.735364583333336,0.0,0.04138149621389354,0.053966540744738264,60.0,81.29569391070365,1.762364980102331,24.39649666866613,Low,seller,99.3646,6.666666666666667,100.0,71.68
f805b96fa705ba7995a221f1749dc141,7,2986.87,7,3.0,-12.47628306878307,100.0,1.1916308587866256,0.32379924446842956,60.0,77.32235965326856,3.581580443433769,24.394951061086758,Low,seller,99.3646,23.333333333333332,100.0,76.68
abbf6046bbdf1028606a5bc7f00c99e7,7,2393.14,7,3.0,-16.407260802469136,0.0,0.9537854014093263,0.32379924446842956,60.0,79.00925359301029,1.762364980102331,24.39470996850168,Low,seller,99.3646,23.333333333333332,100.0,76.68
6b15924333bd1a741595fe981ea04822,21,854.46,21,3.0,-10.68516093474427,200.0,0.33739739952748976,1.0793308148947653,60.0,76.5537383895673,5.400795906765207,24.39419227269355,Low,seller,99.3646,70.0,100.0,90.68
184a67a8f9f63234d3a92340bbdb727f,8,477.0,11,3.0,-21.148857638888888,-50.0,0.18618869129035273,0.37776578521316784,60.0,81.04400716068179,0.8527572484366117,24.392174852636327,Low,seller,99.3646,26.666666666666668,100.0,77.68
3ea00e1dea2b0659dbaf654735929220,7,649.97,7,3.0,-19.620291005291005,0.0,0.2554796632179149,0.32379924446842956,60.0,80.38805590239527,1.762364980102331,24.392038593452007,Low,seller,99.3646,23.333333333333332,100.0,76.68
ebd1417732defaf66c50b5a800eb293e,1,325.33,1,3.0,-21.475034722222222,0.0,0.1254303996082498,0.0,60.0,81.18397899019446,1.762364980102331,24.391462466421878,Low,seller,99.3646,3.3333333333333335,100.0,70.68
138dbe45fc62f1e244378131a6801526,49,1814.8,58,3.0,-9.269741379310345,-23.076923076923077,0.7221051059558589,2.5903939557474365,60.0,75.94634174883016,1.3425460270258451,24.390435885750726,Low,seller,99.3646,100.0,100.0,99.68
4736e9d642ef4257cd7622516931eb51,16,1449.77,20,3.0,-13.360026041666666,100.0,0.5758757975051565,0.809498111171074,60.0,77.70159880602986,3.581580443433769,24.38853513229217,Low,seller,99.3646,53.333333333333336,100.0,85.68
c113b8df1fc375bc3d73d29c1b1144d1,3,400.87,5,3.0,-20.86505787037037,0.0,0.15569136983087825,0.10793308148947653,60.0,80.92222063782478,1.762364980102331,24.388260275005585,Low,seller,99.3646,10.0,100.0,72.68
0b36063d5818f81ccb94b54adfaebbf5,1,783.0,15,3.0,-20.549884259259258,0.0,0.3087708581969493,0.0,60.0,80.78697071005392,1.762364980102331,24.386913361977406,Low,seller,99.3646,3.3333333333333335,100.0,70.68
c79151301b9d90985d1fa52879213105,4,453.11,8,3.0,-20.53097056878307,0.0,0.17661846917467108,0.16189962223421478,60.0,80.77885430950323,1.762364980102331,24.386525090746673,Low,seller,99.3646,13.333333333333334,100.0,73.68
6d22a1fcebb6dd08c9cd90b92a93e8d0,12,946.4300000000001,13,3.0,-9.452278311965811,300.0,0.37424015080330575,0.5936319481921208,60.0,76.02467351927925,7.220011370096646,24.38638219719057,Low,seller,99.3646,40.0,100.0,81.68
83c465a786b06574376909b35ef6752a,3,330.46,3,3.0,-20.955069444444444,0.0,0.1274854535828604,0.10793308148947653,60.0,80.96084715496605,1.762364980102331,24.385592477702367,Low,seller,99.3646,10.0,100.0,72.68
c35affa65afd250151285c5917fc1c8a,9,5993.92,9,3.0,-6.270883969907407,100.0,2.3962410058339496,0.4317323259579061,60.0,74.65944705423016,3.581580443433769,24.38388048571756,Low,seller,99.3646,30.0,100.0,78.68
bdf0d02d36a1d839d0c39c4a887cdd49,5,215.95000000000002,7,3.0,-22.83661044973545,-75.0,0.08161328386889188,0.21586616297895306,60.0,81.7682697185695,0.3979533826037522,24.383486321951207,Low,seller,99.3646,16.666666666666664,100.0,74.68
8d79c8a04e42d722a75097ce5cbcf2ef,27,3535.1600000000003,28,3.0,-11.239100651577504,-50.0,1.4112732649736122,1.4031300593631948,60.0,76.79144961934625,0.8527572484366117,24.378157662078483,Low,seller,99.3646,90.0,100.0,96.68
556a6409838156ea299c9d1f9e2dde43,4,1449.64,4,3.0,-12.883590856481481,200.0,0.575823720113987,0.16189962223421478,60.0,77.49714696706843,5.400795906765207,24.37787365732953,Low,seller,99.3646,13.333333333333334,100.0,73.68
094ced053e257ae8cae57205592d6712,19,1978.23,19,3.0,-14.948047636452241,-20.0,0.7875743985622152,0.9713977334052887,60.0,78.38306387296905,1.3985218874360432,24.37643352260895,Low,seller,99.3646,63.33333333333333,100.0,88.68
70f7e8018e3d46c748c92f026aa2585a,1,277.68,2,3.0,-21.307037037037038,0.0,0.10634203276805594,0.0,60.0,81.11188642284131,1.762364980102331,24.374922071266845,Low,seller,99.3646,3.3333333333333335,100.0,70.68
4ba52dfeba874da5b9ee7b17c7494f04,11,1667.9099999999999,11,3.0,-10.952910353535353,200.0,0.6632616598875256,0.5396654074473827,60.0,76.66863725252894,5.400795906765207,24.374270028383965,Low,seller,99.3646,36.666666666666664,100.0,80.68
ec5c1d94df153d473b37f880977ae58e,2,283.74,3,3.0,-21.06323688271605,0.0,0.10876964038718659,0.053966540744738264,60.0,81.00726486792689,1.762364980102331,24.373448755501606,Low,seller,99.3646,6.666666666666667,100.0,71.68
2be17df1c49978426251562096c3cc09,16,2477.55,16,3.0,-15.444670138888888,-50.0,0.9875996520909794,0.809498111171074,60.0,78.59617866182188,0.8527572484366117,24.373356947537005,Low,seller,99.3646,53.333333333333336,100.0,85.68
7994b065a7ffb14e71c6312cf87b9de2,5,597.3399999999999,7,3.0,-21.731317791005292,-66.66666666666666,0.23439633170061358,0.21586616297895306,60.0,81.29395731743958,0.5495546712147056,24.37333450499233,Low,seller,99.3646,16.666666666666664,100.0,74.68
6b2612338467c08c9b25f0cc55b1578d,1,113.87,1,3.0,-21.57960648148148,0.0,0.04072051394135798,0.0,60.0,81.22885369539844,1.762364980102331,24.372780706502407,Low,seller,99.3646,3.3333333333333335,100.0,70.68
11938fcc75f6902fea1d0a6f72b54a57,2,737.1400000000001,2,3.0,-20.204184027777774,0.0,0.29039955697362735,0.053966540744738264,60.0,80.638620944433,1.762364980102331,24.37264114195346,Low,seller,99.3646,6.666666666666667,100.0,71.68
4391ea5c5990502176a1dcda44a2373d,3,2484.3,5,3.0,-16.71623611111111,0.0,0.9903036704786251,0.10793308148947653,60.0,79.14184365354701,1.762364980102331,24.371587417558242,Low,seller,99.3646,10.0,100.0,72.68
f114dca2828bf718548db175ebe2cfcd,1,152.99,1,3.0,-21.470324074074075,0.0,0.0563918027302013,0.0,60.0,81.18195751758594,1.762364980102331,24.370447666467186,Low,seller,99.3646,3.3333333333333335,100.0,70.68
2528744c5ef5d955adc318720a94d2e7,5,6508.7,5,3.0,-8.749944444444445,0.0,2.602459462958713,0.21586616297895306,60.0,75.72328215431564,1.762364980102331,24.36943320078993,Low,seller,99.3646,16.666666666666664,100.0,74.68
7994081388d55b9cf976c050653dd359,2,1109.6499999999999,6,3.0,-19.426006944444445,0.0,0.4396253183931576,0.053966540744738264,60.0,80.30468310635473,1.762364980102331,24.367318194667575,Low,seller,99.3646,6.666666666666667,100.0,71.68
41b86b552e54e3a7009596125aa8b167,10,1829.91,11,3.0,-17.33787878787879,-33.33333333333333,0.7281581011910179,0.48569886670264434,60.0,79.4086081419688,1.1559598256585182,24.36675935089414,Low,seller,99.3646,33.33333333333333,100.0,79.68
c0563dd588b775f2e37747ef6ad6c92c,28,4094.6800000000003,28,3.0,-8.382554976851852,0.0,1.6354143565670072,1.457096600107933,60.0,75.56562492285995,1.762364980102331,24.36597869343631,Low,seller,99.3646,93.33333333333333,100.0,97.68
2bd05d410a8fd26dc4184a15f4f2f588,6,1515.27,7,3.0,-17.80137400793651,0.0,0.602114790748235,0.26983270372369134,60.0,79.60750707520734,1.762364980102331,24.365455172446726,Low,seller,99.3646,20.0,100.0,75.68
0bfd0b434243adc5c2e1aa6baf19c6aa,6,436.99,6,3.0,-19.80938271604938,0.0,0.1701608726696569,0.26983270372369134,60.0,80.46920051387457,1.762364980102331,24.36512301282324,Low,seller,99.3646,20.0,100.0,75.68
431050a06a317f2b38168dec3dcd2b46,12,1720.95,12,3.0,-13.318586805555555,100.0,0.6845092354846691,0.5936319481921208,60.0,77.68381605552881,3.581580443433769,24.36449121036613,Low,seller,99.3646,40.0,100.0,81.68
c0e6839516f5398edc34adf5f1d53d1a,3,520.84,3,3.0,-17.440439814814816,100.0,0.20375078997396454,0.10793308148947653,60.0,79.45261998495369,3.581580443433769,24.36415954945099,Low,seller,99.3646,10.0,100.0,72.68
e256a62e0ac58c0edfba09966142d561,12,1809.55,14,3.0,-15.970782903439154,0.0,0.7200019805432456,0.5936319481921208,60.0,78.821948557829,1.762364980102331,24.363937362895587,Low,seller,99.3646,40.0,100.0,81.68
2dcf93836ae3ce0d7c93e2f10876467a,9,1622.44,12,3.0,-8.46911361882716,300.0,0.6450465908377121,0.4317323259579061,60.0,75.60276968899007,7.220011370096646,24.36386364909896,Low,seller,99.3646,30.0,100.0,78.68
c8b3445d737de6befde0c88ede534a5e,30,3800.79,36,3.0,-9.863141075102881,-50.0,1.517683398945505,1.5650296815974094,60.0,76.20098637377907,0.8527572484366117,24.361986120993528,Low,seller,99.3646,100.0,100.0,99.68
820c7c9eaf76d2b226b6c242bcf3f34d,1,577.0,1,3.0,-20.50857638888889,0.0,0.22624822295917515,0.0,60.0,80.7692443323148,1.762364980102331,24.359497614745205,Low,seller,99.3646,3.3333333333333335,100.0,70.68
1bb3812d5f0747a3ab7348f199001a10,9,1049.57,9,3.0,-19.353514660493826,-50.0,0.41555755176652914,0.4317323259579061,60.0,80.27357461305894,0.8527572484366117,24.358912263821935,Low,seller,99.3646,30.0,100.0,78.68
0cab2da43793a6f3c5ed8514c5f54627,3,366.90000000000003,3,3.0,-20.467916666666667,0.0,0.1420831469229793,0.10793308148947653,60.0,80.75179609331296,1.762364980102331,24.358614126456438,Low,seller,99.3646,10.0,100.0,72.68
00d8b143d12632bad99c0ad66ad52825,1,137.1,1,3.0,-21.296087962962964,0.0,0.05002634314802541,0.0,60.0,81.10718786488636,1.762364980102331,24.357322580687594,Low,seller,99.3646,3.3333333333333335,100.0,70.68
9bcdfa7b615b3abb9461d9e3ad9886ae,14,2523.79,20,3.0,-14.114046296296298,0.0,1.0061231795346428,0.7015650296815974,60.0,78.0251702643664,1.762364980102331,24.357240248945985,Low,seller,99.3646,46.666666666666664,100.0,83.68
8fdca8e349553f99bc738833a62c8802,22,1370.22,29,3.0,-11.754969268837803,100.0,0.5440084400626082,1.1332973556395036,60.0,77.01282346145737,3.581580443433769,24.35660843449064,Low,seller,99.3646,73.33333333333333,100.0,91.68
5b85809efd0d0e4dea1a9544e1280ed9,12,2097.36,14,3.0,-16.260590277777776,-33.33333333333333,0.8352973186392835,0.5936319481921208,60.0,78.94631311458417,1.1559598256585182,24.356540132393295,Low,seller,99.3646,40.0,100.0,81.68
3e8bd881d92466e63ba9e3e809cd3c50,9,2450.25,10,3.0,-6.805657150205762,300.0,0.9766633999453909,0.4317323259579061,60.0,74.8889333800496,7.220011370096646,24.356273245490193,Low,seller,99.3646,30.0,100.0,78.68
bf0045791395e66460eb04749c68672a,2,155.25,2,3.0,-21.026707175925925,0.0,0.05729714814591668,0.053966540744738264,60.0,80.99158893558143,1.762364980102331,24.355655617977405,Low,seller,99.3646,6.666666666666667,100.0,71.68
c6381d2d013342748761e906d45aff76,15,2614.26,28,3.0,-13.709023230820106,0.0,1.0423650378354266,0.7555315704263357,60.0,77.85136338961549,1.762364980102331,24.35553341040977,Low,seller,99.3646,50.0,100.0,84.68
8fbd63429be6d3e5e6d1a709b6464802,6,1240.97,8,3.0,-19.56970920138889,-50.0,0.49223149538065525,0.26983270372369134,60.0,80.36634981697726,0.8527572484366117,24.35535582193537,Low,seller,99.3646,20.0,100.0,75.68
4221a7df464f1fe2955934e30ff3a5a1,5,1089.04,5,3.0,-15.81200462962963,100.0,0.43136904891621336,0.21586616297895306,60.0,78.75381230115252,3.581580443433769,24.354607144935855,Low,seller,99.3646,16.666666666666664,100.0,74.68
33d677f27a69b84051204ee4ae76eaca,9,338.49,10,3.0,-19.197113425925927,0.0,0.13070223397586683,0.4317323259579061,60.0,80.20645841128047,1.762364980102331,24.35434901138454,Low,seller,99.3646,30.0,100.0,78.68
2a61c271b1ac763450d846849783e922,18,2013.1299999999999,23,3.0,-5.696100040257648,300.0,0.8015551751146343,0.9174311926605505,60.0,74.41279098205803,7.220011370096646,24.353744135017898,Low,seller,99.3646,60.0,100.0,87.68
5d378b73ab7dd6f0418d743e5dcb0bd1,7,13636.279999999999,7,3.0,3.536680169753087,-60.0,5.457734630279365,0.32379924446842956,60.0,70.45074335971495,0.6708357021034679,24.352965274368504,Low,seller,99.3646,23.333333333333332,100.0,76.68
fe19dce63ae80346207c6c55713d1023,1,71.72,1,3.0,-21.34636574074074,0.0,0.023835421342949328,0.0,60.0,81.12876348407906,1.762364980102331,24.352701647024976,Low,seller,99.3646,3.3333333333333335,100.0,70.68
5ab05b6d86d417796c69ffd6774ec832,10,2142.85,12,3.0,-12.762262731481483,100.0,0.8535203995954308,0.48569886670264434,60.0,77.445081630491,3.581580443433769,24.352401125471317,Low,seller,99.3646,33.33333333333333,100.0,79.68
d3674f271c91f824f82d24d92011f669,20,2101.82,20,3.0,-10.739037037037038,100.0,0.8370839737517131,1.0253642741500268,60.0,76.57685815177703,3.581580443433769,24.35215302777295,Low,seller,99.3646,66.66666666666666,100.0,89.68
430315b7bb4b6e4b3c978f9dfa9b0558,20,3704.63,21,3.0,-12.981530671296294,-85.71428571428571,1.4791621532927652,1.0253642741500268,60.0,77.53917571697833,0.20303744010395527,24.351269816082482,Low,seller,99.3646,66.66666666666666,100.0,89.68
7caa63f175b1cecbfaadd8b5ab9998c7,2,60.33,2,3.0,-21.13341435185185,0.0,0.019272640685870458,0.053966540744738264,60.0,81.03738000858952,1.762364980102331,24.351116926690608,Low,seller,99.3646,6.666666666666667,100.0,71.68
b0f2a6122a90a93eb03e68653dd960e3,6,1758.28,7,3.0,-17.112127976190475,0.0,0.6994634586566404,0.26983270372369134,60.0,79.31173207145194,1.762364980102331,24.35029352225594,Low,seller,99.3646,20.0,100.0,75.68
d06d019f72a04e5497a0b64190af170c,17,2641.44,17,3.0,-11.729082244008715,50.0,1.0532532185430126,0.8634646519158122,60.0,77.00171460552876,2.67197271176805,24.349296590547976,Low,seller,99.3646,56.666666666666664,100.0,86.68
b3b17aab11f273023a5f22ca52e1eb70,7,7325.35,13,3.0,-7.894706196581196,-50.0,2.9296056283321517,0.32379924446842956,60.0,75.35627518681419,0.8527572484366117,24.348548502482544,Low,seller,99.3646,23.333333333333332,100.0,76.68
404e1ba01358af4cd63f679b2c4d1fa1,8,551.73,12,3.0,-18.902311921296295,0.0,0.21612517930646372,0.37776578521316784,60.0,80.0799507316961,1.762364980102331,24.34750810785988,Low,seller,99.3646,26.666666666666668,100.0,77.68
79565f7d5603b24ddf07ade262547f2f,8,494.07,8,3.0,-10.515087632275131,300.0,0.19302685334622072,0.37776578521316784,60.0,76.48075511601972,7.220011370096646,24.346463906719784,Low,seller,99.3646,26.666666666666668,100.0,77.68
be7a093e5b4d147b36b72bb1f9e415e5,1,83.25999999999999,1,3.0,-21.223229166666666,0.0,0.02845829129753143,0.0,60.0,81.07592209075696,1.762364980102331,24.346162299013038,Low,seller,99.3646,3.3333333333333335,100.0,70.68
081acf3de680d554796c9cf041be7bc2,4,1802.8,8,3.0,-17.373774594907406,0.0,0.7172979621556002,0.16189962223421478,60.0,79.42401204996345,1.762364980102331,24.345502599709985,Low,seller,99.3646,13.333333333333334,100.0,73.68
6aa3928696eab49a19a466e665a649fd,18,2410.68,22,3.0,-13.29974431818182,0.0,0.9608118432640377,0.9174311926605505,60.0,77.67573021024711,1.762364980102331,24.345197380691648,Low,seller,99.3646,60.0,100.0,87.68
1fdc574883ef3b33ad41562d93f3a74a,18,4524.27,18,3.0,-10.745678369341563,-50.0,1.8075060986631013,0.9174311926605505,60.0,76.57970813566789,0.8527572484366117,24.343841572957913,Low,seller,99.3646,60.0,100.0,87.68
86bf77bdb52e615674772d5817c6212f,4,379.38,5,3.0,-14.352627314814816,200.0,0.1470825764752483,0.16189962223421478,60.0,78.12755214021053,5.400795906765207,24.343812090209227,Low,seller,99.3646,13.333333333333334,100.0,73.68
ead2bab70821ea148476ae9bc08548ac,9,528.3,9,3.0,-18.672566872427986,0.0,0.20673923103645864,0.4317323259579061,60.0,79.98136062081846,1.762364980102331,24.343395441933417,Low,seller,99.3646,30.0,100.0,78.68
8f78f0903005064036736c7173a5c2ed,13,2745.95,21,3.0,-13.67850363756614,0.0,1.0951194350900986,0.6475984889368591,60.0,77.83826656730018,1.762364980102331,24.342411935866505,Low,seller,99.3646,43.333333333333336,100.0,82.68
6bb0724edf0b62fb91ac404873a97241,17,4416.52,18,3.0,-9.72045396090535,0.0,1.7643419532899451,0.8634646519158122,60.0,76.13975528967589,1.762364980102331,24.34236854042755,Low,seller,99.3646,56.666666666666664,100.0,86.68
2b3b9ce054da76a7428df143a567b156,5,363.28000000000003,6,3.0,-16.97046875,100.0,0.14063299187656791,0.21586616297895306,60.0,79.2509420832204,3.581580443433769,24.341955795134144,Low,seller,99.3646,16.666666666666664,100.0,74.68
72bc2cce903c872fe376a8faaa81d237,17,2404.97,18,3.0,-7.811837705761317,200.0,0.958524444005748,0.8634646519158122,60.0,75.32071396911468,5.400795906765207,24.3416101822244,Low,seller,99.3646,56.666666666666664,100.0,86.68
014d9a685fd57276679edd00e07089e5,11,876.81,12,3.0,-11.917173032407407,200.0,0.34635070485547154,0.5396654074473827,60.0,77.08242969285983,5.400795906765207,24.34126560792398,Low,seller,99.3646,36.666666666666664,100.0,80.68
de9727ca376d1be6ec121b110aa7954c,10,1270.0900000000001,12,3.0,-18.443153409090908,-50.0,0.5038968310026164,0.48569886670264434,60.0,79.8829128026886,0.8527572484366117,24.340306411223395,Low,seller,99.3646,33.33333333333333,100.0,79.68
3a3e46d10f74d8a6ca76e2b538f106a0,3,409.98,6,3.0,-20.089493055555558,0.0,0.159340793165908,0.10793308148947653,60.0,80.58940379819306,1.762364980102331,24.339432576061334,Low,seller,99.3646,10.0,100.0,72.68
6806dad1da97bfb5a9038eac6881f706,10,1783.26,14,3.0,-13.22143435846561,100.0,0.7094703296675122,0.48569886670264434,60.0,77.6421251874217,3.581580443433769,24.338742638032546,Low,seller,99.3646,33.33333333333333,100.0,79.68
392353362d22cc2c236e1ee81ff19890,5,480.66999999999996,10,3.0,-13.866181712962964,200.0,0.18765887610259852,0.21586616297895306,60.0,77.91880454778689,5.400795906765207,24.33816447642007,Low,seller,99.3646,16.666666666666664,100.0,74.68
f650a9708fa1bab22bdd8d3a818cc415,5,594.58,5,3.0,-20.70964699074074,-50.0,0.23329068862655414,0.21586616297895306,60.0,80.85552942541453,0.8527572484366117,24.337558885988546,Low,seller,99.3646,16.666666666666664,100.0,74.68
23a0ffca143a15b9b5bbdb7d552f626a,23,4304.28,24,3.0,-10.721114969135803,-77.77777777777779,1.7193791349448584,1.1872638963842417,60.0,76.5691672845734,0.34741961973343427,24.33274676923887,Low,seller,99.3646,76.66666666666667,100.0,92.68
d52cbce9845184537284a23c3bc3da0e,2,138.78,4,3.0,-20.696006944444445,0.0,0.050699343280061634,0.053966540744738264,60.0,80.84967609502351,1.762364980102331,24.332389350433964,Low,seller,99.3646,6.666666666666667,100.0,71.68
8b181ee5518df84f18f4e1a43fe07923,1,54.98,1,3.0,-21.04945601851852,0.0,0.01712945574158846,0.0,60.0,81.00135110858402,1.762364980102331,24.33157800102031,Low,seller,99.3646,3.3333333333333335,100.0,70.68
2e7ea2aafec5835e781b21d6d1faf1f1,7,646.62,7,3.0,-4.549801587301587,500.0,0.25413766890700934,0.32379924446842956,60.0,73.92088183262265,10.858442296759522,24.33116761635856,Low,seller,99.3646,23.333333333333332,100.0,76.68
8daab2245ebdc277c51098d01c5ad8ef,16,1888.64,16,3.0,-16.579403935185184,-75.0,0.7516850641401174,0.809498111171074,60.0,79.0831250893707,0.3979533826037522,24.330144148700782,Low,seller,99.3646,53.333333333333336,100.0,85.68
a5a1bfcf728ab0e19182959cf0771ee4,21,2160.85,24,3.0,-10.074916570216049,100.0,0.8607311152958189,1.0793308148947653,60.0,76.29186523992752,3.581580443433769,24.32998986864494,Low,seller,99.3646,70.0,100.0,90.68
ffc470761de7d0232558ba5e786e57b7,28,2087.13,31,3.0,-11.00134413580247,20.0,0.831199228549563,1.457096600107933,60.0,76.68942156099374,2.1262080727686183,24.329667960017773,Low,seller,99.3646,93.33333333333333,100.0,97.68
83645b1645cdee8953ee54c29ceed564,14,1245.1000000000001,14,3.0,-13.246287202380953,100.0,0.49388595403857766,0.7015650296815974,60.0,77.65279024701408,3.581580443433769,24.329633625027462,Low,seller,99.3646,46.666666666666664,100.0,83.68
10cdd491d1dbea8fb4ead97b19c334ce,3,287.76,3,3.0,-17.32085262345679,100.0,0.11038003356027323,0.10793308148947653,60.0,79.4013017323358,3.581580443433769,24.328450584634197,Low,seller,99.3646,10.0,100.0,72.68
e1dc0754bada9ee4cfe9713f22f61292,12,1149.78,12,3.0,-12.373795331790122,150.0,0.4557012084518561,0.5936319481921208,60.0,77.2783792610751,4.491188175099489,24.3259940562548,Low,seller,99.3646,40.0,100.0,81.68
ff314fa6033cc68ec451c47aee2d6ba4,2,570.3399999999999,2,3.0,-19.78527777777778,0.0,0.22358025815003157,0.053966540744738264,60.0,80.4588564017877,1.762364980102331,24.325630670909582,Low,seller,99.3646,6.666666666666667,100.0,71.68
f5f2ab9bdb6b30c14c61be68c5ed37da,18,2474.55,18,3.0,-14.27498649691358,-50.0,0.9863978661409148,0.9174311926605505,60.0,78.09423426509976,0.8527572484366117,24.324688022616037,Low,seller,99.3646,60.0,100.0,87.68
585175ec331ea177fa47199e39a6170a,1,3602.47,1,3.0,-14.30574074074074,0.0,1.4382373357398963,0.0,60.0,78.10743178262544,1.762364980102331,24.323822466126018,Low,seller,99.3646,3.3333333333333335,100.0,70.68
6f835fd4be26989b1b064399da346143,2,229.25,2,3.0,-20.39219328703704,0.0,0.08694120158084526,0.053966540744738264,60.0,80.7193010453,1.762364980102331,24.32370565046567,Low,seller,99.3646,6.666666666666667,100.0,71.68
3fadb4cba4c35bce6a7eaf9872d5623a,3,277.52,5,3.0,-21.493659722222223,-50.0,0.10627793751738582,0.10793308148947653,60.0,81.19197150548105,0.8527572484366117,24.322938102293406,Low,seller,99.3646,10.0,100.0,72.68
0ffa40d54288e4f3499b8780dd0f144f,33,2746.4700000000003,35,3.0,-11.451326388888889,-81.81818181818183,1.0953277446547767,1.7269293038316245,60.0,76.88252169718072,0.2739159646493357,24.320100500396382,Low,seller,99.3646,100.0,100.0,99.68
0747d5bb69f0586cc869d8af4c50f93e,14,555.49,15,3.0,-15.794675925925926,50.0,0.21763141769721145,0.7015650296815974,60.0,78.74637606334053,2.67197271176805,24.31983436340745,Low,seller,99.3646,46.666666666666664,100.0,83.68
bc30de0d71bd6260b936a026b5cf7200,3,482.84999999999997,3,3.0,-19.639679783950616,0.0,0.18853217389297883,0.10793308148947653,60.0,80.39637617674829,1.762364980102331,24.31923584706274,Low,seller,99.3646,10.0,100.0,72.68
297d5eccd19fa9a83b2630071ff105e4,8,976.73,8,3.0,-12.015079571759259,200.0,0.386378188898959,0.37776578521316784,60.0,77.12444416332565,5.400795906765207,24.319101118148346,Low,seller,99.3646,26.666666666666668,100.0,77.68
2a167ca73899c85001a837d8fb4962f6,2,4197.62,3,3.0,-12.903800154320988,0.0,1.6766516384668928,0.053966540744738264,60.0,77.50581934945302,1.762364980102331,24.31859652715444,Low,seller,99.3646,6.666666666666667,100.0,71.68
f3041c2e75ec683697a6a5ea82192210,1,169.0,1,3.0,-20.60789351851852,0.0,0.06280533375037976,0.0,60.0,80.81186412704146,1.762364980102331,24.316857717191567,Low,seller,99.3646,3.3333333333333335,100.0,70.68
7238f877570096ae403c51898fa64566,3,1249.52,3,3.0,-15.343456790123456,100.0,0.49565658533833956,0.10793308148947653,60.0,78.55274514572987,3.581580443433769,24.316750062176727,Low,seller,99.3646,10.0,100.0,72.68
d2572f31e9023e9850ef986a636ff9bf,1,305.69,1,3.0,-20.349328703703705,0.0,0.1175627075884931,0.0,60.0,80.70090663791507,1.762364980102331,24.31664130597404,Low,seller,99.3646,3.3333333333333335,100.0,70.68
b33aaadd1a8891d2dfef0c4c3bdf0371,16,1863.04,17,3.0,-8.610630446623093,200.0,0.7414298240328987,0.809498111171074,60.0,75.66349857003529,5.400795906765207,24.314407851184452,Low,seller,99.3646,53.333333333333336,100.0,85.68
43a1d4bab73b816e44ef4e4facd9f9b5,1,205.4,1,3.0,-20.49628472222222,0.0,0.07738700327783112,0.0,60.0,80.7639696298326,1.762364980102331,24.314048043468475,Low,seller,99.3646,3.3333333333333335,100.0,70.68
7a2d2949aea47fab95fd98d6c9f618b1,11,1850.23,12,3.0,-17.212736304012346,-66.66666666666666,0.7362981980261226,0.5396654074473827,60.0,79.35490595591226,0.5495546712147056,24.31399717177799,Low,seller,99.3646,36.666666666666664,100.0,80.68
577719699805dd125d5b6fdde5943bba,8,1287.3600000000001,8,3.0,-15.564463252314814,50.0,0.5108151121218221,0.37776578521316784,60.0,78.64758528143443,2.67197271176805,24.312021043331807,Low,seller,99.3646,26.666666666666668,100.0,77.68
df56d7b40d437f88407c5f78b63bc328,22,3251.5,25,3.0,-11.31167222222222,-33.33333333333333,1.2976403974418305,1.1332973556395036,60.0,76.82259213680929,1.1559598256585182,24.311601261229672,Low,seller,99.3646,73.33333333333333,100.0,91.68
f00f5b35d0abcacbdd863672f4bb2c1a,1,313.43,1,3.0,-20.25003472222222,0.0,0.12066331533965993,0.0,60.0,80.65829677671474,1.762364980102331,24.31118000911934,Low,seller,99.3646,3.3333333333333335,100.0,70.68
4450bd8327d471c4a11a83d1445b1b62,1,214.56,1,3.0,-20.42099537037037,0.0,0.08105645637869525,0.0,60.0,80.73166083543838,1.762364980102331,24.3103025602396,Low,seller,99.3646,3.3333333333333335,100.0,70.68
10ff823eda2b032e2c93d17a7d294736,9,1459.5300000000002,9,3.0,-13.587378472222222,100.0,0.5797856077960336,0.4317323259579061,60.0,77.7991621765886,3.581580443433769,24.309901134659953,Low,seller,99.3646,30.0,100.0,78.68
d93919c944be9cff128f6c9cb899eacb,33,3624.01,33,3.0,-7.33766835016835,0.0,1.4468661588613607,1.7269293038316245,60.0,75.11723446183927,1.762364980102331,24.30961384090244,Low,seller,99.3646,100.0,100.0,99.68
a72c2f59332659e361d647515c698798,5,933.9300000000001,6,3.0,-18.227897376543208,0.0,0.369232709344703,0.21586616297895306,60.0,79.79054033929714,1.762364980102331,24.309553902452954,Low,seller,99.3646,16.666666666666664,100.0,74.68
cfe94489ddd337d1e29e12f2a7205d10,20,2672.8199999999997,24,3.0,-6.183604841820987,200.0,1.0658238995806888,1.0253642741500268,60.0,74.62199310709296,5.400795906765207,24.309466795152176,Low,seller,99.3646,66.66666666666666,100.0,89.68
422be4cc81a457fdb46f47edeb968ae5,1,317.37,1,3.0,-20.182094907407407,0.0,0.12224166088741155,0.0,60.0,80.62914187693086,1.762364980102331,24.307280277816083,Low,seller,99.3646,3.3333333333333335,100.0,70.68
17908cf9b444ee34047cadd5c0f4a516,11,2495.41,11,3.0,-11.186450968013467,100.0,0.994754284447031,0.5396654074473827,60.0,76.7688561481667,3.581580443433769,24.306829103764336,Low,seller,99.3646,36.666666666666664,100.0,80.68
7ade73f1b9b4e965f9009a4c3a7e2c15,27,2338.17,28,3.0,-12.83602580589849,-66.66666666666666,0.9317646768509747,1.4031300593631948,60.0,77.476735455987,0.5495546712147056,24.30677770341561,Low,seller,99.3646,90.0,100.0,96.68
51702dc2a3e106c76dbff722b5bf0726,13,3287.04,14,3.0,-13.520005787037038,-50.0,1.31187755499693,0.6475984889368591,60.0,77.77025064819983,0.8527572484366117,24.306276210806928,Low,seller,99.3646,43.333333333333336,100.0,82.68
47efca563408aae19bb7206c2d969ea9,12,2965.32,12,3.0,-14.32267361111111,-50.0,1.1829980297119946,0.5936319481921208,60.0,78.11469815713716,0.8527572484366117,24.305787844375864,Low,seller,99.3646,40.0,100.0,81.68
13d058e4eeac2ce8217660b2f8a05812,23,4755.88,23,3.0,-9.519669086700336,-80.0,1.9002879799612606,1.1872638963842417,60.0,76.05359281040623,0.3069926094371802,24.30564055058909,Low,seller,99.3646,76.66666666666667,100.0,92.68
78ef7e885d17f35e2382a47aae8b8cce,3,453.44,3,3.0,-19.459309413580247,0.0,0.17675066562917818,0.10793308148947653,60.0,80.31897413957077,1.762364980102331,24.30409108900697,Low,seller,99.3646,10.0,100.0,72.68
002100f778ceb8431b7a1020ff7ab48f,51,2028.16,55,3.0,-7.395118955761317,-33.33333333333333,0.8075761227244583,2.698327037236913,60.0,75.14188814470772,1.1559598256585182,24.30373380039858,Low,seller,99.3646,100.0,100.0,99.68
0ade5cc4a305ed7093a23f68ca47519c,2,201.26999999999998,2,3.0,-20.133894675925923,0.0,0.07573254461990875,0.053966540744738264,60.0,80.60845779172644,1.762364980102331,24.303716565341354,Low,seller,99.3646,6.666666666666667,100.0,71.68
397c4d0c005b6f41f90098ac724e28cb,5,8622.37,5,3.0,-5.189847222222222,-50.0,3.449185765983113,0.21586616297895306,60.0,74.19554355188234,0.8527572484366117,24.303329528165683,Low,seller,99.3646,16.666666666666664,100.0,74.68
1464afc72f696af775557a821c2e253f,29,1513.78,30,3.0,-12.006940200617285,0.0,0.6015179037263696,1.5110631408526713,60.0,77.12095132851891,1.762364980102331,24.302600353619148,Low,seller,99.3646,96.66666666666667,100.0,98.68
3d62f86afa7c73be2628a3be1423f5a0,2,54.42,2,3.0,-20.367679398148148,0.0,0.016905122364243054,0.053966540744738264,60.0,80.7087814409146,1.762364980102331,24.301116886042884,Low,seller,99.3646,6.666666666666667,100.0,71.68
5c853bb56f70f4d14218944bae111d7a,23,514.1899999999999,24,3.0,-11.313662229938272,133.33333333333331,0.20108683111798778,1.1872638963842417,60.0,76.82344610551216,4.1879855978775815,24.299457499046042,Low,seller,99.3646,76.66666666666667,100.0,92.68
3cfa1358a6caa965278721344c8d76f2,5,3221.5299999999997,5,3.0,-15.212122685185184,-50.0,1.2856345558006843,0.21586616297895306,60.0,78.49638595961613,0.8527572484366117,24.299390526271026,Low,seller,99.3646,16.666666666666664,100.0,74.68
daf565f087a52def0fd5c5825b3661bc,9,1121.8300000000002,9,3.0,-16.85474022633745,0.0,0.44450456935042026,0.4317323259579061,60.0,79.20127969425577,1.762364980102331,24.297712904443202,Low,seller,99.3646,30.0,100.0,78.68
f8201cab383e484733266d1906e2fdfa,10,1144.8300000000002,10,3.0,-10.938827546296297,200.0,0.45371826163424944,0.48569886670264434,60.0,76.66259392087062,5.400795906765207,24.29700887397305,Low,seller,99.3646,33.33333333333333,100.0,79.68
343e716476e3748b069f980efbaa294e,17,1234.7,24,3.0,-14.954996980676329,0.0,0.4897197627450201,0.8634646519158122,60.0,78.38604603350288,1.762364980102331,24.29692549483812,Low,seller,99.3646,56.666666666666664,100.0,86.68
5b33b527da3c5b969cc99dc435cad09a,16,2238.34,17,3.0,-13.28827410130719,0.0,0.8917732463859894,0.809498111171074,60.0,77.67080801514854,1.762364980102331,24.296764201991078,Low,seller,99.3646,53.333333333333336,100.0,85.68
9c690ceacd5c66731bf443ea810195cb,10,1121.02,12,3.0,-16.631281828703703,0.0,0.4441800871439028,0.48569886670264434,60.0,79.10538736357108,1.762364980102331,24.296723345364725,Low,seller,99.3646,33.33333333333333,100.0,79.68
c458e2045a8aa8964f8879af03fdcce6,4,691.7,9,3.0,-20.101291152263375,-50.0,0.2721965057833145,0.16189962223421478,60.0,80.59446669581936,0.8527572484366117,24.296579586510113,Low,seller,99.3646,13.333333333333334,100.0,73.68
4fe2f67634d00c021aa01f96b6f2d68e,2,118.84,2,3.0,-20.172366898148148,0.0,0.04271147266529844,0.053966540744738264,60.0,80.62496731248991,1.762364980102331,24.296286671869495,Low,seller,99.3646,6.666666666666667,100.0,71.68
b77a27b1864483e721dc831d5ba4afa0,2,70.42,2,3.0,-20.259756944444444,0.0,0.02331464743125464,0.053966540744738264,60.0,80.6624688577741,1.762364980102331,24.29609285609191,Low,seller,99.3646,6.666666666666667,100.0,71.68
7fdb0720c8d7c9075538b365dc8c3a22,9,2288.31,10,3.0,-14.62673611111111,0.0,0.9117909943608998,0.4317323259579061,60.0,78.24517999226873,1.762364980102331,24.29448387664829,Low,seller,99.3646,30.0,100.0,78.68
3ca08eeb8d5595949fed424bd3677742,14,2235.1,14,3.0,-13.673532763532762,0.0,0.8904753175599195,0.7015650296815974,60.0,77.83613342439014,1.762364980102331,24.294190364357128,Low,seller,99.3646,46.666666666666664,100.0,83.68
97e995629983723d11830a829bc2b246,5,598.87,5,3.0,-18.60690740740741,0.0,0.2350092425351466,0.21586616297895306,60.0,79.95318428375077,1.762364980102331,24.29368345407813,Low,seller,99.3646,16.666666666666664,100.0,74.68
2a6fbeaa7ab9e5d59a35841a8da71ce4,30,2265.28,30,3.0,-12.08352237654321,-66.66666666666666,0.9025652842175701,1.5650296815974094,60.0,77.15381491035878,0.5495546712147056,24.29005470933991,Low,seller,99.3646,100.0,100.0,99.68
25e47381a6c510ddeb36084e33b89f0c,16,1571.71,17,3.0,-12.541963507625272,66.66666666666666,0.6247243904221185,0.809498111171074,60.0,77.35054499079745,2.9751752889899565,24.289891122438018,Low,seller,99.3646,53.333333333333336,100.0,85.68
7f2617c58d5d06806987308b45654351,22,3983.2700000000004,23,3.0,-8.664829911433172,0.0,1.5907840323347724,1.1332973556395036,60.0,75.6867570962645,1.762364980102331,24.289809611060214,Low,seller,99.3646,73.33333333333333,100.0,91.68
81783131d2a97c8d44d406a4be81b5d9,13,1977.58,15,3.0,-10.7576646090535,125.0,0.7873140116063678,0.6475984889368591,60.0,76.58485177078876,4.036384309266629,24.289460022261103,Low,seller,99.3646,43.333333333333336,100.0,82.68
3d49bfdd1b43a7fe169b3740067acc61,3,276.82,3,3.0,-19.53968364197531,0.0,0.10599752079570406,0.10793308148947653,60.0,80.35346499858257,1.762364980102331,24.288038774408697,Low,seller,99.3646,10.0,100.0,72.68
2f73e04d12cdf0c945ded66bb3fcf6c7,3,1460.85,3,3.0,-17.310015432098766,0.0,0.5803143936140619,0.10793308148947653,60.0,79.39665118642479,1.762364980102331,24.28681176443054,Low,seller,99.3646,10.0,100.0,72.68
0b0ddbc7b9d9584f442c7ac92b0ff6c9,3,1550.6399999999999,3,3.0,-17.139070216049383,0.0,0.6162838470994975,0.10793308148947653,60.0,79.32329375005204,1.762364980102331,24.28659898502026,Low,seller,99.3646,10.0,100.0,72.68
f4db9b37944bcb8873e6b456ee190bbf,21,3909.94,22,3.0,-10.365808606902357,-50.0,1.5614083777620247,1.0793308148947653,60.0,76.41669525603274,0.8527572484366117,24.286035230300868,Low,seller,99.3646,70.0,100.0,90.68
04aba03279157f6d4e0fe8ccaf21963c,16,2922.33,16,3.0,-13.255569444444443,-50.0,1.1657764370475676,0.809498111171074,60.0,77.65677352011939,0.8527572484366117,24.28589921176861,Low,seller,99.3646,53.333333333333336,100.0,85.68
8f580d36c1e9d6fbce95283403c7d447,8,4993.4,8,3.0,-9.650280671296297,0.0,1.9954373795810474,0.37776578521316784,60.0,76.10964194256664,1.762364980102331,24.285755449572832,Low,seller,99.3646,26.666666666666668,100.0,77.68
c13fb473e7cb8b83ccd543c094df0608,2,83.52,2,3.0,-20.04763310185185,0.0,0.028562446079870372,0.053966540744738264,60.0,80.57144050585092,1.762364980102331,24.284012942898016,Low,seller,99.3646,6.666666666666667,100.0,71.68
93bef6edaa84956e8e575016449b6351,1,129.56,1,3.0,-20.164965277777778,0.0,0.04700585446019621,0.0,60.0,80.62179106744532,1.762364980102331,24.28360691446509,Low,seller,99.3646,3.3333333333333335,100.0,70.68
ba8e85df286308fe68a2ce83a8f8b2d6,1,97.66000000000001,1,3.0,-20.222939814814815,0.0,0.03422686385784187,0.0,60.0,80.64666958414335,1.762364980102331,24.28350499478909,Low,seller,99.3646,3.3333333333333335,100.0,70.68
c500367424994318b9e779ff1ae9a330,9,4658.39,9,3.0,-11.399579475308641,-50.0,1.8612339425373259,0.4317323259579061,60.0,76.86031563018349,0.8527572484366117,24.28062633362186,Low,seller,99.3646,30.0,100.0,78.68
ae7ab174effdead6c241e547e4ca13f0,6,3574.06,7,3.0,-9.811805555555555,100.0,1.4268564227927838,0.26983270372369134,60.0,76.17895684761925,3.581580443433769,24.280516674255022,Low,seller,99.3646,20.0,100.0,75.68
66fd84ee7528c0c0de85d0f44a73d5ab,11,1891.3,21,3.0,-16.985791997354497,-80.0,0.7527506476825079,0.5396654074473827,60.0,79.25751772288326,0.3069926094371802,24.2800684655428,Low,seller,99.3646,36.666666666666664,100.0,80.68
0b18d63d0cd1d723567903fd34a07df2,9,1944.03,14,3.0,-15.036487268518519,0.0,0.773874038731478,0.4317323259579061,60.0,78.4210158252498,1.762364980102331,24.27948416490662,Low,seller,99.3646,30.0,100.0,78.68
0791d9fc1e30678ecf03d3e55fa108d3,5,1028.99,11,3.0,-17.577736742424243,0.0,0.40731330014908557,0.21586616297895306,60.0,79.51153798724731,1.762364980102331,24.27912772688679,Low,seller,99.3646,16.666666666666664,100.0,74.68
75745ef7bc7d4f3ea3380f6f5303f514,3,277.32,3,3.0,-20.79,-50.0,0.10619781845404817,0.10793308148947653,60.0,80.89001117869385,0.8527572484366117,24.277620017556323,Low,seller,99.3646,10.0,100.0,72.68
31e60bf8d103ce47932a85f5562deb16,1,239.04,1,3.0,-19.86684027777778,0.0,0.09086302973122297,0.0,60.0,80.49385718181784,1.762364980102331,24.277573984202277,Low,seller,99.3646,3.3333333333333335,100.0,70.68
0eaa7e33d73809f1f925f7d07c506cbd,15,1746.9,15,3.0,-14.114783179012345,0.0,0.6949046839527285,0.7555315704263357,60.0,78.0254864816213,1.762364980102331,24.277413768045832,Low,seller,99.3646,50.0,100.0,84.68
ffdd9f82b9a447f6f8d4b91554cc7dd3,18,2828.66,20,3.0,-11.460639467592593,0.0,1.1282526737333816,0.9174311926605505,60.0,76.88651820316217,1.762364980102331,24.27704782876971,Low,seller,99.3646,60.0,100.0,87.68
d32e3909cfb714fb2a6cb092c85b9c5f,10,3078.8999999999996,11,3.0,-9.830489267676768,100.0,1.228497645781443,0.48569886670264434,60.0,76.1869745579408,3.581580443433769,24.27617823844459,Low,seller,99.3646,33.33333333333333,100.0,79.68
e250d617a0ad591ba9bd663e584a895d,8,1204.91,20,3.0,-13.748351273148149,100.0,0.47778602826087796,0.37776578521316784,60.0,77.86824016703821,3.581580443433769,24.276171324180662,Low,seller,99.3646,26.666666666666668,100.0,77.68
921323538c9f1c4e816f2720eac02bea,15,1642.2,17,3.0,-8.617637527233116,200.0,0.6529623542954714,0.7555315704263357,60.0,75.66650550688843,5.400795906765207,24.27482701560501,Low,seller,99.3646,50.0,100.0,84.68
85e7c62c1d6ea078c3897424f867a7c8,2,87.7,2,3.0,-19.887552083333333,0.0,0.03023693450362715,0.053966540744738264,60.0,80.50274520450324,1.762364980102331,24.27421099422299,Low,seller,99.3646,6.666666666666667,100.0,71.68
e7d5b006eb624f13074497221eb37807,28,4220.42,63,3.0,-7.425749375367431,-25.0,1.6857852116873844,1.457096600107933,60.0,75.15503252575128,1.3075611142694712,24.27402070382284,Low,seller,99.3646,93.33333333333333,100.0,97.68
4de6e4ba574aa9dfdc824bc44dc47fdd,14,704.4200000000001,14,3.0,-17.600171957671957,-50.0,0.2772920782115887,0.7015650296815974,60.0,79.52116557386879,0.8527572484366117,24.272029441807856,Low,seller,99.3646,46.666666666666664,100.0,83.68
1f867308a0ce13133a4e639ff4de0c02,7,1084.92,13,3.0,-16.938086716524218,0.0,0.4297185962114579,0.32379924446842956,60.0,79.23704603502895,1.762364980102331,24.27165879324512,Low,seller,99.3646,23.333333333333332,100.0,76.68
02d35243ea2e497335cd0f076b45675d,14,6399.95,16,3.0,-5.545978732638889,0.0,2.558894722268869,0.7015650296815974,60.0,74.34836967489107,1.762364980102331,24.271551623344955,Low,seller,99.3646,46.666666666666664,100.0,83.68
e3d3b3efac954a60d61be70b7e05b49b,3,1405.83,3,3.0,-17.151952160493828,0.0,0.5582736392898758,0.10793308148947653,60.0,79.3288217574557,1.762364980102331,24.270025123787917,Low,seller,99.3646,10.0,100.0,72.68
052577151711aec5c744fe12e66db3e1,4,2970.42,4,3.0,-11.191400462962964,100.0,1.1850410658271044,0.16189962223421478,60.0,76.77098011670601,3.581580443433769,24.269792287155965,Low,seller,99.3646,13.333333333333334,100.0,73.68
818d28f936e791926d33bcb6ee94ef79,5,216.7,5,3.0,-20.353579282407406,-50.0,0.08191373035640805,0.21586616297895306,60.0,80.70273068168774,0.8527572484366117,24.269225986948484,Low,seller,99.3646,16.666666666666664,100.0,74.68
8185694b58b2ba6de20fd41ae608bbea,8,1602.57,8,3.0,-10.069923321759259,200.0,0.637086761895117,0.37776578521316784,60.0,76.28972249551836,5.400795906765207,24.2691054398761,Low,seller,99.3646,26.666666666666668,100.0,77.68
093805f8f2aeb63881444571e1f48f30,22,1559.73,27,3.0,-10.041111111111112,100.0,0.6199252585281936,1.1332973556395036,60.0,76.27735835946223,3.581580443433769,24.269063714731043,Low,seller,99.3646,73.33333333333333,100.0,91.68
2d378dbb39815785238c0139c7647fb7,2,1454.44,2,3.0,-17.24980324074074,0.0,0.5777465776340904,0.053966540744738264,60.0,79.37081242884801,1.762364980102331,24.268673970813847,Low,seller,99.3646,6.666666666666667,100.0,71.68
4c8545742faaf58fafd5fd14d25d75cf,4,3216.31,4,3.0,-13.52620949074074,0.0,1.2835434482475716,0.16189962223421478,60.0,77.77291283325677,1.762364980102331,24.267711363031573,Low,seller,99.3646,13.333333333333334,100.0,73.68
e88c9b79e592e370d6bd852eeefbf057,8,393.98,9,3.0,-16.99928883744856,33.33333333333333,0.1529312680988964,0.37776578521316784,60.0,79.26330959943479,2.368770134546143,24.266694280102794,Low,seller,99.3646,26.666666666666668,100.0,77.68
ed9eef5be0992d413d251fadba1a410d,3,547.34,9,3.0,-18.69676183127572,0.0,0.21436656586620245,0.10793308148947653,60.0,79.99174336328551,1.762364980102331,24.26629124263529,Low,seller,99.3646,10.0,100.0,72.68
cda598c48d7c614bc1cad7d8ff6f0010,17,1420.2,18,3.0,-13.186557998971193,33.33333333333333,0.5640301939906857,0.8634646519158122,60.0,77.6271587532526,2.368770134546143,24.266026047618663,Low,seller,99.3646,56.666666666666664,100.0,86.68
8f2b51a30523cdecddc2f179f351c7d6,7,1176.23,8,3.0,-16.671731770833333,0.0,0.46629695457825965,0.32379924446842956,60.0,79.12274557999054,1.762364980102331,24.2654872324994,Low,seller,99.3646,23.333333333333332,100.0,76.68
70bf57d811208f8923b41bbd499a67a4,7,869.73,7,3.0,-5.927972883597883,400.0,0.34351449001331896,0.32379924446842956,60.0,74.51229418983999,9.039226833428083,24.264770969939914,Low,seller,99.3646,23.333333333333332,100.0,76.68
75a4764c108403a7a0575140cb22287c,5,927.0500000000001,9,3.0,-17.53423611111111,0.0,0.366476613565888,0.21586616297895306,60.0,79.4928706336502,1.762364980102331,24.26407661787227,Low,seller,99.3646,16.666666666666664,100.0,74.68
ea65d8b58316a6f2362f2a9e4b3e86ad,9,2292.22,16,3.0,-5.634984085648148,300.0,0.9133573220491508,0.4317323259579061,60.0,74.3865643940596,7.220011370096646,24.261926074222828,Low,seller,99.3646,30.0,100.0,78.68
249f0e9905a6e06ad6c6bea7547ab9f6,3,386.99,3,3.0,-18.920628858024692,0.0,0.15013110683524572,0.10793308148947653,60.0,80.08781104830308,1.762364980102331,24.26143075767864,Low,seller,99.3646,10.0,100.0,72.68
8c9348f33ae3dada25c99c99ade2af78,2,364.93,2,3.0,-19.16521990740741,0.0,0.14129397414910347,0.053966540744738264,60.0,80.1927719987005,1.762364980102331,24.261032125246224,Low,seller,99.3646,6.666666666666667,100.0,71.68
fb89df7f89fd1b8f03fa2acca1ba7364,22,2687.43,25,3.0,-9.219619907407408,50.0,1.071676597157504,1.1332973556395036,60.0,75.92483320491766,2.67197271176805,24.26074956997158,Low,seller,99.3646,73.33333333333333,100.0,91.68
1d139e3a3b14025640d8df1b230aace0,2,71.18,2,3.0,-19.69909722222222,0.0,0.023619099871937693,0.053966540744738264,60.0,80.42187388325434,1.762364980102331,24.26009494564615,Low,seller,99.3646,6.666666666666667,100.0,71.68
c679fb69a36e1d8349e8c50a217b4d58,14,2213.89,17,3.0,-8.917937772331154,150.0,0.8819786908929622,0.7015650296815974,60.0,75.79537285182855,4.491188175099489,24.258409609972517,Low,seller,99.3646,46.666666666666664,100.0,83.68
f19516b9ff26bfeb091b30108db4ddbd,5,869.44,5,3.0,-17.51417438271605,0.0,0.3433983173714794,0.21586616297895306,60.0,79.48426157749597,1.762364980102331,24.255861770590812,Low,seller,99.3646,16.666666666666664,100.0,74.68
52f9db5cfb423382a2fa5c9e39303202,22,1628.54,23,3.0,-13.928087121212121,-50.0,0.6474902222695103,1.1332973556395036,60.0,77.94536991271325,0.8527572484366117,24.254652617341378,Low,seller,99.3646,73.33333333333333,100.0,91.68
57df9869a600bd6b7c405f2a862eccfb,5,197.20999999999998,5,3.0,-18.71814351851852,0.0,0.07410612763415456,0.21586616297895306,60.0,80.00091885118569,1.762364980102331,24.25257270472307,Low,seller,99.3646,16.666666666666664,100.0,74.68
723cd880edaacdb998898b67c8f9da30,11,2549.63,12,3.0,-10.206850887345679,100.0,1.0164745625178666,0.5396654074473827,60.0,76.3484819941011,3.581580443433769,24.250289064075748,Low,seller,99.3646,36.666666666666664,100.0,80.68
20cb7c2fde3e5bf10f0bbe7394e1c6a9,32,1660.28,51,3.0,-12.166233101851851,-66.66666666666666,0.6602051176211945,1.6729627630868862,60.0,77.18930842640674,0.5495546712147056,24.249653957140563,Low,seller,99.3646,100.0,100.0,99.68
ed46f1eb4a638113deb2a1137b5f22e9,4,3686.6800000000003,4,3.0,-12.365593171296295,0.0,1.4719714673582118,0.16189962223421478,60.0,77.2748594815782,1.762364980102331,24.249531766012982,Low,seller,99.3646,13.333333333333334,100.0,73.68
e9874ae10b2d60d43917b6bbfa13a599,1,222.1,1,3.0,-19.46130787037037,0.0,0.08407694506652447,0.0,60.0,80.31983173401076,1.762364980102331,24.249434341631805,Low,seller,99.3646,3.3333333333333335,100.0,70.68
3fd1e727ba94cfe122d165e176ce7967,37,3394.42,38,3.0,-8.110590277777778,-75.0,1.3548934801029113,1.9427954668105774,60.0,75.44891716367823,0.3979533826037522,24.249299823545627,Low,seller,99.3646,100.0,100.0,99.68
134b867a0f7f8bbe6abf10f91874891e,1,922.8399999999999,1,3.0,-18.14679398148148,0.0,0.3647901072826305,0.0,60.0,79.7557365742059,1.762364980102331,24.249034016325908,Low,seller,99.3646,3.3333333333333335,100.0,70.68
e601b04acf48b4576e73ddca9481f0dc,15,702.9399999999999,16,3.0,-15.606803385416667,0.0,0.2766991971428901,0.7555315704263357,60.0,78.66575463236342,1.762364980102331,24.247992344614197,Low,seller,99.3646,50.0,100.0,84.68
179d859f51292aac5c10806a356f7af9,18,800.27,19,3.0,-9.134731968810916,200.0,0.3156891393161549,0.9174311926605505,60.0,75.88840538495103,5.400795906765207,24.247404938379155,Low,seller,99.3646,60.0,100.0,87.68
f307937c1bb287c3efc2a514b94b0d1d,1,216.60000000000002,1,3.0,-19.432002314814813,0.0,0.08187367082473923,0.0,60.0,80.30725588967468,1.762364980102331,24.24688698270886,Low,seller,99.3646,3.3333333333333335,100.0,70.68
7238a95bb63ef7e498389fb863b834a1,15,2835.1099999999997,15,3.0,-8.770981481481481,100.0,1.1308365135260208,0.7555315704263357,60.0,75.732309743046,3.581580443433769,24.24613835246467,Low,seller,99.3646,50.0,100.0,84.68
b00af24704019bd2e1b335e70ad11f7c,1,207.25,1,3.0,-19.431296296296296,0.0,0.07812810461370433,0.0,60.0,80.30695291712155,1.762364980102331,24.24571786696258,Low,seller,99.3646,3.3333333333333335,100.0,70.68
38874e327ce94d11390b96eb42d61928,6,4158.43,6,3.0,-10.995405092592593,0.0,1.6609523080058815,0.26983270372369134,60.0,76.68687294925454,1.762364980102331,24.2450113087311,Low,seller,99.3646,20.0,100.0,75.68
82cb9f452fe8334df74b22d37824b431,14,1155.26,18,3.0,-16.33424575617284,-50.0,0.45789647078730755,0.7015650296815974,60.0,78.97792076757815,0.8527572484366117,24.244724038636978,Low,seller,99.3646,46.666666666666664,100.0,83.68
3289d8c3eef4873f91ce0b1343c0dd58,1,219.27,1,3.0,-19.391284722222224,0.0,0.0829432603202968,0.0,60.0,80.28978281685701,1.762364980102331,24.244586898634875,Low,seller,99.3646,3.3333333333333335,100.0,70.68
b6e1504972665f739dec4facb9943775,14,1710.3700000000001,14,3.0,-8.227896825396824,200.0,0.6802709370341077,0.7015650296815974,60.0,75.49925672743991,5.400795906765207,24.244440638323137,Low,seller,99.3646,46.666666666666664,100.0,83.68
10076e5788b8ee532724bcd460baf762,23,1198.78,26,3.0,-11.516909277065528,50.0,0.4753303789695791,1.1872638963842417,60.0,76.91066517295467,2.67197271176805,24.24321213490694,Low,seller,99.3646,76.66666666666667,100.0,92.68
1987cd4be10fe09ee50454f9c354d1c6,14,3135.23,16,3.0,-13.458918547453704,-80.0,1.2510631799704905,0.7015650296815974,60.0,77.74403638263288,0.3069926094371802,24.243014929750196,Low,seller,99.3646,46.666666666666664,100.0,83.68
4d9fea3499bdc22aa4da4e339365f215,2,222.74,2,3.0,-19.14537615740741,0.0,0.08433332606920492,0.053966540744738264,60.0,80.18425648325254,1.762364980102331,24.24266660350506,Low,seller,99.3646,6.666666666666667,100.0,71.68
777a0c55737f34ffeb78010f7542ab41,6,528.33,6,3.0,-9.25639274691358,300.0,0.2067512488959593,0.26983270372369134,60.0,75.94061347240137,7.220011370096646,24.242576708469578,Low,seller,99.3646,20.0,100.0,75.68
44717f64ec2a457979cf83c429077666,2,170.91000000000003,3,3.0,-19.239525462962963,0.0,0.06357047080525427,0.053966540744738264,60.0,80.22465861822562,1.762364980102331,24.242498067171837,Low,seller,99.3646,6.666666666666667,100.0,71.68
ef30892870c278497523264be1be2241,9,892.54,9,3.0,-15.709467592592594,25.0,0.35265206918697733,0.4317323259579061,60.0,78.70981075291311,2.2171688459351904,24.241917199776054,Low,seller,99.3646,30.0,100.0,78.68
6902157ee16728322d61a1321fa79e58,2,191.43,2,3.0,-19.162777777777777,0.0,0.07179068670369664,0.053966540744738264,60.0,80.19172401167249,1.762364980102331,24.2400239409584,Low,seller,99.3646,6.666666666666667,100.0,71.68
820cc752a266cdc6c1a1e61dd4583330,15,3078.77,15,3.0,-11.039551697530865,0.0,1.2284455683902735,0.7555315704263357,60.0,76.70581750843948,1.762364980102331,24.23952568739982,Low,seller,99.3646,50.0,100.0,84.68
9d489893ff6af05029671b785f54b998,5,401.24,6,3.0,-12.468591820987655,200.0,0.1558395900980529,0.21586616297895306,60.0,77.31905912088854,5.400795906765207,24.238656876583953,Low,seller,99.3646,16.666666666666664,100.0,74.68
866558b3bccef2dbc6d29a2b5995016f,5,1870.75,6,3.0,-12.542189429012346,100.0,0.744518413924565,0.21586616297895306,60.0,77.3506419400667,3.581580443433769,24.23807640027549,Low,seller,99.3646,16.666666666666664,100.0,74.68
b5bb2b985208834bd5bd86c7a402bbad,2,659.72,2,3.0,-18.255364583333332,0.0,0.2593854675556251,0.053966540744738264,60.0,79.8023272960837,1.762364980102331,24.237892867875658,Low,seller,99.3646,6.666666666666667,100.0,71.68
1690cada046eb7e92c12f98b1f8a8167,11,2211.38,11,3.0,-13.461581018518519,0.0,0.8809731966480749,0.5396654074473827,60.0,77.74517892441466,1.762364980102331,24.2372216475287,Low,seller,99.3646,36.666666666666664,100.0,80.68
e21a1e8be4715b0fcfd5385643bc49c4,21,1175.8899999999999,24,3.0,-10.46811694847021,100.0,0.46616075217058556,1.0793308148947653,60.0,76.46059866456565,3.581580443433769,24.23692877340309,Low,seller,99.3646,70.0,100.0,90.68
5b664594895aefb418afaee6d40a9a23,16,1235.18,22,3.0,-11.388699494949496,100.0,0.4899120484970304,0.809498111171074,60.0,76.85564672229955,3.581580443433769,24.235853195030188,Low,seller,99.3646,53.333333333333336,100.0,85.68
9c068d10aca38e85c50202e17b4a7e88,17,3108.83,17,3.0,-12.761653050108933,-80.0,1.2404874636099215,0.8634646519158122,60.0,77.44481999893716,0.3069926094371802,24.23543466284622,Low,seller,99.3646,56.666666666666664,100.0,86.68
ef2fbc2b607d8492bcffe657a4645434,20,1333.69,22,3.0,-9.409345789241623,133.33333333333331,0.5293746931439874,1.0253642741500268,60.0,76.00624995717645,4.1879855978775815,24.234889529844928,Low,seller,99.3646,66.66666666666666,100.0,89.68
c9d2ba8dde44a275ae06475ed1d2fafc,1,43.31,1,3.0,-19.559166666666666,0.0,0.012454508395836887,0.0,60.0,80.36182571657852,1.762364980102331,24.234246708015764,Low,seller,99.3646,3.3333333333333335,100.0,70.68
41c2bad7229b0c25e6becf179ebf63ff,20,971.92,23,3.0,-15.253480273752013,-50.0,0.38445132542568855,1.0253642741500268,60.0,78.51413367284226,0.8527572484366117,24.234072241935216,Low,seller,99.3646,66.66666666666666,100.0,89.68
29c322e3f09f886f8bacbe91dfbd979e,1,105.57,2,3.0,-19.433483796296297,0.0,0.03739557281284571,0.0,60.0,80.30789163535992,1.762364980102331,24.233638915158075,Low,seller,99.3646,3.3333333333333335,100.0,70.68
f205b1a3ca9a34e0f8a228bae6e4c7b3,8,1484.9,8,3.0,-9.731280381944444,200.0,0.5899487109804138,0.37776578521316784,60.0,76.14440121373785,5.400795906765207,24.233165832334613,Low,seller,99.3646,26.666666666666668,100.0,77.68
1b45169b635ef59425637e9a33eb5fb3,7,419.35,8,3.0,-18.995666956018518,-50.0,0.16309437128327664,0.32379924446842956,60.0,80.12001202254692,0.8527572484366117,24.233155650727788,Low,seller,99.3646,23.333333333333332,100.0,76.68
e59e575a175fadcadf8479e191770425,1,250.88,1,3.0,-19.15388888888889,0.0,0.09560607828081154,0.0,60.0,80.18790953756107,1.762364980102331,24.233104752128636,Low,seller,99.3646,3.3333333333333335,100.0,70.68
2e0dba2da448400b1c11d7b4b22f32a4,7,407.70000000000005,13,3.0,-14.762808048433048,100.0,0.15842743584385885,0.32379924446842956,60.0,78.30357231651679,3.581580443433769,24.23217193369116,Low,seller,99.3646,23.333333333333332,100.0,76.68
883dd81e82754ac2c65e9790a7db8c9a,5,394.46000000000004,5,3.0,-18.007805555555557,0.0,0.15312355385090676,0.21586616297895306,60.0,79.69609270205177,1.762364980102331,24.230554010218007,Low,seller,99.3646,16.666666666666664,100.0,74.68
d2e753bb80b7d4faa77483ed00edc8ca,14,1774.94,15,3.0,-14.923754629629629,-50.0,0.7061373766326663,0.7015650296815974,60.0,78.37263905533754,0.8527572484366117,24.228404053554492,Low,seller,99.3646,46.666666666666664,100.0,83.68
1c742ac33582852aaf3bcfbf5893abcf,1,113.69,1,3.0,-19.310625,0.0,0.040648406784354094,0.0,60.0,80.2551694443538,1.762364980102331,24.22670643669861,Low,seller,99.3646,3.3333333333333335,100.0,70.68
a4bd6e9adf39b63f43dc545d3ca1f53d,4,1960.97,5,3.0,-15.23287962962963,0.0,0.7806601233961765,0.16189962223421478,60.0,78.50529335267788,1.762364980102331,24.22670344348932,Low,seller,99.3646,13.333333333333334,100.0,73.68
412a4720f3e9431b4afa1476a1acddbe,21,2569.16,22,3.0,-9.106244212962963,50.0,1.0242981890527876,1.0793308148947653,60.0,75.87618048164391,2.67197271176805,24.22574650386292,Low,seller,99.3646,70.0,100.0,90.68
f615fe7efbef0f4f08fd3086bc7a3e60,23,2748.96,24,3.0,-11.927826590177133,-77.77777777777779,1.0963252269933303,1.1872638963842417,60.0,77.08700143639439,0.34741961973343427,24.223505719626562,Low,seller,99.3646,76.66666666666667,100.0,92.68
244c2f1bff6afe1f2eaf9bfe9b2aed38,23,3794.87,27,3.0,-7.76994255829904,0.0,1.5153118746707106,1.1872638963842417,60.0,75.30273557413342,1.762364980102331,24.223056370627518,Low,seller,99.3646,76.66666666666667,100.0,92.68
a150c540f572d0fb53992264bc5c10b5,1,135.49,1,3.0,-19.211724537037036,0.0,0.049381384688157386,0.0,60.0,80.21272845310111,1.762364980102331,24.222960181381843,Low,seller,99.3646,3.3333333333333335,100.0,70.68
fedf2c1386e137f296b3bbf3b635e69d,2,210.9,5,3.0,-18.85936111111111,0.0,0.07959027751961635,0.053966540744738264,60.0,80.06151932192557,1.762364980102331,24.22283311474114,Low,seller,99.3646,6.666666666666667,100.0,71.68
b7e1750c1157341d2abd0251e07c186b,3,220.56,4,3.0,-18.630813078703703,0.0,0.0834600282788246,0.10793308148947653,60.0,79.9634428847318,1.762364980102331,24.222774209576023,Low,seller,99.3646,10.0,100.0,72.68
6bd69102ab48df500790a8cecfc285c2,5,8359.02,5,3.0,-3.0159560185185184,0.0,3.343688989333269,0.21586616297895306,60.0,73.26266523365615,1.762364980102331,24.222709520603374,Low,seller,99.3646,16.666666666666664,100.0,74.68
8c5e007d7bd5693fa1386ffefbc99f6c,9,1407.4099999999999,24,3.0,-14.203193962191358,33.33333333333333,0.5589065798902432,0.4317323259579061,60.0,78.06342605402702,2.368770134546143,24.221995977015215,Low,seller,99.3646,30.0,100.0,78.68
56e361f411e38dcef17cdc2a3d99628b,5,3155.76,10,3.0,-11.300277777777778,50.0,1.2592874018221,0.21586616297895306,60.0,76.81770245780771,2.67197271176805,24.22160540113933,Low,seller,99.3646,16.666666666666664,100.0,74.68
3d4824f20035949c710eaf111f869d39,9,1214.58,10,3.0,-16.191177983539095,-25.0,0.48165978497325296,0.4317323259579061,60.0,78.91652633215307,1.3075611142694712,24.22066607823136,Low,seller,99.3646,30.0,100.0,78.68
c8467937e403e76a8ee9f0ab13f6f5ef,30,2442.74,33,3.0,-8.789992985409652,0.0,0.9736549291170623,1.5650296815974094,60.0,75.74046811812073,1.762364980102331,24.220660614862815,Low,seller,99.3646,100.0,100.0,99.68
c6a7539d424a8402232c2228d7a03c5e,10,1001.32,15,3.0,-10.00884413580247,200.0,0.3962288277363224,0.48569886670264434,60.0,76.26351168599076,5.400795906765207,24.219899708571692,Low,seller,99.3646,33.33333333333333,100.0,79.68
f63d8f293af3a6454377546bd9dd19ff,17,2246.95,28,3.0,-9.04124007936508,100.0,0.8952223720626749,0.8634646519158122,60.0,75.84828536586018,3.581580443433769,24.21983372382016,Low,seller,99.3646,56.666666666666664,100.0,86.68
f90f77ef2799a27f80d90c425ca944f7,1,89.46000000000001,1,3.0,-19.24773148148148,0.0,0.030941982260998428,0.0,60.0,80.22818005331025,1.762364980102331,24.21974610068507,Low,seller,99.3646,3.3333333333333335,100.0,70.68
7aa538dd6e114e503a2e6154ea352253,5,1118.6,5,3.0,-10.824868055555555,200.0,0.44321064647751723,0.21586616297895306,60.0,76.61369067406277,5.400795906765207,24.219062926473928,Low,seller,99.3646,16.666666666666664,100.0,74.68
643c01d7c56a724bec0454f4780e8a3e,2,246.65,2,3.0,-18.721024305555556,0.0,0.09391156009122036,0.053966540744738264,60.0,80.00215507853768,1.762364980102331,24.218224863004437,Low,seller,99.3646,6.666666666666667,100.0,71.68
d354c38a7182125a748cb10474fe963b,18,1926.18,20,3.0,-12.229934210526315,0.0,0.7667234123285933,0.9174311926605505,60.0,77.21664437727132,1.762364980102331,24.218107976464644,Low,seller,99.3646,60.0,100.0,87.68
cfd7ddab722b902f7ac5b5f3ba6d723d,12,4058.11,13,3.0,-11.765032941595441,-80.0,1.6207645858357187,0.5936319481921208,60.0,77.01714206861735,0.3069926094371802,24.217907934035065,Low,seller,99.3646,40.0,100.0,81.68
ccbd753e6863fe7314dc6c0ca5a074e7,1,596.56,1,3.0,-18.264884259259258,0.0,0.2340838673535968,0.0,60.0,79.80641245878766,1.762364980102331,24.217423527034462,Low,seller,99.3646,3.3333333333333335,100.0,70.68
48e5ee06fb2dc74df1c711a9b6dfac2a,1,102.30000000000001,3,3.0,-19.18145833333333,0.0,0.03608562612727523,0.0,60.0,80.19974036742227,1.762364980102331,24.21702324096176,Low,seller,99.3646,3.3333333333333335,100.0,70.68
1b1ae47a313a825a7ccceb8e2e30fa9d,11,2490.4,11,3.0,-13.567356481481482,-33.33333333333333,0.9927473019104232,0.5396654074473827,60.0,77.79057017298788,1.1559598256585182,24.21692205094901,Low,seller,99.3646,36.666666666666664,100.0,80.68
cd233f8bfa30ebfd651f47ee7d054951,1,98.56,1,3.0,-19.18570601851852,0.0,0.03458739964286126,0.0,60.0,80.20156316950415,1.762364980102331,24.216847193328714,Low,seller,99.3646,3.3333333333333335,100.0,70.68
9dda5bbacd45e18d6485fee649205d09,19,2419.33,22,3.0,-8.250798085016834,100.0,0.964276992753391,0.9713977334052887,60.0,75.50908430690808,3.581580443433769,24.216653221556925,Low,seller,99.3646,63.33333333333333,100.0,88.68
7e26c750b4cb9f6766f58265ff9ebe95,23,1733.1799999999998,27,3.0,-13.400247342249656,-66.66666666666666,0.6894085162077659,1.1872638963842417,60.0,77.71885890588251,0.5495546712147056,24.216422831962237,Low,seller,99.3646,76.66666666666667,100.0,92.68
edf96ef93ed595084bbcbd9224bd2894,25,4365.78,28,3.0,-8.277511160714285,-75.0,1.7440157469211843,1.2951969778737182,60.0,75.52054764467258,0.3979533826037522,24.214881453506045,Low,seller,99.3646,83.33333333333334,100.0,94.68
6dd7dce75cd55c1ce255dc38d9f0cd46,1,96.33,1,3.0,-19.157465277777778,0.0,0.03369407208664652,0.0,60.0,80.18944426737933,1.762364980102331,24.21476135974313,Low,seller,99.3646,3.3333333333333335,100.0,70.68
23ca5f678e0b3ea6c630b30fa8bf51ea,6,279.39,7,3.0,-17.765955687830687,0.0,0.10702705075959279,0.26983270372369134,60.0,79.59230807038207,1.762364980102331,24.214648999726343,Low,seller,99.3646,20.0,100.0,75.68
fe26f3ecb51a15e6d8335cd92da42562,7,2971.55,7,3.0,-9.701674933862433,100.0,1.1854937385349622,0.32379924446842956,60.0,76.13169667702046,3.581580443433769,24.21451047857404,Low,seller,99.3646,23.333333333333332,100.0,76.68
e5899683388855d3dabe8913bbe365de,3,533.86,3,3.0,-19.321427469135802,-50.0,0.20896654099724518,0.10793308148947653,60.0,80.25980508997532,0.8527572484366117,24.2139197210115,Low,seller,99.3646,10.0,100.0,72.68
c03121937e54a93fcc1825c3098bbb6e,7,1197.94,7,3.0,-15.823738425925926,0.0,0.474993878903561,0.32379924446842956,60.0,78.75884760565013,1.762364980102331,24.213511613645927,Low,seller,99.3646,23.333333333333332,100.0,76.68
3fac58ce0ad699020c7944d53c41329c,10,1427.97,16,3.0,-6.283454861111111,300.0,0.5671428196013532,0.48569886670264434,60.0,74.66484157987372,7.220011370096646,24.213294936546788,Low,seller,99.3646,33.33333333333333,100.0,79.68
2ff6b7bff164ef05590a52734e1296da,7,1955.12,7,3.0,-14.390922619047618,0.0,0.7783166407935505,0.32379924446842956,60.0,78.14398574045133,1.762364980102331,24.212279162433106,Low,seller,99.3646,23.333333333333332,100.0,76.68
ef9952469137ff190bacafe117f51537,5,1086.6,5,3.0,-16.431497685185185,0.0,0.43039159634349405,0.21586616297895306,60.0,79.01965432619724,1.762364980102331,24.212268666587605,Low,seller,99.3646,16.666666666666664,100.0,74.68
bce6a5ecf98e99fd2a8868b15c51f04b,14,3706.5,15,3.0,-7.765371141975309,66.66666666666666,1.4799112665349723,0.7015650296815974,60.0,75.30077384984624,2.9751752889899565,24.21199824375682,Low,seller,99.3646,46.666666666666664,100.0,83.68
3d2531eccfbde1d7c8db7a3a12fb267a,10,2212.6,10,3.0,-13.241596064814814,0.0,0.8814619229344345,0.48569886670264434,60.0,77.6507771469492,1.762364980102331,24.209716363608603,Low,seller,99.3646,33.33333333333333,100.0,79.68
8fd3b4468f6425810648177996c14cbd,1,376.57,1,3.0,-18.54425925925926,0.0,0.1459569036353544,0.0,60.0,79.92630018808636,1.762364980102331,24.208968597313792,Low,seller,99.3646,3.3333333333333335,100.0,70.68
4e8dacf3d38f281ae26c3e0321d92d88,10,2861.11,15,3.0,-12.017649176954732,0.0,1.1412519917599147,0.48569886670264434,60.0,77.12554685373131,1.762364980102331,24.208868840273563,Low,seller,99.3646,33.33333333333333,100.0,79.68
8c91bfea4263b8fba54081460693e2a1,2,785.75,2,3.0,-17.568310185185187,0.0,0.30987249531784195,0.053966540744738264,60.0,79.50749278441063,1.762364980102331,24.208813799453363,Low,seller,99.3646,6.666666666666667,100.0,71.68
36890be00bbfc1cdb9a4a38a6af05a69,13,1600.88,13,3.0,-10.895387286324787,100.0,0.636409755809914,0.6475984889368591,60.0,76.64395247432698,3.581580443433769,24.20757346446961,Low,seller,99.3646,43.333333333333336,100.0,82.68
fe701d88b67eaca109dffd464d1be9f9,11,1787.94,11,3.0,-15.198549768518518,-50.0,0.7113451157496131,0.5396654074473827,60.0,78.49056143645149,0.8527572484366117,24.207179826898113,Low,seller,99.3646,36.666666666666664,100.0,80.68
b906dd0e57f282c7089171b6ed07982e,2,210.75,2,3.0,-18.61548611111111,0.0,0.07953018822211311,0.053966540744738264,60.0,79.95686564860935,1.762364980102331,24.207117036954454,Low,seller,99.3646,6.666666666666667,100.0,71.68
aae5e7b457a3c72ee230a47d98fceda5,5,745.5699999999999,7,3.0,-18.393930224867724,-50.0,0.29377657549330904,0.21586616297895306,60.0,79.86178973947474,0.8527572484366117,24.206643699157603,Low,seller,99.3646,16.666666666666664,100.0,74.68
05730013efda596306417c3b09302475,4,1168.67,4,3.0,-10.727526041666668,200.0,0.46326845398409666,0.16189962223421478,60.0,76.57191845747037,5.400795906765207,24.20532280105086,Low,seller,99.3646,13.333333333333334,100.0,73.68
26af45f5dfd967225a832838aa4e24a3,10,771.61,11,3.0,-13.036455176767676,100.0,0.30420807753987045,0.48569886670264434,60.0,77.56274537870118,3.581580443433769,24.205256991086173,Low,seller,99.3646,33.33333333333333,100.0,79.68
ffad1e7127fb622cb64a900751590acd,10,1090.83,15,3.0,-9.61173225308642,200.0,0.43208611453308526,0.48569886670264434,60.0,76.09309972394564,5.400795906765207,24.20509510030395,Low,seller,99.3646,33.33333333333333,100.0,79.68
7139dc5186aa238b006e066d8fbab2e4,22,2247.93,24,3.0,-10.584724633487655,0.0,0.8956149554730293,1.1332973556395036,60.0,76.51063832658093,1.762364980102331,24.204841072549158,Low,seller,99.3646,73.33333333333333,100.0,91.68
7354220fb240bde543b3c40c060d41e7,7,837.13,7,3.0,-14.948169642857144,50.0,0.33045508268928286,0.32379924446842956,60.0,78.38311622937474,2.67197271176805,24.20475104150691,Low,seller,99.3646,23.333333333333332,100.0,76.68
71039d19d4303bf9054d69e9a9236699,35,4158.65,38,3.0,-6.550101425438596,-80.0,1.6610404389755524,1.834862385321101,60.0,74.77926717673286,0.3069926094371802,24.204617065476587,Low,seller,99.3646,100.0,100.0,99.68
e89c4adbe7b1d0819dbb636e16461cf1,24,3636.15,25,3.0,-9.797764351851852,-80.0,1.4517293860059557,1.24123043712898,60.0,76.17293136921691,0.3069926094371802,24.202465391410282,Low,seller,99.3646,80.0,100.0,93.68
dd58ee93286b0821565574c570e9e1dc,2,3023.31,2,3.0,-13.286770833333334,0.0,1.2062285521267444,0.053966540744738264,60.0,77.67016292026204,1.762364980102331,24.20212113687375,Low,seller,99.3646,6.666666666666667,100.0,71.68
e8dba4d70f7f2b20e775d09cae01142d,9,1032.39,9,3.0,-9.881684670781892,200.0,0.40867532422582553,0.4317323259579061,60.0,76.20894395616472,5.400795906765207,24.201956862858452,Low,seller,99.3646,30.0,100.0,78.68
9f50216bfd01913736a55a11b55ea842,17,1671.1,19,3.0,-7.0038060428849915,200.0,0.664539558947761,0.8634646519158122,60.0,74.97396468494934,5.400795906765207,24.201402324082203,Low,seller,99.3646,56.666666666666664,100.0,86.68
97512d3fc193b2d1dfcdba0f9d1f0f8a,12,1800.42,13,3.0,-7.808452635327635,200.0,0.7163445453018822,0.5936319481921208,60.0,75.31926133946702,5.400795906765207,24.201280142235166,Low,seller,99.3646,40.0,100.0,81.68
91543f9849d68d023e17194926598543,4,1100.57,6,3.0,-17.841753472222223,-50.0,0.43598791291762856,0.16189962223421478,60.0,79.6248350475868,0.8527572484366117,24.200272261415524,Low,seller,99.3646,13.333333333333334,100.0,73.68
6e4f5ff6b086632ba8dcb558fb10249e,5,1053.25,5,3.0,-16.30644675925926,0.0,0.41703174253194186,0.21586616297895306,60.0,78.9659914302475,1.762364980102331,24.20021127605168,Low,seller,99.3646,16.666666666666664,100.0,74.68
b26741d31a563d769b4af0465ab20c56,2,695.03,2,3.0,-17.59660300925926,0.0,0.2735304881878862,0.053966540744738264,60.0,79.5196340369697,1.762364980102331,24.19973238519824,Low,seller,99.3646,6.666666666666667,100.0,71.68
eb4df17aed01d918c65f0f8d650900c0,11,3925.46,11,3.0,-9.677921927609427,0.0,1.567625617077026,0.5396654074473827,60.0,76.12150358893565,1.762364980102331,24.199666073335536,Low,seller,99.3646,36.666666666666664,100.0,80.68
7c9130f5f3729edd32aa059141d92484,3,193.14999999999998,4,3.0,-15.493469328703704,100.0,0.07247971064840036,0.10793308148947653,60.0,78.61711977702015,3.581580443433769,24.19945319446329,Low,seller,99.3646,10.0,100.0,72.68
7a704e63bb29c446869efde5d57524c8,1,109.89999999999999,1,3.0,-18.889918981481483,0.0,0.03913015053410572,0.0,60.0,80.0746325700362,1.762364980102331,24.199170428675895,Low,seller,99.3646,3.3333333333333335,100.0,70.68
3d39fbf22a665714baf62fae36029e23,8,2634.83,8,3.0,-12.700733506944445,0.0,1.0506052834997033,0.37776578521316784,60.0,77.41867769665564,1.762364980102331,24.19866118386178,Low,seller,99.3646,26.666666666666668,100.0,77.68
54c04bdb5ec46762f8f08c7e8f86ed4a,18,3757.7799999999997,19,3.0,-9.916364522417153,-50.0,1.5004537943747442,0.9174311926605505,60.0,76.2238260632429,0.8527572484366117,24.19834357080766,Low,seller,99.3646,60.0,100.0,87.68
2fb25ab44bdbeae6a4d816e0d0c9d500,5,761.29,5,3.0,-18.226118055555556,-50.0,0.30007393387164794,0.21586616297895306,60.0,79.78977678223977,0.8527572484366117,24.19773096308586,Low,seller,99.3646,16.666666666666664,100.0,74.68
626ab1cd96932367f0eeec2e47046c12,3,1390.4699999999998,3,3.0,-13.203672839506174,100.0,0.5521204952255446,0.10793308148947653,60.0,77.63450321631855,3.581580443433769,24.19595294573119,Low,seller,99.3646,10.0,100.0,72.68
c35672b10ad50968f567ea3f4b91e877,18,1515.35,22,3.0,-12.650398779461279,0.0,0.6021468383735702,0.9174311926605505,60.0,77.39707763873054,1.762364980102331,24.19579999349702,Low,seller,99.3646,60.0,100.0,87.68
bb5bd94c8f59cc050072d2930c869cac,16,2846.64,17,3.0,-10.578870506535948,0.0,1.135455377527436,0.809498111171074,60.0,76.50812615481443,1.762364980102331,24.1954665622834,Low,seller,99.3646,53.333333333333336,100.0,85.68
7c4618c82226628831613e95e9c22f44,13,499.46999999999997,13,3.0,-7.111040776353277,300.0,0.19519006805633715,0.6475984889368591,60.0,75.01998214784854,7.220011370096646,24.195455101838064,Low,seller,99.3646,43.333333333333336,100.0,82.68
7adbd3210a7b3cc2235e225eef33574d,3,204.86,3,3.0,-15.405895061728396,100.0,0.07717068180681948,0.10793308148947653,60.0,78.57953917742223,3.581580443433769,24.195223395871125,Low,seller,99.3646,10.0,100.0,72.68
ab9db4cf53b08b828b64dccaafc2d9f0,5,403.43,5,3.0,-18.85212673611111,-50.0,0.1567168938416001,0.21586616297895306,60.0,80.05841484660871,0.8527572484366117,24.195019560732185,Low,seller,99.3646,16.666666666666664,100.0,74.68
33cbda8716511e27e556dff9d8418bf2,5,615.57,6,3.0,-16.999058641975306,0.0,0.24169918432383997,0.21586616297895306,60.0,79.26321081603405,1.762364980102331,24.19219441645723,Low,seller,99.3646,16.666666666666664,100.0,74.68
fc5a0d7a310a7a41abf86a458585ff2b,2,190.16,2,3.0,-18.379814814814814,0.0,0.07128193065150258,0.053966540744738264,60.0,79.85573241702514,1.762364980102331,24.18947257494564,Low,seller,99.3646,6.666666666666667,100.0,71.68
5160d23075764e18e07c1f4a87fad743,34,2915.42,39,3.0,-8.701682200292398,-75.0,1.163008323409252,1.7808958445763627,60.0,75.702571457717,0.3979533826037522,24.189307515084792,Low,seller,99.3646,100.0,100.0,99.68
5d9dc90a686a8fddacffab6bab5653a3,12,4131.27,12,3.0,-8.910875771604937,0.0,1.6500721392046291,0.5936319481921208,60.0,75.79234234719723,1.762364980102331,24.188517478899236,Low,seller,99.3646,40.0,100.0,81.68
0ff83046c3fa22efee8ecf291888b191,10,1023.3800000000001,11,3.0,-16.533074494949496,-50.0,0.4050659604224647,0.48569886670264434,60.0,79.06324381370345,0.8527572484366117,24.18770680170158,Low,seller,99.3646,33.33333333333333,100.0,79.68
a36b125ac6d5fdbc7f50de85c9157bdc,24,2232.63,26,3.0,-9.902068518518519,0.0,0.8894858471276997,1.24123043712898,60.0,76.21769124285649,1.762364980102331,24.186043547859263,Low,seller,99.3646,80.0,100.0,93.68
90b57083da5d803237da74daec6dcb2b,2,241.20999999999998,2,3.0,-18.222980324074072,0.0,0.09173232156843641,0.053966540744738264,60.0,79.78843029274549,1.762364980102331,24.185512373578774,Low,seller,99.3646,6.666666666666667,100.0,71.68
731ef20c231d9a7103a425e83fd91271,2,2197.6,3,3.0,-14.560763888888888,0.0,0.875452993184111,0.053966540744738264,60.0,78.21686944222306,1.762364980102331,24.18489444748511,Low,seller,99.3646,6.666666666666667,100.0,71.68
08f5819815f3d06545011850bd70f0a8,3,522.83,3,3.0,-14.61341049382716,100.0,0.20454797465417404,0.10793308148947653,60.0,78.23946159227705,3.581580443433769,24.182424945953557,Low,seller,99.3646,10.0,100.0,72.68
5795aebfe331fbcd02a2c4b679fb7952,6,1436.09,6,3.0,-15.098566743827162,0.0,0.5703956535728615,0.26983270372369134,60.0,78.44765588728401,1.762364980102331,24.181961753105618,Low,seller,99.3646,20.0,100.0,75.68
32fdd5d44ecb43dfd6a24b9369eca144,8,617.88,8,3.0,-16.203046875,0.0,0.24262455950538972,0.37776578521316784,60.0,78.92161960981406,1.762364980102331,24.18170825363725,Low,seller,99.3646,26.666666666666668,100.0,77.68
fa3a0b5aabb344b9a92e3524b0202123,7,1953.4099999999999,7,3.0,-13.88691798941799,0.0,0.7776316228020135,0.32379924446842956,60.0,77.92770307162868,1.762364980102331,24.17963125671225,Low,seller,99.3646,23.333333333333332,100.0,76.68
2ec6e37d992a95eaddb3369dcbcc76d9,2,183.94,2,3.0,-18.227546296296296,0.0,0.06879022778170182,0.053966540744738264,60.0,79.79038968081444,1.762364980102331,24.178923653653094,Low,seller,99.3646,6.666666666666667,100.0,71.68
5d9f3746e112e696f98ea22c56b3e912,1,1370.41,1,3.0,-16.19675925925926,0.0,0.544084553172779,0.0,60.0,78.91892141572418,1.762364980102331,24.177300076320694,Low,seller,99.3646,3.3333333333333335,100.0,70.68
7d294cf9a6a69dc6a0c3e540fff0e039,5,451.38,5,3.0,-17.07190277777778,0.0,0.17592543927680046,0.21586616297895306,60.0,79.29447029893011,1.762364980102331,24.177151215377528,Low,seller,99.3646,16.666666666666664,100.0,74.68
c8417879a15366a17c30af34c798c332,26,2255.44,36,3.0,-9.295075066137567,0.0,0.898623426301358,1.3491635186184565,60.0,75.95721315174194,1.762364980102331,24.176696378316546,Low,seller,99.3646,86.66666666666667,100.0,95.68
3a734b715d333a2588a3d54a0c9b8746,18,2859.16,24,3.0,-12.103143187830687,-80.0,1.1404708308923726,0.9174311926605505,60.0,77.16223475648766,0.3069926094371802,24.176533521849716,Low,seller,99.3646,60.0,100.0,87.68
ce616e1913288884e7742faac9d981db,15,640.03,24,3.0,-11.78738268097643,100.0,0.25149774577003386,0.7555315704263357,60.0,77.02673297512224,3.581580443433769,24.176500206949306,Low,seller,99.3646,50.0,100.0,84.68
7df1fc11cc5cbc518b39faa60cf5d67c,5,1171.96,5,3.0,-12.873347222222222,100.0,0.464586412576001,0.21586616297895306,60.0,77.49275113332843,3.581580443433769,24.17541317886018,Low,seller,99.3646,16.666666666666664,100.0,74.68
638cba8be1fb599bbb76fd6948351eb3,17,913.87,26,3.0,-10.837690446127946,100.0,0.36119676729193717,0.8634646519158122,60.0,76.61919312521232,3.581580443433769,24.175262206291755,Low,seller,99.3646,56.666666666666664,100.0,86.68
41e0fa5761c886a630994a55c12087e7,5,491.90999999999997,5,3.0,-18.844953703703702,-66.66666666666666,0.19216156746217414,0.21586616297895306,60.0,80.05533669513665,0.5495546712147056,24.174870982375356,Low,seller,99.3646,16.666666666666664,100.0,74.68
8f54d64f28a993550aa7943f12572959,15,3133.12,16,3.0,-11.317393663194444,-50.0,1.2502179238522784,0.7555315704263357,60.0,76.825047369262,0.8527572484366117,24.172981099995226,Low,seller,99.3646,50.0,100.0,84.68
adcf50477d6a1f5d91bb9d54c4903cb5,19,2223.8,38,3.0,-11.699607228195937,-33.33333333333333,0.8859485904813426,0.9713977334052887,60.0,76.98906604099422,1.1559598256585182,24.17258989921071,Low,seller,99.3646,63.33333333333333,100.0,88.68
51e4e89242cbb846c2deff3dc015650e,16,1175.75,16,3.0,-15.22675564236111,-66.66666666666666,0.46610466882624924,0.809498111171074,60.0,78.50266537620226,0.5495546712147056,24.17256120199245,Low,seller,99.3646,53.333333333333336,100.0,85.68
9535a841eecebed61a9fb1ac1cbb5597,2,818.33,2,3.0,-16.934780092592593,0.0,0.3229238907355443,0.053966540744738264,60.0,79.23562706899833,1.762364980102331,24.17194936076683,Low,seller,99.3646,6.666666666666667,100.0,71.68
21d59342ba150175ca2aa4f8faddeca6,2,334.29,2,3.0,-17.836394675925927,0.0,0.1290197336457763,0.053966540744738264,60.0,79.622535436241,1.762364980102331,24.171814368726302,Low,seller,99.3646,6.666666666666667,100.0,71.68
dd39ad39b5d3df33037e141c72497ba6,2,164.85000000000002,2,3.0,-18.14527199074074,0.0,0.06114286318612364,0.053966540744738264,60.0,79.75508344484959,1.762364980102331,24.17133350887969,Low,seller,99.3646,6.666666666666667,100.0,71.68
a218df5c097b0ca409cfaac1488cc7f6,4,240.7,4,3.0,-17.56714988425926,0.0,0.09152801795692542,0.16189962223421478,60.0,79.50699486640326,1.762364980102331,24.170219038916354,Low,seller,99.3646,13.333333333333334,100.0,73.68
5f7300535881cef3b625fd683cf7d145,10,836.83,11,3.0,-12.36792824074074,100.0,0.3303349040942764,0.48569886670264434,60.0,77.27586152604692,3.581580443433769,24.17006246115436,Low,seller,99.3646,33.33333333333333,100.0,79.68
55f7a3319d80f7fdf078b8f03e6725fe,22,3420.4500000000003,22,3.0,-5.735093644781145,75.0,1.3653209761963059,1.1332973556395036,60.0,74.42952424274166,3.1267765776009093,24.170026925940107,Low,seller,99.3646,73.33333333333333,100.0,91.68
128f9bfbe4c7d5185033914b1de3d39a,14,1650.49,16,3.0,-12.82500077160494,0.0,0.6562832894708167,0.7015650296815974,60.0,77.47200430134934,1.762364980102331,24.16931338747428,Low,seller,99.3646,46.666666666666664,100.0,83.68
8629c241b3622ac12cd4118afdc8d394,13,1502.02,13,3.0,-13.276194800569801,0.0,0.5968069028021161,0.6475984889368591,60.0,77.66562444490452,1.762364980102331,24.167021857820764,Low,seller,99.3646,43.333333333333336,100.0,82.68
a478c7961d6a992065b24e63b366f90b,8,1451.56,9,3.0,-16.302116769547325,-66.66666666666666,0.5765928631220284,0.37776578521316784,60.0,78.96413330896087,0.5495546712147056,24.166994768705504,Low,seller,99.3646,26.666666666666668,100.0,77.68
761681a821d8275bc79f552116d06869,3,514.9,3,3.0,-17.207843364197533,0.0,0.2013712537928364,0.10793308148947653,60.0,79.35280625678388,1.762364980102331,24.166552083038034,Low,seller,99.3646,10.0,100.0,72.68
6c6cc59a5c00cacc5054ca06d65cc282,1,1255.71,1,3.0,-16.23702546296296,0.0,0.4981362703486397,0.0,60.0,78.93620078477838,1.762364980102331,24.166107496831582,Low,seller,99.3646,3.3333333333333335,100.0,70.68
7f35f9daf223da737b78738fbae4d977,5,353.01,5,3.0,-19.148115740740742,-75.0,0.13651887797417986,0.21586616297895306,60.0,80.18543211609392,0.3979533826037522,24.162532359811458,Low,seller,99.3646,16.666666666666664,100.0,74.68
01ed254b9ff8407dfb9d99ba1e17d923,5,1533.71,5,3.0,-16.234027777777776,-50.0,0.609501768387966,0.21586616297895306,60.0,78.9349143931184,0.8527572484366117,24.16232995507255,Low,seller,99.3646,16.666666666666664,100.0,74.68
cd3d09fbe6e3e9ff0c0ac0c300e93ae7,12,880.23,12,3.0,-8.915965470679012,200.0,0.3477207408385453,0.5936319481921208,60.0,75.79452648129944,5.400795906765207,24.16198277217103,Low,seller,99.3646,40.0,100.0,81.68
06bb3a2fe5e7b7a845b13e8fb91bd944,17,1862.33,18,3.0,-13.093602752057613,-50.0,0.7411454013580501,0.8634646519158122,60.0,77.58726902267946,0.8527572484366117,24.16157586163195,Low,seller,99.3646,56.666666666666664,100.0,86.68
e0eabded302882513ced4ea3eb0c7059,8,1117.19,8,3.0,-16.344055266203704,-50.0,0.4426458070809869,0.37776578521316784,60.0,78.98213030630973,0.8527572484366117,24.15983045921771,Low,seller,99.3646,26.666666666666668,100.0,77.68
db6a4d4b5f1f5f98820ce6ce2619e2de,1,148.15,1,3.0,-18.184965277777778,0.0,0.0544529213974303,0.0,60.0,79.77211695912706,1.762364980102331,24.15838991829852,Low,seller,99.3646,3.3333333333333335,100.0,70.68
28405831a29823802aa22c084cfd0649,7,333.18,7,3.0,-5.261581790123457,400.0,0.12857507284425237,0.32379924446842956,60.0,74.22632688774954,9.039226833428083,24.157394049475624,Low,seller,99.3646,23.333333333333332,100.0,76.68
880ce4951cf857ab1d9e0b75c1d856f4,1,197.72,1,3.0,-18.074270833333333,0.0,0.07431043124566555,0.0,60.0,79.72461483620832,1.762364980102331,24.157221852815184,Low,seller,99.3646,3.3333333333333335,100.0,70.68
334cab711dee080b079fa5779b584783,11,1421.37,26,3.0,-13.691357282763533,0.0,0.5644988905112108,0.5396654074473827,60.0,77.843782430695,1.762364980102331,24.157069881629692,Low,seller,99.3646,36.666666666666664,100.0,80.68
f88adb15807168d3c43d71021090ce4a,3,541.0600000000001,3,3.0,-14.160671296296295,100.0,0.21185082727740043,0.10793308148947653,60.0,78.04517837310394,3.581580443433769,24.15547331886456,Low,seller,99.3646,10.0,100.0,72.68
4e92348462c75b6c842b994ce84a0ed4,1,85.49000000000001,1,3.0,-18.231689814814814,0.0,0.02935161885374618,0.0,60.0,79.79216778202783,1.762364980102331,24.153867150970534,Low,seller,99.3646,3.3333333333333335,100.0,70.68
c794dab4928dd97beb41d05514441e86,16,1544.59,16,3.0,-6.7090870949074075,200.0,0.6138602454335338,0.809498111171074,60.0,74.8474924327638,5.400795906765207,24.153736057013916,Low,seller,99.3646,53.333333333333336,100.0,85.68
1dcfa3835714681d4ba4a93bc1e0fd41,13,1602.1000000000001,15,3.0,-14.75996197089947,-66.66666666666666,0.6368984820962736,0.6475984889368591,60.0,78.30235098399632,0.5495546712147056,24.153277281584014,Low,seller,99.3646,43.333333333333336,100.0,82.68
af3ef48d0e13835e529c29ac573c63e5,21,1873.13,21,3.0,-10.687555114638448,0.0,0.7454718307782829,1.0793308148947653,60.0,76.55476580000504,1.762364980102331,24.152925620968166,Low,seller,99.3646,70.0,100.0,90.68
4ebdc7e6cd6102a022dadc49156d4ea8,29,1297.9,32,3.0,-10.083618706597223,0.0,0.5150373867597159,1.5110631408526713,60.0,76.29559957324577,1.762364980102331,24.15285343523818,Low,seller,99.3646,96.66666666666667,100.0,98.68
164a5a8794e6d42e14f55e447b12a3bc,1,136.76,1,3.0,-18.11684027777778,0.0,0.04989014074035142,0.0,60.0,79.74288259113253,1.762364980102331,24.152635928902217,Low,seller,99.3646,3.3333333333333335,100.0,70.68
f1c1ac3f3efc07e659c035008e615e66,4,2864.78,14,3.0,-12.381575360082305,0.0,1.1427221765721605,0.16189962223421478,60.0,77.2817178916821,1.762364980102331,24.151785740292752,Low,seller,99.3646,13.333333333333334,100.0,73.68
be3b4b0f050a6aa1b2d901c4b77e979f,3,733.7199999999999,8,3.0,-16.568122106481482,0.0,0.28902952099055357,0.10793308148947653,60.0,79.07828373697473,1.762364980102331,24.15167118522598,Low,seller,99.3646,10.0,100.0,72.68
6b9b80d53ba3676eafe60268a810b5a1,10,1055.66,10,3.0,-14.49781378600823,0.0,0.41799717724516045,0.48569886670264434,60.0,78.18985576922626,1.762364980102331,24.151538733243378,Low,seller,99.3646,33.33333333333333,100.0,79.68
fce62094ffe6a4009188ec44e681dfdd,4,3452.63,11,3.0,-11.279203493265992,0.0,1.378212133487333,0.16189962223421478,60.0,76.80865888513046,1.762364980102331,24.151473876384557,Low,seller,99.3646,13.333333333333334,100.0,73.68
b5d034ac251546e25afe9067f05c1539,1,85.27000000000001,1,3.0,-18.192465277777778,0.0,0.02926348788407477,0.0,60.0,79.77533542165857,1.762364980102331,24.15131585762424,Low,seller,99.3646,3.3333333333333335,100.0,70.68
0e982cff76cc0579f632cea8a0e38c9d,7,1480.31,12,3.0,-11.501340939153438,100.0,0.5881099784768148,0.32379924446842956,60.0,76.90398435798828,3.581580443433769,24.15113850270177,Low,seller,99.3646,23.333333333333332,100.0,76.68
49383af7ab774e4e8f3000f49c83dc4b,8,902.23,12,3.0,-12.370896026234568,100.0,0.35653383780568626,0.37776578521316784,60.0,77.27713508690205,3.581580443433769,24.15112990502368,Low,seller,99.3646,26.666666666666668,100.0,77.68
8603f0038fe0e52fedd3382d266723de,10,2845.12,10,3.0,-11.1486875,0.0,1.1348464726460699,0.48569886670264434,60.0,76.75265077391856,1.762364980102331,24.151012772567498,Low,seller,99.3646,33.33333333333333,100.0,79.68
cbbd5ae8f53de5f5097cd8217b529e24,2,422.25,2,3.0,-17.330127314814813,0.0,0.1642560977016725,0.053966540744738264,60.0,79.40528176521941,1.762364980102331,24.14979722728983,Low,seller,99.3646,6.666666666666667,100.0,71.68
b5e3e38609125694d2ea2417522a60b7,16,1296.18,17,3.0,-7.108473583877996,200.0,0.5143483628150122,0.809498111171074,60.0,75.01888049280949,5.400795906765207,24.149590701235216,Low,seller,99.3646,53.333333333333336,100.0,85.68
b83cedfb587e7911540e3f576d6917ce,24,2568.75,25,3.0,-8.70190324074074,0.0,1.0241339449729454,1.24123043712898,60.0,75.70266631243712,1.762364980102331,24.14918423764993,Low,seller,99.3646,80.0,100.0,93.68
35ef5aa32949680f627efec3c23e705c,4,518.41,5,3.0,-16.720074074074073,0.0,0.20277734335441208,0.16189962223421478,60.0,79.14349063221283,1.762364980102331,24.149068201407033,Low,seller,99.3646,13.333333333333334,100.0,73.68
9d681c7e12db302cb261e721040dde65,13,1058.68,14,3.0,-14.757098214285715,-33.33333333333333,0.41920697510155885,0.6475984889368591,60.0,78.30112206488155,1.1559598256585182,24.14842600706277,Low,seller,99.3646,43.333333333333336,100.0,82.68
37dd29b36c458d82f74a953c40c43645,7,5016.43,8,3.0,-9.096199363425926,-50.0,2.0046630897243776,0.32379924446842956,60.0,75.8718699520613,0.8527572484366117,24.148404955687276,Low,seller,99.3646,23.333333333333332,100.0,76.68
eec3469d83e142f9a104886655338c37,4,240.44,4,3.0,-17.211576967592592,0.0,0.09142386317458649,0.16189962223421478,60.0,79.35440845180182,1.762364980102331,24.147299830291438,Low,seller,99.3646,13.333333333333334,100.0,73.68
f0e103c63864d5405b958d984b6e94c9,11,1101.41,11,3.0,-11.294508627946128,100.0,0.43632441298364677,0.5396654074473827,60.0,76.81522675213148,3.581580443433769,24.14625573292004,Low,seller,99.3646,36.666666666666664,100.0,80.68
d93b8458c6fe139d85cfa5eadbf55bd2,1,34.0,1,3.0,-18.20638888888889,0.0,0.00872496599746952,0.0,60.0,79.78131043774715,1.762364980102331,24.146050553471547,Low,seller,99.3646,3.3333333333333335,100.0,70.68
6989574bd97d9773f10d232b6c07da59,7,2799.5,7,3.0,-11.782711640211641,0.0,1.116571314298753,0.32379924446842956,60.0,77.0247284991643,1.762364980102331,24.145866978291608,Low,seller,99.3646,23.333333333333332,100.0,76.68
ff82e8873fba613f2261a9acc896fd84,4,183.53,4,3.0,-14.453819444444445,100.0,0.06862598370185966,0.16189962223421478,60.0,78.17097655057006,3.581580443433769,24.144867227598,Low,seller,99.3646,13.333333333333334,100.0,73.68
9a03a4e9eb0b947652fae4f6121a3f5e,7,1682.22,7,3.0,-13.841944444444445,0.0,0.6689941788693341,0.32379924446842956,60.0,77.90840364904116,1.762364980102331,24.144145110144315,Low,seller,99.3646,23.333333333333332,100.0,76.68
734def04b237117a09321dd6d8f3f2a2,2,1281.23,2,3.0,-15.636481481481482,0.0,0.5083594628305232,0.053966540744738264,60.0,78.6784903443889,1.762364980102331,24.14400952370391,Low,seller,99.3646,6.666666666666667,100.0,71.68
0b64bcdb0784abc139af04077d49a20e,4,205.81,4,3.0,-17.217757523148148,0.0,0.07755124735767328,0.16189962223421478,60.0,79.35706070333241,1.762364980102331,24.143535883275952,Low,seller,99.3646,13.333333333333334,100.0,73.68
05a940b4ecae36cadfd8e93bd9c43257,10,1148.94,10,3.0,-14.193740997942387,0.0,0.45536470838583804,0.48569886670264434,60.0,78.05936951919409,1.762364980102331,24.143176055080758,Low,seller,99.3646,33.33333333333333,100.0,79.68
fe8055980a4ff7f64ed889c2b5926929,3,249.98000000000002,3,3.0,-14.510189043209877,100.0,0.09524554249579216,0.10793308148947653,60.0,78.19516634277576,3.581580443433769,24.142989928880848,Low,seller,99.3646,10.0,100.0,72.68
26bad72add1f86e08a776ce4ffdaf1ca,7,745.9200000000001,7,3.0,-12.741071428571429,100.0,0.29391678385415,0.32379924446842956,60.0,77.43598784190301,3.581580443433769,24.142681066902178,Low,seller,99.3646,23.333333333333332,100.0,76.68
34f563c82a85b99ae9e6d60db5fc2e28,8,2578.5,8,3.0,-11.930630787037037,0.0,1.0280397493106557,0.37776578521316784,60.0,77.08820479673099,1.762364980102331,24.14232058861637,Low,seller,99.3646,26.666666666666668,100.0,77.68
6ec1a01e866584bb679eb9b098345919,31,5063.76,32,3.0,-4.351159274193549,-66.66666666666666,2.023623266063231,1.618996222342148,60.0,73.8356387870346,0.5495546712147056,24.142137320581167,Low,seller,99.3646,100.0,100.0,99.68
6426d21aca402a131fc0a5d0960a3c90,23,1593.82,23,3.0,-12.87293830515298,-80.0,0.6335815528740951,1.1872638963842417,60.0,77.49257565542632,0.3069926094371802,24.141476049215953,Low,seller,99.3646,76.66666666666667,100.0,92.68
8bdd8e3fd58bafa48af76b2c5fd71974,11,2515.55,11,3.0,-11.400266203703703,0.0,1.002822274125132,0.5396654074473827,60.0,76.860610324798,1.762364980102331,24.14109108082932,Low,seller,99.3646,36.666666666666664,100.0,80.68
f1b854361f4e15d5851b494df66f22b2,3,1475.24,4,3.0,-12.185821759259259,100.0,0.5860789602212055,0.10793308148947653,60.0,77.19771447439452,3.581580443433769,24.14062217394128,Low,seller,99.3646,10.0,100.0,72.68
acb6c2ca5c82411c1fdb88d5fd5eb95e,10,575.49,11,3.0,-15.214881102693601,0.0,0.22564332403097595,0.48569886670264434,60.0,78.49756967473576,1.762364980102331,24.139989663105553,Low,seller,99.3646,33.33333333333333,100.0,79.68
de09d00cfc265b8804c7df34075a68fa,3,827.97,3,3.0,-16.19844135802469,0.0,0.3267856295884187,0.10793308148947653,60.0,78.91964325197097,1.762364980102331,24.139201945054772,Low,seller,99.3646,10.0,100.0,72.68
53b0300ca793f9834cd69c0678d35ee8,5,1799.46,10,3.0,-13.944270833333334,0.0,0.7159599737978615,0.21586616297895306,60.0,77.95231480219095,1.762364980102331,24.137838251222973,Low,seller,99.3646,16.666666666666664,100.0,74.68
31eec405c9bb71dec8e2629a92e764fa,5,427.13,5,3.0,-13.675645833333334,100.0,0.16621100284711102,0.21586616297895306,60.0,77.83704020252077,3.581580443433769,24.13754391632036,Low,seller,99.3646,16.666666666666664,100.0,74.68
730937bf88cb151eb2eb849f642fc213,22,3277.17,26,3.0,-9.77843660968661,-76.92307692307693,1.3079236792212172,1.1332973556395036,60.0,76.16463728735323,0.36296846984737813,24.13669388276396,Low,seller,99.3646,73.33333333333333,100.0,91.68
fac35d150712afb921ec59ac5f39bb11,5,800.64,6,3.0,-15.791143904320988,0.0,0.3158373595833296,0.21586616297895306,60.0,78.74486037278106,1.762364980102331,24.136683302547127,Low,seller,99.3646,16.666666666666664,100.0,74.68
6b89abe95848c850399130d149a39b63,8,1465.73,8,3.0,-12.976433738425927,33.33333333333333,0.5822692987595005,0.37776578521316784,60.0,77.53698847864915,2.368770134546143,24.13654752118313,Low,seller,99.3646,26.666666666666668,100.0,77.68
1dd33b8119b3cb1056ed5dc88cd0aaf4,8,1641.74,8,3.0,-15.002196180555556,-50.0,0.6527780804497948,0.37776578521316784,60.0,78.40630054768,0.8527572484366117,24.136495677433892,Low,seller,99.3646,26.666666666666668,100.0,77.68
6c99c983ce3b6ba0ab813e6790e81691,9,752.51,9,3.0,-15.013602109053497,0.0,0.29655670699112535,0.4317323259579061,60.0,78.41119515481437,1.762364980102331,24.134815864819203,Low,seller,99.3646,30.0,100.0,78.68
e70053bf73d1b5863932e53a9fa47496,7,4158.58,7,3.0,-9.058973214285714,0.0,1.6610123973033846,0.32379924446842956,60.0,75.85589515656795,1.762364980102331,24.133874301803548,Low,seller,99.3646,23.333333333333332,100.0,76.68
4324dd16853115efb0fd9d0d131ba6f4,12,1379.47,18,3.0,-13.197588091563786,0.0,0.5477139467419744,0.5936319481921208,60.0,77.63189207854971,1.762364980102331,24.13374248086331,Low,seller,99.3646,40.0,100.0,81.68
a44fb5a447105f8469bdf16bf9159f25,19,4292.71,19,3.0,-6.289195297270955,0.0,1.714744247130776,0.9713977334052887,60.0,74.66730496369972,1.762364980102331,24.133604950055748,Low,seller,99.3646,63.33333333333333,100.0,88.68
2a7c6c0b0d5efde2bf75ec1e1cec2d41,3,192.04,3,3.0,-14.454845679012346,100.0,0.07203504984687645,0.10793308148947653,60.0,78.17141693690411,3.581580443433769,24.132464370205426,Low,seller,99.3646,10.0,100.0,72.68
ae45df84722b1d15c5f32b23a095746c,9,1065.49,12,3.0,-14.35714988425926,0.0,0.4219350292082057,0.4317323259579061,60.0,78.1294929029176,1.762364980102331,24.130174023699812,Low,seller,99.3646,30.0,100.0,78.68
33cbbec1e7e1044aaf11d152172c776f,15,1129.5,16,3.0,-15.397296006944444,-85.71428571428571,0.44757713542941896,0.7555315704263357,60.0,78.57584907933843,0.20303744010395527,24.12983713914657,Low,seller,99.3646,50.0,100.0,84.68
f9bbdd976532d50b7816d285a22bd01e,2,298.37,2,3.0,-17.219780092592593,0.0,0.1146303498703353,0.053966540744738264,60.0,79.35792864519564,1.762364980102331,24.127806534936866,Low,seller,99.3646,6.666666666666667,100.0,71.68
9d7a1d34a5052409006425275ba1c2b4,13,1331.87,16,3.0,-11.563583622685185,50.0,0.5286456096676149,0.6475984889368591,60.0,76.93069445729594,2.67197271176805,24.127294744905697,Low,seller,99.3646,43.333333333333336,100.0,82.68
1dfe5347016252a7884b694d4f10f5c4,21,2129.73,27,3.0,-6.9838666310541315,100.0,0.8482645890404813,1.0793308148947653,60.0,74.96540811829894,3.581580443433769,24.127281342524054,Low,seller,99.3646,70.0,100.0,90.68
13fa2a6c6b9d0f43cb588d7c82117a12,9,4719.44,10,3.0,-4.6402777777777775,100.0,1.8856902866211418,0.4317323259579061,60.0,73.95970772982815,3.581580443433769,24.125754371293418,Low,seller,99.3646,30.0,100.0,78.68
7f152321c60a266edc53af1925ef96c1,20,4471.92,20,3.0,-5.614539351851851,0.0,1.7865349338344727,1.0253642741500268,60.0,74.37779097943428,1.762364980102331,24.125206693613222,Low,seller,99.3646,66.66666666666666,100.0,89.68
218f991754f360af9c2daa5e0b8e990c,14,3819.54,17,3.0,-6.675379901960785,50.0,1.5251945611334092,0.7015650296815974,60.0,74.83302772109167,2.67197271176805,24.125101055100977,Low,seller,99.3646,46.666666666666664,100.0,83.68
bd1d49a326abfa9b1036772e40445430,12,826.2,13,3.0,-11.268476673789174,100.0,0.3260765758778806,0.5936319481921208,60.0,76.80405570292133,3.581580443433769,24.124997359592967,Low,seller,99.3646,40.0,100.0,81.68
b19c48688808720822399ffa9f2dbe2f,1,984.8100000000001,1,3.0,-16.102465277777778,0.0,0.38961499905779984,0.0,60.0,78.87845719621153,1.762364980102331,24.1248895771593,Low,seller,99.3646,3.3333333333333335,100.0,70.68
c54679b132454625907c773d273d4126,7,1139.93,8,3.0,-14.552103587962963,0.0,0.45175534458247707,0.32379924446842956,60.0,78.21315306168417,1.762364980102331,24.124685871754707,Low,seller,99.3646,23.333333333333332,100.0,76.68
59cea8e446d3834393058e7e0666b6fb,10,901.14,10,3.0,-15.779237268518518,-50.0,0.3560971889104961,0.48569886670264434,60.0,78.73975089795353,0.8527572484366117,24.1244922328855,Low,seller,99.3646,33.33333333333333,100.0,79.68
3d5d0dc7073a299e31fa718ce1bc00b6,23,1178.13,24,3.0,-12.402047032828284,-45.45454545454545,0.46705808567996726,1.1872638963842417,60.0,77.29050286657413,0.9354488604062225,24.124053715826793,Low,seller,99.3646,76.66666666666667,100.0,92.68
328acb143b4a73aad6bee8e734f5d20d,2,734.75,2,3.0,-16.34384837962963,0.0,0.28944213416674247,0.053966540744738264,60.0,78.98204152541814,1.762364980102331,24.12386700225916,Low,seller,99.3646,6.666666666666667,100.0,71.68
e51f22821f0c12a16ad5c020cdcd55e9,4,996.8399999999999,4,3.0,-15.43000289351852,0.0,0.39443416071755905,0.16189962223421478,60.0,78.58988453119989,1.762364980102331,24.123524331464036,Low,seller,99.3646,13.333333333333334,100.0,73.68
9cf787a239c1aa29dbd76f153dc13f9a,4,368.4,4,3.0,-16.599366319444442,0.0,0.1426840398980116,0.16189962223421478,60.0,79.09169151414109,1.762364980102331,24.123270342659353,Low,seller,99.3646,13.333333333333334,100.0,73.68
dc64d75cc406bb0697be983831430e60,4,905.55,4,3.0,-12.77027199074074,100.0,0.35786381425709113,0.16189962223421478,60.0,77.4485186306018,3.581580443433769,24.12326988876933,Low,seller,99.3646,13.333333333333334,100.0,73.68
48fb026ed7455a42f5d3e9390ed5088e,11,779.14,11,3.0,-14.346396604938272,0.0,0.30722456027453277,0.5396654074473827,60.0,78.12487836603955,1.762364980102331,24.122051972860373,Low,seller,99.3646,36.666666666666664,100.0,80.68
365e445f796710c3431557e85caa25db,4,1194.3,5,3.0,-15.031743055555555,0.0,0.47353571195081584,0.16189962223421478,60.0,78.41897994902808,1.762364980102331,24.121619109508245,Low,seller,99.3646,13.333333333333334,100.0,73.68
87d30a6a0cbf89356e49324971ab1d24,17,2349.91,17,3.0,-10.146539351851851,0.0,0.9364676658688944,0.8634646519158122,60.0,76.3226006051405,1.762364980102331,24.12143305152093,Low,seller,99.3646,56.666666666666664,100.0,86.68
88ef59b51bdaa941d10a853429f2b6ce,2,294.7,2,3.0,-17.084855324074073,0.0,0.1131601650580895,0.053966540744738264,60.0,79.30002860358907,1.762364980102331,24.118680473252205,Low,seller,99.3646,6.666666666666667,100.0,71.68
9261d76c62caaf0b24677c2ceb7f8f20,6,1216.24,7,3.0,-16.762762896825397,-80.0,0.4823247731989555,0.26983270372369134,60.0,79.1618096157514,0.3069926094371802,24.117126311197037,Low,seller,99.3646,20.0,100.0,75.68
38af8acfd46ac4a7bf754e8ca6736664,5,397.94,5,3.0,-13.40300462962963,100.0,0.15451762555298176,0.21586616297895306,60.0,77.72004213603199,3.581580443433769,24.116486193158806,Low,seller,99.3646,16.666666666666664,100.0,74.68
89c127985a8b130cfa45c1d36764017a,7,1540.2,7,3.0,-13.675765817901235,0.0,0.6121016319932725,0.32379924446842956,60.0,77.83709169129892,1.762364980102331,24.11638055242016,Low,seller,99.3646,23.333333333333332,100.0,76.68
398cb257329ef7af7f1943a8974a3cbc,1,161.37,1,3.0,-17.503993055555554,0.0,0.059748791484048616,0.0,60.0,79.47989248149769,1.762364980102331,24.1161450076801,Low,seller,99.3646,3.3333333333333335,100.0,70.68
4978a02ea9c8be7a9b5480680f40334e,18,2696.8399999999997,19,3.0,-9.202721125730994,0.0,1.07544619908754,0.9174311926605505,60.0,75.91758145883051,1.762364980102331,24.11586537472621,Low,seller,99.3646,60.0,100.0,87.68
9bade61a92bed55a25d2b67b9f4ed739,2,174.8,3,3.0,-17.262615740740742,0.0,0.06512878658717147,0.053966540744738264,60.0,79.37631063567267,1.762364980102331,24.11571336452347,Low,seller,99.3646,6.666666666666667,100.0,71.68
1703bc09972dab9782e7a9194943b69f,1,356.11,1,3.0,-17.13019675925926,0.0,0.13776072345591334,0.0,60.0,79.31948589829152,1.762364980102331,24.115487599790733,Low,seller,99.3646,3.3333333333333335,100.0,70.68
353e21e8bf8de2722b4fae1636664b76,4,299.89,4,3.0,-16.596244212962965,0.0,0.11523925475170138,0.16189962223421478,60.0,79.0903517297771,1.762364980102331,24.11483593946086,Low,seller,99.3646,13.333333333333334,100.0,73.68
fe1b067411b8c5066e962aa146ccee03,8,990.8799999999999,8,3.0,-8.812055844907407,200.0,0.3920466126300972,0.37776578521316784,60.0,75.74993591633825,5.400795906765207,24.114625408219574,Low,seller,99.3646,26.666666666666668,100.0,77.68
9a1aea68d3efa00862ec88c0768037d0,7,1501.71,8,3.0,-10.888302951388889,100.0,0.5966827182539428,0.32379924446842956,60.0,76.6409123854534,3.581580443433769,24.114249528754677,Low,seller,99.3646,23.333333333333332,100.0,76.68
ddd51ae8cda92f3995a51fc0f0f3eec7,8,1119.62,25,3.0,-14.19967361111111,0.0,0.4436192537005393,0.37776578521316784,60.0,78.06191537162042,1.762364980102331,24.11305102616675,Low,seller,99.3646,26.666666666666668,100.0,77.68
bf00385a5f7fc1ef39a13c2e9ee50a5f,29,1213.03,29,3.0,-10.131565806878308,-18.75,0.48103886223238623,1.5110631408526713,60.0,76.31617503267898,1.4212620807276861,24.111629906857498,Low,seller,99.3646,96.66666666666667,100.0,98.68
d4ffeb15b67e81ff9af2b4252d99fb7e,11,1724.81,12,3.0,-12.416492091049383,0.0,0.6860555334070855,0.5396654074473827,60.0,77.29670165039414,1.762364980102331,24.111474757453326,Low,seller,99.3646,36.666666666666664,100.0,80.68
8b2d4ab22f42c5cfc338b846decfda60,6,643.3199999999999,9,3.0,-12.655670010288066,100.0,0.2528157043619382,0.26983270372369134,60.0,77.39933967325199,3.581580443433769,24.111361882570677,Low,seller,99.3646,20.0,100.0,75.68
6601ee6383e7f452be71929f8de48bbb,2,181.94,2,3.0,-17.15710648148148,0.0,0.06798903714832538,0.053966540744738264,60.0,79.33103362265226,1.762364980102331,24.109779887738753,Low,seller,99.3646,6.666666666666667,100.0,71.68
1fe61aa5494bd3ae92a2c13e067c810f,1,638.5799999999999,2,3.0,-16.50079861111111,0.0,0.25091688256083594,0.0,60.0,79.04939331732942,1.762364980102331,24.108920560377896,Low,seller,99.3646,3.3333333333333335,100.0,70.68
e3b4998c7a498169dc7bce44e6bb6277,3,7114.6900000000005,3,3.0,-5.400486111111111,-50.0,2.8452162189186105,0.10793308148947653,60.0,74.28593466809133,0.8527572484366117,24.108714061105314,Low,seller,99.3646,10.0,100.0,72.68
3fefda3299e6dfaea3466ef346a3571a,1,225.21,1,3.0,-17.258391203703702,0.0,0.08532279650142484,0.0,60.0,79.37449776711712,1.762364980102331,24.108008002028228,Low,seller,99.3646,3.3333333333333335,100.0,70.68
8eb88b0acb3f90a717ad659221471fa7,2,160.67,2,3.0,-17.167216435185185,0.0,0.059468374762366855,0.053966540744738264,60.0,79.33537209027767,1.762364980102331,24.10787445916678,Low,seller,99.3646,6.666666666666667,100.0,71.68
abc015ebac1d283a323ca9db35ede4b9,12,1329.65,13,3.0,-14.285638354700854,-50.0,0.527756288064567,0.5936319481921208,60.0,78.09880527912367,0.8527572484366117,24.10683139017961,Low,seller,99.3646,40.0,100.0,81.68
0ac4201fda2c68ebc0e47cb9423cf3c9,13,1910.8700000000001,14,3.0,-11.568168816137566,0.0,0.7605902980300966,0.6475984889368591,60.0,76.93266209373944,1.762364980102331,24.106212523714394,Low,seller,99.3646,43.333333333333336,100.0,82.68
ad75519a07f039025e83795a4418470f,3,417.92,9,3.0,-17.83957818930041,-50.0,0.16252151998041248,0.10793308148947653,60.0,79.6239015720429,0.8527572484366117,24.10460068701659,Low,seller,99.3646,10.0,100.0,72.68
e53d5b9b29d1218281f4a907ada18626,4,483.91999999999996,5,3.0,-16.09265046296296,0.0,0.18896081088183525,0.16189962223421478,60.0,78.87424538104685,1.762364980102331,24.104536453990363,Low,seller,99.3646,13.333333333333334,100.0,73.68
bd149ed516d4c5d418d5781f8e18919f,8,555.9399999999999,9,3.0,-6.623496656378601,300.0,0.2178116855897211,0.37776578521316784,60.0,74.8107631501691,7.220011370096646,24.103400561515237,Low,seller,99.3646,26.666666666666668,100.0,77.68
a2deecd5398f5df4987110c80a1972a3,16,1119.53,16,3.0,-12.935335648148149,-20.0,0.44358320012203734,0.809498111171074,60.0,77.51935212349241,1.3985218874360432,24.103204495096843,Low,seller,99.3646,53.333333333333336,100.0,85.68
d9e8c084b68fe958861d8f2c21202e6b,9,3231.86,12,3.0,-7.065386766975308,100.0,1.2897727054220738,0.4317323259579061,60.0,75.00039071870239,3.581580443433769,24.103081545264835,Low,seller,99.3646,30.0,100.0,78.68
dace965ca58120f92f8d742a9fa1864b,8,1573.77,8,3.0,-10.361300636574073,100.0,0.6255496167744962,0.37776578521316784,60.0,76.4147607582201,3.581580443433769,24.10247848941203,Low,seller,99.3646,26.666666666666668,100.0,77.68
9906e7aa42a3c067b7c9a564d01c4320,12,3115.6000000000004,16,3.0,-10.873758680555556,-50.0,1.2431994939039008,0.5936319481921208,60.0,76.63467102669004,0.8527572484366117,24.101844214066368,Low,seller,99.3646,40.0,100.0,81.68
2f74af7a0ee5636f12c2336f9fffed47,13,724.4699999999999,13,3.0,-8.052778668091168,200.0,0.28532401431118753,0.6475984889368591,60.0,75.42410856372322,5.400795906765207,24.101192701762574,Low,seller,99.3646,43.333333333333336,100.0,82.68
f52c2422904463fdd7741f99045fecb6,12,744.8,13,3.0,-9.62889779202279,150.0,0.2934681170994591,0.5936319481921208,60.0,76.10046594313229,4.491188175099489,24.100637131157658,Low,seller,99.3646,40.0,100.0,81.68
89d9a386b0b6e5fc8403071b03f7206a,2,235.25,5,3.0,-16.91539351851852,0.0,0.08934477348097461,0.053966540744738264,60.0,79.22730774069542,1.762364980102331,24.100627726345024,Low,seller,99.3646,6.666666666666667,100.0,71.68
eb5b6204dde3a6e03b5f1bb8479f055b,19,727.3299999999999,21,3.0,-12.424037698412699,0.0,0.28646971691691586,0.9713977334052887,60.0,77.29993968433764,1.762364980102331,24.100017799087276,Low,seller,99.3646,63.33333333333333,100.0,88.68
d1582f4043306e6b91afa6a8a884f898,9,1121.92,9,3.0,-13.760054012345678,0.0,0.4445406229289222,0.4317323259579061,60.0,77.87326214405464,1.762364980102331,24.098521087986583,Low,seller,99.3646,30.0,100.0,78.68
43a5d4a57af536fddc96d08be3afdfcb,1,99.83,1,3.0,-17.343344907407406,0.0,0.03509615569505531,0.0,60.0,79.41095380875488,1.762364980102331,24.098408416031983,Low,seller,99.3646,3.3333333333333335,100.0,70.68
8ff38bc3969e67c36c48343a07090f66,2,3859.56,8,3.0,-10.110908564814814,0.0,1.5412263857072719,0.053966540744738264,60.0,76.30731042473424,1.762364980102331,24.098192612618735,Low,seller,99.3646,6.666666666666667,100.0,71.68
1f7fd2a6fcd5a6fa5d8a4dabc72aaae0,3,632.68,3,3.0,-15.922824074074072,0.0,0.24855337019237547,0.10793308148947653,60.0,78.80136806511346,1.762364980102331,24.097990989207332,Low,seller,99.3646,10.0,100.0,72.68
cd2169d9f31ff6fbb9ca3373b0c9e354,1,625.33,1,3.0,-16.344456018518517,0.0,0.24560899461471705,0.0,60.0,78.98230228048433,1.762364980102331,24.0972645384673,Low,seller,99.3646,3.3333333333333335,100.0,70.68
557f22c76691849db52d2abccf0015d0,13,1192.56,14,3.0,-15.019323361823362,-80.0,0.4728386760997783,0.6475984889368591,60.0,78.41365030650411,0.3069926094371802,24.096498031983483,Low,seller,99.3646,43.333333333333336,100.0,82.68
fb503a924a0b9db19d83dd0ac6dbef8c,1,31.82,1,3.0,-17.41818287037037,0.0,0.007851668207089192,0.0,60.0,79.44306889938565,1.762364980102331,24.09505233338021,Low,seller,99.3646,3.3333333333333335,100.0,70.68
70c4eedec9cb4a85cda2f3f9673557b4,2,512.5500000000001,2,3.0,-16.30439814814815,0.0,0.20042985479861913,0.053966540744738264,60.0,78.96511231316714,1.762364980102331,24.094623936611075,Low,seller,99.3646,6.666666666666667,100.0,71.68
51209b446b2073894bdc0face6c73ffc,2,438.88,4,3.0,-16.435960648148146,0.0,0.17091799781819766,0.053966540744738264,60.0,79.02156951007402,1.762364980102331,24.09423895905298,Low,seller,99.3646,6.666666666666667,100.0,71.68
3c010235b7345c92f125d14ee232a76b,15,4005.32,15,3.0,-8.431912037037037,-50.0,1.5996171590677475,0.7555315704263357,60.0,75.58680543604282,0.8527572484366117,24.092064580576995,Low,seller,99.3646,50.0,100.0,84.68
99cd94252748d2bdde08e17858233602,2,181.32,2,3.0,-16.881493055555556,0.0,0.06774066805197868,0.053966540744738264,60.0,79.21276009138248,1.762364980102331,24.091964347319383,Low,seller,99.3646,6.666666666666667,100.0,71.68
4200ddf1967c5e41e48db62bc6d4b5ac,22,1222.73,42,3.0,-10.703231646825397,0.0,0.48492463680426207,1.1332973556395036,60.0,76.56149304420074,1.762364980102331,24.089262184591497,Low,seller,99.3646,73.33333333333333,100.0,91.68
10089e9f2fd0c668a8fd4e52e1698888,3,1199.31,3,3.0,-16.142033179012344,-50.0,0.4755426944874238,0.10793308148947653,60.0,78.89543690388805,0.8527572484366117,24.089237339145466,Low,seller,99.3646,10.0,100.0,72.68
aa8af66c623d7d544dfe4bb85b5ebe3b,1,114.57,1,3.0,-17.172303240740742,0.0,0.041000930663039725,0.0,60.0,79.33755498268908,1.762364980102331,24.089170024612507,Low,seller,99.3646,3.3333333333333335,100.0,70.68
c4fb51fb1c5b7c07bc5e67be6e7e8f6e,15,2126.61,16,3.0,-10.466419994212963,0.0,0.8470147316524141,0.7555315704263357,60.0,76.45987045340637,1.762364980102331,24.088204378123496,Low,seller,99.3646,50.0,100.0,84.68
9d5604a1f112324ad6b2aa552122e0fb,13,761.98,17,3.0,-13.418914760348585,0.0,0.30035034464016286,0.6475984889368591,60.0,77.72686962397738,1.762364980102331,24.087271667233104,Low,seller,99.3646,43.333333333333336,100.0,82.68
d2f3e277560ed4c6361284429b00f037,7,454.66,7,3.0,-15.248072089947089,0.0,0.17723939191553784,0.32379924446842956,60.0,78.51181286791697,1.762364980102331,24.08713005688955,Low,seller,99.3646,23.333333333333332,100.0,76.68
c360e4787614ed31ac7a2f95d3b22dc6,1,218.95000000000002,1,3.0,-16.941087962962964,0.0,0.08281506981895656,0.0,60.0,79.23833395492375,1.762364980102331,24.08683111219448,Low,seller,99.3646,3.3333333333333335,100.0,70.68
c0098efcf800861dcae589affca31408,9,1376.74,9,3.0,-10.263711419753086,100.0,0.5466203215274155,0.4317323259579061,60.0,76.37288245984442,3.581580443433769,24.08600959126774,Low,seller,99.3646,30.0,100.0,78.68
05a48cc8859962767935ab9087417fbb,1,59.39,1,3.0,-17.21957175925926,0.0,0.018896081088183525,0.0,60.0,79.35783924345866,1.762364980102331,24.085581208855487,Low,seller,99.3646,3.3333333333333335,100.0,70.68
d66c11a9572221d92fbb8c4897db5f9b,16,1164.38,16,3.0,-10.595239438657408,50.0,0.4615499000755042,0.809498111171074,60.0,76.51515052744293,2.67197271176805,24.085309348108666,Low,seller,99.3646,53.333333333333336,100.0,85.68
fdaaf5bfda82b7b80535610c831b8d09,10,2848.32,15,3.0,-10.121341049382716,0.0,1.1361283776594722,0.48569886670264434,60.0,76.31178729949322,1.762364980102331,24.085267822907717,Low,seller,99.3646,33.33333333333333,100.0,79.68
e24d3429d294b2eb200b064ebb035879,19,2250.7,22,3.0,-10.044927925084174,-25.0,0.8967246045002557,0.9713977334052887,60.0,76.27899626249717,1.3075611142694712,24.084472365502922,Low,seller,99.3646,63.33333333333333,100.0,88.68
cbf09e831b0c11f6f23ffb51004db972,10,1815.4,10,3.0,-12.74307986111111,-25.0,0.7223454631458719,0.48569886670264434,60.0,77.43684971721981,1.3075611142694712,24.084411924629343,Low,seller,99.3646,33.33333333333333,100.0,79.68
a1040efe9ff4a6f93c28b0499eada8f5,1,1693.31,1,3.0,-14.13292824074074,0.0,0.6734367809314066,0.0,60.0,78.03327304179525,1.762364980102331,24.083258488558943,Low,seller,99.3646,3.3333333333333335,100.0,70.68
4d232b78ab7ef10393dc3807d827bc0d,5,1689.99,5,3.0,-11.881342592592592,50.0,0.6721068044800016,0.21586616297895306,60.0,77.06705383578897,2.67197271176805,24.082853928633888,Low,seller,99.3646,16.666666666666664,100.0,74.68
cc80e2f693fa6e2408f47ccf62413fc1,2,508.63,2,3.0,-16.12474537037037,0.0,0.19885952115720126,0.053966540744738264,60.0,78.8880182153059,1.762364980102331,24.082588721839464,Low,seller,99.3646,6.666666666666667,100.0,71.68
d594982fd877af63ace38ea1fca27c76,7,309.7,7,3.0,-12.615914351851853,100.0,0.11916909480841285,0.32379924446842956,60.0,77.38227939363966,3.581580443433769,24.082200492948957,Low,seller,99.3646,23.333333333333332,100.0,76.68
08d0949a9a17c027262db1f3c450c26c,12,557.8399999999999,12,3.0,-11.100522762345678,100.0,0.21857281669142875,0.5936319481921208,60.0,76.73198192012117,3.581580443433769,24.08193516441701,Low,seller,99.3646,40.0,100.0,81.68
491a5ada3aa1678414e990262c4bbdc1,2,2873.81,2,3.0,-11.695277777777777,0.0,1.146339552281855,0.053966540744738264,60.0,76.98720815113383,1.762364980102331,24.081711221551046,Low,seller,99.3646,6.666666666666667,100.0,71.68
68ca56ce86830f3d31b1b7ec6a54da3e,6,862.96,6,3.0,-16.023599537037036,-50.0,0.3408024597193397,0.26983270372369134,60.0,78.84461367199903,0.8527572484366117,24.08166668949024,Low,seller,99.3646,20.0,100.0,75.68
75fdd0a732287f9497b179f6bd445d32,1,76.08,1,3.0,-17.102847222222223,0.0,0.025582016923709983,0.0,60.0,79.30774943693048,1.762364980102331,24.080073518626918,Low,seller,99.3646,3.3333333333333335,100.0,70.68
985c92cc412091f8529c12d7f23d3fef,12,1606.63,12,3.0,-13.350291280864198,-50.0,0.6387131788808713,0.5936319481921208,60.0,77.69742134431041,0.8527572484366117,24.079910867202514,Low,seller,99.3646,40.0,100.0,81.68
f626e15b7314c267e4429010866f70e9,5,319.02,7,3.0,-15.801714616402117,0.0,0.1229026431599471,0.21586616297895306,60.0,78.749396564883,1.762364980102331,24.079483316435407,Low,seller,99.3646,16.666666666666664,100.0,74.68
ec80e49e69745ab6c14f984bf2149423,12,3897.31,12,3.0,-9.759053819444444,-75.0,1.5563488589122523,0.5936319481921208,60.0,76.15631958279984,0.3979533826037522,24.07855592040206,Low,seller,99.3646,40.0,100.0,81.68
a1bea7061f61f6fdd9a85a6325ba1033,9,910.88,9,3.0,-5.353671553497943,300.0,0.3599989872950394,0.4317323259579061,60.0,74.26584521481038,7.220011370096646,24.07781069690921,Low,seller,99.3646,30.0,100.0,78.68
bbe87dce25ba8b38bb61cc7210a3f10b,2,355.39,2,3.0,-16.334878472222222,0.0,0.13747229482789783,0.053966540744738264,60.0,78.97819228396455,1.762364980102331,24.07769866423947,Low,seller,99.3646,6.666666666666667,100.0,71.68
f8d5c7085db9a4ad2b8c1ffbeb2798c8,6,363.40999999999997,6,3.0,-15.47546875,0.0,0.14068506926773736,0.26983270372369134,60.0,78.60939521860637,1.762364980102331,24.077309477512433,Low,seller,99.3646,20.0,100.0,75.68
173d56ffbd4c56cb80fc3615487d712b,2,397.61,2,3.0,-16.248275462962965,0.0,0.15438542909847466,0.053966540744738264,60.0,78.94102847857565,1.762364980102331,24.077198033712307,Low,seller,99.3646,6.666666666666667,100.0,71.68
f049a72cf58fd31b11f8919cade515e7,3,170.99,4,3.0,-13.624872685185185,100.0,0.06360251843058932,0.10793308148947653,60.0,77.81525200586455,3.581580443433769,24.076509871124603,Low,seller,99.3646,10.0,100.0,72.68
38102b031c2a15e54623d711bfc753d3,9,809.41,11,3.0,-13.993623842592593,0.0,0.31935058051068527,0.4317323259579061,60.0,77.9734935770067,1.762364980102331,24.07599879020392,Low,seller,99.3646,30.0,100.0,78.68
68f86ba270525243e68ae74044f992b9,11,1071.31,12,3.0,-13.071824494949494,0.0,0.4242664939513311,0.5396654074473827,60.0,77.57792335541227,1.762364980102331,24.075121301369318,Low,seller,99.3646,36.666666666666664,100.0,80.68
a81466620e46a6970b22ef40379fdfc9,2,354.78,2,3.0,-16.29453703703704,0.0,0.137227931684718,0.053966540744738264,60.0,78.96088063094977,1.762364980102331,24.0750286073443,Low,seller,99.3646,6.666666666666667,100.0,71.68
bac692d6c0ed08467878018e6cc9c26c,1,559.23,3,3.0,-16.121342592592594,0.0,0.21912964418162542,0.0,60.0,78.88655798693513,1.762364980102331,24.07495908930499,Low,seller,99.3646,3.3333333333333335,100.0,70.68
c273175f7c6c80fb02f051e2fc6d0d72,14,1443.45,14,3.0,-11.740088458994709,0.0,0.5733440351036869,0.7015650296815974,60.0,77.00643768426823,1.762364980102331,24.074596618601973,Low,seller,99.3646,46.666666666666664,100.0,83.68
9dd59e43f0c9f0553244e8f9c2fb247e,10,508.12,10,3.0,-12.909622685185187,50.0,0.1986552175456903,0.48569886670264434,60.0,77.50831796244302,2.67197271176805,24.074466247482626,Low,seller,99.3646,33.33333333333333,100.0,79.68
5d505d2298ad549e4e4e835562fa0c1e,2,278.14,2,3.0,-16.42679398148148,0.0,0.10652630661373251,0.053966540744738264,60.0,79.01763583364661,1.762364980102331,24.07433140022753,Low,seller,99.3646,6.666666666666667,100.0,71.68
0c7f30ae9b147eca07affbef92832a6a,5,567.11,5,3.0,-16.200020833333333,-33.33333333333333,0.22228633527712865,0.21586616297895306,60.0,78.92032104958435,1.1559598256585182,24.07429658133138,Low,seller,99.3646,16.666666666666664,100.0,74.68
596849622429351f47b32e6cae1055ff,14,1265.19,14,3.0,-9.240332086894586,100.0,0.5019339139508441,0.7015650296815974,60.0,75.93372138806771,3.581580443433769,24.074187684159185,Low,seller,99.3646,46.666666666666664,100.0,83.68
7b7f91e98f8c6def45a1407923304402,11,620.49,14,3.0,-12.474468419312169,50.0,0.24367011328194602,0.5396654074473827,60.0,77.32158093575791,2.67197271176805,24.073451797386923,Low,seller,99.3646,36.666666666666664,100.0,80.68
544863df86ed3b78a04e0820d41430ee,1,39.17,1,3.0,-17.06775462962963,0.0,0.010796043784747638,0.0,60.0,79.29269021101145,1.762364980102331,24.073378842797375,Low,seller,99.3646,3.3333333333333335,100.0,70.68
d93844a9c55ba7ce353388bcf849ea56,12,3229.52,14,3.0,-8.802264384920635,0.0,1.2888353123810232,0.5936319481921208,60.0,75.74573412339208,1.762364980102331,24.07315519728138,Low,seller,99.3646,40.0,100.0,81.68
f76a3b1349b6df1ee875d1f3fa4340f0,24,4748.98,24,3.0,-4.84861930941358,-50.0,1.8975238722761116,1.24123043712898,60.0,74.0491129849384,0.8527572484366117,24.0722074435495,Low,seller,99.3646,80.0,100.0,93.68
c33a5c3c983090c8b78a28e65052a20d,9,774.1600000000001,9,3.0,-13.977359664351852,0.0,0.3052295955974254,0.4317323259579061,60.0,77.9665141572369,1.762364980102331,24.07071558176447,Low,seller,99.3646,30.0,100.0,78.68
94231344608e603693b0a8891143f65d,3,824.1800000000001,3,3.0,-15.138707561728395,0.0,0.3252673733381704,0.10793308148947653,60.0,78.46488144973725,1.762364980102331,24.070532197844642,Low,seller,99.3646,10.0,100.0,72.68
8132b9bd16876e1b0f8808d43825dd48,2,768.9399999999999,3,3.0,-15.424479166666666,0.0,0.3031384880443128,0.053966540744738264,60.0,78.58751414347896,1.762364980102331,24.068796801131555,Low,seller,99.3646,6.666666666666667,100.0,71.68
52a52b9f656520e99716f5bc40f661c8,7,931.2199999999999,8,3.0,-11.237841435185185,100.0,0.36814709603647783,0.32379924446842956,60.0,76.79090925390923,3.581580443433769,24.068188372357813,Low,seller,99.3646,23.333333333333332,100.0,76.68
5996cddab893a4652a15592fb58ab8db,1,880.75,1,3.0,-15.41380787037037,0.0,0.3479290504032232,0.0,60.0,78.58293478783999,1.762364980102331,24.0680554313072,Low,seller,99.3646,3.3333333333333335,100.0,70.68
160e4f13fd3a64b1b86807be88b5ffb0,4,980.45,4,3.0,-14.590185185185184,0.0,0.3878684034770391,0.16189962223421478,60.0,78.2294949541908,1.762364980102331,24.06749616774052,Low,seller,99.3646,13.333333333333334,100.0,73.68
968ee78631915a63fef426d6733d7422,2,521.67,2,3.0,-15.864334490740742,0.0,0.2040832840868157,0.053966540744738264,60.0,78.77626852745456,1.762364980102331,24.06739339754065,Low,seller,99.3646,6.666666666666667,100.0,71.68
058cb5aeb36d7c0fcae20fc85d5e0a59,12,2107.42,13,3.0,-10.80659239969136,0.0,0.839327307525167,0.5936319481921208,60.0,76.60584807224441,1.762364980102331,24.067319888152475,Low,seller,99.3646,40.0,100.0,81.68
534a01cc6df1e034e05c32028a291fa2,5,295.45,5,3.0,-7.177587962962963,300.0,0.11346061154560566,0.21586616297895306,60.0,75.04853943140594,7.220011370096646,24.067286775928977,Low,seller,99.3646,16.666666666666664,100.0,74.68
fac1a9017ade7bdc94058fc1c969f355,9,2222.91,10,3.0,-9.322591435185185,66.66666666666666,0.8855920606494899,0.4317323259579061,60.0,75.96902120544632,2.9751752889899565,24.06648140940027,Low,seller,99.3646,30.0,100.0,78.68
5733d806668f8712c24b9abaefbfa642,2,329.68,2,3.0,-16.19455439814815,0.0,0.12717298923584358,0.053966540744738264,60.0,78.91797524734108,1.762364980102331,24.065576317068334,Low,seller,99.3646,6.666666666666667,100.0,71.68
08084d990eb3f53af056ccbc1730c8a7,12,606.79,12,3.0,-14.99122299382716,-50.0,0.23818195744331733,0.5936319481921208,60.0,78.4015916423018,0.8527572484366117,24.06537704546996,Low,seller,99.3646,40.0,100.0,81.68
d97df38225e5abadaff1e72cb72b823c,29,2362.92,29,3.0,-8.615176917989418,-66.66666666666666,0.9416794109390083,1.5110631408526713,60.0,75.66544958973437,0.5495546712147056,24.065042514076495,Low,seller,99.3646,96.66666666666667,100.0,98.68
02dcd3e8e25bee036e32512bcf175493,14,1804.07,17,3.0,-5.264409722222222,200.0,0.7178067182077942,0.7015650296815974,60.0,74.22754043354975,5.400795906765207,24.064943928591717,Low,seller,99.3646,46.666666666666664,100.0,83.68
e504a4e2efaa45cbff7e268a2c58c956,11,1464.0600000000002,12,3.0,-6.527109638047137,200.0,0.5816003045806312,0.5396654074473827,60.0,74.7694007492326,5.400795906765207,24.064886146297447,Low,seller,99.3646,36.666666666666664,100.0,80.68
b18871c324516afa228a13e8f1ef0ae9,9,1308.4,23,3.0,-10.057585044283414,100.0,0.5192436375849423,0.4317323259579061,60.0,76.28442779101712,3.581580443433769,24.0645283857609,Low,seller,99.3646,30.0,100.0,78.68
00720abe85ba0859807595bbf045a33b,13,1323.48,26,3.0,-12.015145566239315,0.0,0.5252846149606006,0.6475984889368591,60.0,77.12447248342716,1.762364980102331,24.0643923772467,Low,seller,99.3646,43.333333333333336,100.0,82.68
d4e4b5192cba4e0e66eb12a9d347239d,12,652.0899999999999,12,3.0,-15.337435816498317,-66.66666666666666,0.25632892528929385,0.5936319481921208,60.0,78.55016137532778,0.5495546712147056,24.062786338055457,Low,seller,99.3646,40.0,100.0,81.68
2d42ebcda99fd55f6f4bc2f1ca035d50,10,1203.97,11,3.0,-13.770457702020202,-33.33333333333333,0.47740946866319095,0.48569886670264434,60.0,77.8777266621089,1.1559598256585182,24.061902539156808,Low,seller,99.3646,33.33333333333333,100.0,79.68
89ad3263c0931c47f976d7c5778e60f6,6,699.74,6,3.0,-11.76475887345679,100.0,0.2754172921294878,0.26983270372369134,60.0,77.01702445821265,3.581580443433769,24.060795076645043,Low,seller,99.3646,20.0,100.0,75.68
42fb44130ac3134cde8e35cf8ec7df25,3,99.14,3,3.0,-13.512986111111111,100.0,0.03481974492654043,0.10793308148947653,60.0,77.76723830633972,3.581580443433769,24.060672984144666,Low,seller,99.3646,10.0,100.0,72.68
3a4127e1ba7208ea37044c5092aae170,6,2310.95,6,3.0,-12.981344907407408,-50.0,0.9208604723307211,0.26983270372369134,60.0,77.53909600042952,0.8527572484366117,24.05985644253823,Low,seller,99.3646,20.0,100.0,75.68
3935fe5fe0f82787a9dcb8deb62be09d,16,2101.35,17,3.0,-9.852650462962963,0.0,0.8368956939528694,0.809498111171074,60.0,76.19648455483176,1.762364980102331,24.059152417213625,Low,seller,99.3646,53.333333333333336,100.0,85.68
8ca1551acf9832a4cf467bbbac15851f,11,2442.94,12,3.0,-10.262627314814814,0.0,0.9737350481804,0.5396654074473827,60.0,76.37241723969456,1.762364980102331,24.059135950280382,Low,seller,99.3646,36.666666666666664,100.0,80.68
916748bc99315c2d202898ae58b1617e,25,746.51,32,3.0,-9.077179181134259,50.0,0.294153135090996,1.2951969778737182,60.0,75.86370785285487,2.67197271176805,24.058798634100764,Low,seller,99.3646,83.33333333333334,100.0,94.68
f35b3c613c4f7b2275f4185d0a3c59ec,9,4214.29,9,3.0,-7.3685751028806585,0.0,1.6833295623960853,0.4317323259579061,60.0,75.13049742524929,1.762364980102331,24.05874306200593,Low,seller,99.3646,30.0,100.0,78.68
bc47d5d1490df2b36add65d733eafaba,24,1419.91,25,3.0,-11.134492319023568,-60.0,0.5639140213488462,1.24123043712898,60.0,76.74655921950513,0.6708357021034679,24.058549268823015,Low,seller,99.3646,80.0,100.0,93.68
4f0d637c1197fd65405ebd755ac9f86b,2,232.47,2,3.0,-16.264751157407407,0.0,0.08823111850058134,0.053966540744738264,60.0,78.94809866594231,1.762364980102331,24.058412268637937,Low,seller,99.3646,6.666666666666667,100.0,71.68
c447f8dd3ed213f291d65ef074a268eb,7,777.23,8,3.0,-16.063548900462962,-66.66666666666666,0.30645942321965824,0.32379924446842956,60.0,78.86175707591156,0.5495546712147056,24.057106666591206,Low,seller,99.3646,23.333333333333332,100.0,76.68
252e76235acb79183cfca6e34f13337d,3,321.77,4,3.0,-15.860758101851852,0.0,0.12400428028083972,0.10793308148947653,60.0,78.77473379763629,1.762364980102331,24.056631122112297,Low,seller,99.3646,10.0,100.0,72.68
3a490ba60afa30ece0e7d50cfe74a4f0,8,1695.0700000000002,8,3.0,-12.246137152777777,0.0,0.6741418286887778,0.37776578521316784,60.0,77.22359751894285,1.762364980102331,24.056460120761585,Low,seller,99.3646,26.666666666666668,100.0,77.68
94c49f20a123aeb9360dbf80ff912bf6,3,339.29,3,3.0,-12.989540895061728,100.0,0.13102271022921744,0.10793308148947653,60.0,77.54261313098607,3.581580443433769,24.05584009743242,Low,seller,99.3646,10.0,100.0,72.68
b12cfd255810394b60caef18ae163547,2,726.15,2,3.0,-15.297314814814815,0.0,0.2859970144432238,0.053966540744738264,60.0,78.53294431657513,1.762364980102331,24.055468885015653,Low,seller,99.3646,6.666666666666667,100.0,71.68
86ff3eaef0267069cc891a2ed9d10a17,7,550.36,7,3.0,-16.46095072751323,-66.66666666666666,0.21557636372260086,0.32379924446842956,60.0,79.0322934612868,0.5495546712147056,24.055422206548375,Low,seller,99.3646,23.333333333333332,100.0,76.68
9b1ab052f5fca308ba743ac789ebb2e1,2,326.08000000000004,2,3.0,-16.024091435185184,0.0,0.125730846095766,0.053966540744738264,60.0,78.84482475943358,1.762364980102331,24.054171100940184,Low,seller,99.3646,6.666666666666667,100.0,71.68
bc2ac6b95e1accce9858528ee566c17e,18,2279.56,22,3.0,-8.994789562289562,0.0,0.9082857853398778,0.9174311926605505,60.0,75.82835213268994,1.762364980102331,24.052332851680823,Low,seller,99.3646,60.0,100.0,87.68
bc302730ea8cf49b5c74f579febb5bbf,11,2930.17,11,3.0,-9.245886994949494,0.0,1.1689171043304034,0.5396654074473827,60.0,75.93610515652648,1.762364980102331,24.05224375465017,Low,seller,99.3646,36.666666666666664,100.0,80.68
bf84056e679dbe9c69929847a40e338f,36,2477.32,40,3.0,-5.742962049220273,-31.57894736842105,0.9875075151681411,1.8888289260658393,60.0,74.43290079805767,1.1878758864187187,24.052182194417426,Low,seller,99.3646,100.0,100.0,99.68
2c538755f1ca9540af144f266e70df6c,1,359.91,1,3.0,-16.135752314814816,0.0,0.13928298565932862,0.0,60.0,78.89274160707669,1.762364980102331,24.051932634769535,Low,seller,99.3646,3.3333333333333335,100.0,70.68
3b18f9856c6eb2413eafedb58e9eecd9,1,335.09,1,3.0,-16.167673611111113,0.0,0.12934020989912687,0.0,60.0,78.90643993988826,1.762364980102331,24.05100455196321,Low,seller,99.3646,3.3333333333333335,100.0,70.68
4c8b8048e33af2bf94f2eb547746a916,23,2458.81,27,3.0,-3.3054946658615134,150.0,0.9800924958562421,1.1872638963842417,60.0,73.38691447204243,4.491188175099489,24.047999711169247,Low,seller,99.3646,76.66666666666667,100.0,92.68
ff4e2d38692ce827b1a4f4b8196e680d,11,669.1800000000001,11,3.0,-13.39526515151515,0.0,0.2631750992514956,0.5396654074473827,60.0,77.71672090665534,1.762364980102331,24.04761351564583,Low,seller,99.3646,36.666666666666664,100.0,80.68
6d988d6174a2c27441597174f8905515,19,737.2,23,3.0,-8.759278884863123,100.0,0.29042359269262863,0.9713977334052887,60.0,75.72728782721433,3.581580443433769,24.047227729584634,Low,seller,99.3646,63.33333333333333,100.0,88.68
d8b8f2cf9ff6ba0389072541cb42498c,1,169.01,1,3.0,-16.38957175925926,0.0,0.06280933970354664,0.0,60.0,79.00166272330505,1.762364980102331,24.045328708417053,Low,seller,99.3646,3.3333333333333335,100.0,70.68
8060d731897e33b5c5ae575ce1e209e1,5,290.95,5,3.0,-16.25399537037037,-33.33333333333333,0.11165793262050867,0.21586616297895306,60.0,78.94348305293224,1.1559598256585182,24.04458236103658,Low,seller,99.3646,16.666666666666664,100.0,74.68
693660429f9dc4ff704eb3d88dad54d7,2,148.12,2,3.0,-16.202916666666667,0.0,0.054440903537929644,0.053966540744738264,60.0,78.92156373372845,1.762364980102331,24.04429496431706,Low,seller,99.3646,6.666666666666667,100.0,71.68
2c43fb513632d29b3b58df74816f1b06,3,930.17,3,3.0,-15.929961419753086,-50.0,0.3677264709539552,0.10793308148947653,60.0,78.8044309023991,0.8527572484366117,24.043241571862083,Low,seller,99.3646,10.0,100.0,72.68
28f10b1c5e5abb9d4857745bede6147c,28,1185.42,28,3.0,-5.966380208333334,100.0,0.46997842553862446,1.457096600107933,60.0,74.52877586125287,3.581580443433769,24.042742101219876,Low,seller,99.3646,93.33333333333333,100.0,97.68
0bb27263628258b8111a0262769fa9db,1,33.16,1,3.0,-16.593923611111112,0.0,0.00838846593145141,0.0,60.0,79.08935589376233,1.762364980102331,24.042156421854017,Low,seller,99.3646,3.3333333333333335,100.0,70.68
850913d59ce317156b00f3705f1c3edb,32,3270.96,34,3.0,-6.636096450617284,-91.66666666666666,1.3054359823045834,1.6729627630868862,60.0,74.81617007892402,0.09475080538184591,24.041772077839884,Low,seller,99.3646,100.0,100.0,99.68
863d2ebcd347ce4922de7a0f9a5581d6,18,1691.1699999999998,19,3.0,-9.924328060699589,0.0,0.6725795069536936,0.9174311926605505,60.0,76.22724344318692,1.762364980102331,24.04145466473952,Low,seller,99.3646,60.0,100.0,87.68
ea3ebea5317b0efbc663ecc8ce5e9bc2,3,357.35,3,3.0,-15.540046296296296,0.0,0.13825746164860675,0.10793308148947653,60.0,78.63710727369055,1.762364980102331,24.040263097930765,Low,seller,99.3646,10.0,100.0,72.68
f8e2c1b59cd4225a3e4fd0d013a76b93,2,264.43,3,3.0,-15.92187114197531,0.0,0.101034144821937,0.053966540744738264,60.0,78.80095913494614,1.762364980102331,24.040182246884918,Low,seller,99.3646,6.666666666666667,100.0,71.68
5962468f885ea01a1b6a97a218797b0a,8,928.04,9,3.0,-13.42527199074074,0.0,0.3668732029294093,0.37776578521316784,60.0,77.72959769168688,1.762364980102331,24.04017955894538,Low,seller,99.3646,26.666666666666668,100.0,77.68
2156f2671501a81034d7d07f217609d0,22,3433.89,22,3.0,-5.8106112213403875,0.0,1.3707049772525954,1.1332973556395036,60.0,74.46193097482517,1.762364980102331,24.040061976319663,Low,seller,99.3646,73.33333333333333,100.0,91.68
bb7a14e229b1c95156719c3d9552eeee,11,3519.45,11,3.0,-9.812314814814815,-66.66666666666666,1.40497991254844,0.5396654074473827,60.0,76.17917538519856,0.5495546712147056,24.03824210052763,Low,seller,99.3646,36.666666666666664,100.0,80.68
dbbcfe2c8d026742134ac3e28ccde274,4,362.96999999999997,4,3.0,-15.25785300925926,0.0,0.14050880732839457,0.16189962223421478,60.0,78.51601013756095,1.762364980102331,24.036265566401447,Low,seller,99.3646,13.333333333333334,100.0,73.68
7ab0dd5487bab2dc835337b244f689fb,1,23.46,1,3.0,-16.505335648148147,0.0,0.004502691359575638,0.0,60.0,79.05134028849047,1.762364980102331,24.035288348691676,Low,seller,99.3646,3.3333333333333335,100.0,70.68
f326006815956455b2859abd58fe7e39,9,3813.18,30,3.0,-9.161761959876543,-50.0,1.522646774919272,0.4317323259579061,60.0,75.9000047200806,0.8527572484366117,24.03500354682101,Low,seller,99.3646,30.0,100.0,78.68
822bad9bc42b51213ba522fe87b7ab5d,18,5687.34,18,3.0,-3.7743891460905354,-50.0,2.2734264936436737,0.9174311926605505,60.0,73.58813038082221,0.8527572484366117,24.034881028225232,Low,seller,99.3646,60.0,100.0,87.68
5bc55dbe2f12b6af6d83ed46023e0dc8,17,3409.38,21,3.0,-8.941225749559083,-75.0,1.3608863860405673,0.8634646519158122,60.0,75.8053663827809,0.3979533826037522,24.034732374468636,Low,seller,99.3646,56.666666666666664,100.0,86.68
2059c39f76271d4ca3f15b5ffaccc8b8,12,791.29,12,3.0,-12.75741512345679,0.0,0.31209179337229465,0.5936319481921208,60.0,77.44300138451834,1.762364980102331,24.034722230747704,Low,seller,99.3646,40.0,100.0,81.68
417a1e6c7321084d2a0ae0d023cfad93,1,61.379999999999995,1,3.0,-16.41840277777778,0.0,0.019693265768393094,0.0,60.0,79.01403493035133,1.762364980102331,24.03424971729345,Low,seller,99.3646,3.3333333333333335,100.0,70.68
51f108f62cb87d61918159902c8f8583,3,378.76,3,3.0,-16.81119598765432,-50.0,0.14683420737890163,0.10793308148947653,60.0,79.18259362750047,0.8527572484366117,24.03369830155477,Low,seller,99.3646,10.0,100.0,72.68
7357b52d27cbaa90f81a96cbc1279396,12,1545.83,12,3.0,-8.498123070987655,100.0,0.6143569836262271,0.5936319481921208,60.0,75.61521846696849,3.581580443433769,24.033155896524548,Low,seller,99.3646,40.0,100.0,81.68
6235903333ba7de1928c869e268e5964,1,135.48000000000002,1,3.0,-16.262013888888887,0.0,0.0493773787349905,0.0,60.0,78.94692402645357,1.762364980102331,24.033088315598768,Low,seller,99.3646,3.3333333333333335,100.0,70.68
9523fb39dd240aa958e040f8183d64f3,1,168.29000000000002,1,3.0,-16.200266203703702,0.0,0.06252091107553114,0.0,60.0,78.92042634496346,1.762364980102331,24.033056723077408,Low,seller,99.3646,3.3333333333333335,100.0,70.68
9fe7c6641c79970ab48185498f547c09,1,164.71,1,3.0,-16.206145833333334,0.0,0.06108677984178728,0.0,60.0,78.92294946065174,1.762364980102331,24.03300495106053,Low,seller,99.3646,3.3333333333333335,100.0,70.68
bff9deb0ec77d437f3305a79cf25529e,5,242.74,5,3.0,-12.38885185185185,100.0,0.09234523240296941,0.21586616297895306,60.0,77.28484044049824,3.581580443433769,24.03255422088374,Low,seller,99.3646,16.666666666666664,100.0,74.68
81336a0f57a33776419727a300249e90,16,1670.88,19,3.0,-7.413786008230454,100.0,0.6644514279780898,0.809498111171074,60.0,75.14989870590047,3.581580443433769,24.032352806414643,Low,seller,99.3646,53.333333333333336,100.0,85.68
a64e44665225d19dfc0277eeeaaccc57,6,426.76,6,3.0,-6.176284722222223,300.0,0.16606278257993637,0.26983270372369134,60.0,74.61885183633899,7.220011370096646,24.032105923165417,Low,seller,99.3646,20.0,100.0,75.68
c092292535a57dacd95a8765f5518f87,1,143.98,1,3.0,-16.229976851851852,0.0,0.0527824389268404,0.0,60.0,78.93317602601034,1.762364980102331,24.032047633589833,Low,seller,99.3646,3.3333333333333335,100.0,70.68
0f80a40c312b2472dca482cf50f5186f,1,150.0,1,3.0,-16.20837962962963,0.0,0.05519402273330351,0.0,60.0,78.92390804594277,1.762364980102331,24.03138091172164,Low,seller,99.3646,3.3333333333333335,100.0,70.68
be67f78487e2cecb0d55bc769709e4f5,1,125.64,1,3.0,-16.252534722222222,0.0,0.045435520818778365,0.0,60.0,78.94285624742069,1.762364980102331,24.03129559136897,Low,seller,99.3646,3.3333333333333335,100.0,70.68
7210cd29727d674c00741e5e387b3ccd,9,874.18,13,3.0,-4.678176638176638,300.0,0.34529713917258154,0.4317323259579061,60.0,73.97597120478557,7.220011370096646,24.02991904096875,Low,seller,99.3646,30.0,100.0,78.68
6b1c4d4d9ccf0be3d8544eb0e71e5318,1,1759.04,1,3.0,-13.178055555555556,0.0,0.6997679110973235,0.0,60.0,77.62351011384467,1.762364980102331,24.02969338841613,Low,seller,99.3646,3.3333333333333335,100.0,70.68
0f0c984a4a955310903b6b6008660bad,4,481.38,4,3.0,-9.277511574074074,200.0,0.18794329877744717,0.16189962223421478,60.0,75.94967615959143,5.400795906765207,24.02938890980702,Low,seller,99.3646,13.333333333333334,100.0,73.68
c0aff2da32c17759d30b22fb0af6649d,4,272.33000000000004,5,3.0,-17.201631944444443,-66.66666666666666,0.10419884782377395,0.16189962223421478,60.0,79.3501407605515,0.5495546712147056,24.02921114110988,Low,seller,99.3646,13.333333333333334,100.0,73.68
ede0c03645598cdfc63ca8237acbe73d,46,3269.87,50,3.0,-3.484454540977147,-90.9090909090909,1.304999333409393,2.4284943335132216,60.0,73.46371122573618,0.10853274071011426,24.029033341332557,Low,seller,99.3646,100.0,100.0,99.68
b7cc6c5e001441ae8cdd5c69a480cbe4,6,872.3,6,3.0,-13.772645833333334,0.0,0.3445440199772077,0.26983270372369134,60.0,77.8786656512616,1.762364980102331,24.02885772762356,Low,seller,99.3646,20.0,100.0,75.68
b05b432bf68945d4d9783f9e3ca29ee8,2,250.89,2,3.0,-15.76916087962963,0.0,0.09561008423397842,0.053966540744738264,60.0,78.73542683394129,1.762364980102331,24.028725183557803,Low,seller,99.3646,6.666666666666667,100.0,71.68
d8cf3b6a2151949f930d0252b180ec42,6,1030.18,19,3.0,-15.354049707602337,-66.66666666666666,0.40779000857594455,0.26983270372369134,60.0,78.55729086679723,0.5495546712147056,24.02834427564476,Low,seller,99.3646,20.0,100.0,75.68
4867209cb29b56b92893d7bde3ce8012,1,169.15,1,3.0,-16.101076388888888,0.0,0.062865423047883,0.0,60.0,78.87786118463163,1.762364980102331,24.026775302619342,Low,seller,99.3646,3.3333333333333335,100.0,70.68
52f0fe436a347ddad7ed5f9aa4e27eaa,21,1960.9,23,3.0,-6.679248787477955,66.66666666666666,0.7806320817240084,1.0793308148947653,60.0,74.83468796950176,2.9751752889899565,24.026743052565156,Low,seller,99.3646,70.0,100.0,90.68
411f3b52d857390502ee4e4d5ceabc2d,21,2182.7200000000003,30,3.0,-6.258353009259259,66.66666666666666,0.8694921348717904,1.0793308148947653,60.0,74.6540696639195,2.9751752889899565,24.026308322672147,Low,seller,99.3646,70.0,100.0,90.68
5c3460cd3e8a984382ae254e7dd20d9f,9,974.3,10,3.0,-12.89041435185185,0.0,0.3854047422794065,0.4317323259579061,60.0,77.50007512229288,1.762364980102331,24.024802270527466,Low,seller,99.3646,30.0,100.0,78.68
57c764b4a836300be881e2ff86e449f9,29,1681.1100000000001,30,3.0,-8.78587803320562,-50.0,0.6685495180678103,1.5110631408526713,60.0,75.73870227552237,0.8527572484366117,24.024411706805527,Low,seller,99.3646,96.66666666666667,100.0,98.68
e2c92f9c1c7746d899d18f2e158bbff7,14,2286.61,14,3.0,-9.380104166666667,0.0,0.9111099823225299,0.7015650296815974,60.0,75.99370154829404,1.762364980102331,24.024015982371495,Low,seller,99.3646,46.666666666666664,100.0,83.68
7a425d299613df3e613bcf9d2eaf5c49,18,1505.47,18,3.0,-11.406756687242797,-50.0,0.5981889566446905,0.9174311926605505,60.0,76.86339557520893,0.8527572484366117,24.023599546283542,Low,seller,99.3646,60.0,100.0,87.68
385799a1cddbd26dfeb9157356a42282,5,716.54,7,3.0,-14.186388888888887,0.0,0.2821472934498499,0.21586616297895306,60.0,78.05621452085859,1.762364980102331,24.023279404918714,Low,seller,99.3646,16.666666666666664,100.0,74.68
6e13dd869aa7185f601c941423abcc8f,5,598.08,6,3.0,-11.568939043209875,100.0,0.23469277223496293,0.21586616297895306,60.0,76.9329926200025,3.581580443433769,24.022481309758977,Low,seller,99.3646,16.666666666666664,100.0,74.68
5566627eab3fe93fd6ee08798226101a,5,187.81,5,3.0,-16.563442129629628,-50.0,0.07034053165728527,0.21586616297895306,60.0,79.07627542628859,0.8527572484366117,24.02178573902887,Low,seller,99.3646,16.666666666666664,100.0,74.68
fadb07c842a2aef5d5a676b85f220e71,7,570.37,7,3.0,-15.426787367724868,-50.0,0.22359227600953221,0.32379924446842956,60.0,78.58850465796176,0.8527572484366117,24.021578917457894,Low,seller,99.3646,23.333333333333332,100.0,76.68
1e26c56af8d48424e1df0140a2401f83,2,292.39,2,3.0,-15.580636574074074,0.0,0.1122347898765397,0.053966540744738264,60.0,78.6545257121134,1.762364980102331,24.02157742697639,Low,seller,99.3646,6.666666666666667,100.0,71.68
b43d8b707f887a30f4675391098354a0,3,1526.76,4,3.0,-10.239363425925927,100.0,0.6067176309369828,0.10793308148947653,60.0,76.36243404573108,3.581580443433769,24.021521710856504,Low,seller,99.3646,10.0,100.0,72.68
b88e7c57cb2d8b973b7dd4a2bfa14b36,4,419.6700000000001,4,3.0,-14.916964699074075,0.0,0.1632225617846169,0.16189962223421478,60.0,78.36972530372626,1.762364980102331,24.02113696766311,Low,seller,99.3646,13.333333333333334,100.0,73.68
e5c84227854980f1db19a58958c551d9,4,141.64000000000001,4,3.0,-9.778191550925925,200.0,0.051845045885789955,0.16189962223421478,60.0,76.16453212569466,5.400795906765207,24.02078782885501,Low,seller,99.3646,13.333333333333334,100.0,73.68
ca4b77513ac2040591b0d8fae6958380,14,1973.6200000000001,15,3.0,-2.376418209876543,266.66666666666663,0.7857276541522826,0.7015650296815974,60.0,72.9882214370432,6.613606215652832,24.020703390787848,Low,seller,99.3646,46.666666666666664,100.0,83.68
3ded4e2d5f135cb103e5949d7263d2dd,1,62.379999999999995,1,3.0,-16.199895833333333,0.0,0.020093861085081315,0.0,60.0,78.92026740854214,1.762364980102331,24.020304767617077,Low,seller,99.3646,3.3333333333333335,100.0,70.68
83c8aafbefb034674a70de0eac5b8954,2,185.87,2,3.0,-15.757881944444446,0.0,0.0695633767429101,0.053966540744738264,60.0,78.73058672323612,1.762364980102331,24.020185154704706,Low,seller,99.3646,6.666666666666667,100.0,71.68
525e75a6fb1454a2325ab1734bcec221,10,777.07,11,3.0,-12.974456018518518,0.0,0.30639532796898816,0.48569886670264434,60.0,77.53613978299317,1.762364980102331,24.020000780525564,Low,seller,99.3646,33.33333333333333,100.0,79.68
085f6f7e049c996695fb2074fe38d45e,6,435.96000000000004,8,3.0,-14.449039351851852,0.0,0.16974825949346806,0.26983270372369134,60.0,78.16892527738254,1.762364980102331,24.019957943396577,Low,seller,99.3646,20.0,100.0,75.68
6d1b9c9579132c87d2703ec38c30f2c5,4,367.39,4,3.0,-14.995578703703703,0.0,0.1422794386281565,0.16189962223421478,60.0,78.4034608008399,1.762364980102331,24.01991435528322,Low,seller,99.3646,13.333333333333334,100.0,73.68
120476eb7a04c149d14772edaf5d9bf2,4,2519.63,6,3.0,-12.858169367283951,-66.66666666666666,1.0044567030172198,0.16189962223421478,60.0,77.48623788567143,0.5495546712147056,24.019703066435905,Low,seller,99.3646,13.333333333333334,100.0,73.68
d2df77822373f19934e87694d8640767,2,196.4,2,3.0,-15.714658564814815,0.0,0.0737816454276371,0.053966540744738264,60.0,78.71203834619303,1.762364980102331,24.018668378753663,Low,seller,99.3646,6.666666666666667,100.0,71.68
4c4d546adf3c3868fe19c9ec6e9ffda9,2,157.08999999999997,3,3.0,-15.781496913580247,0.0,0.058034243528623,0.053966540744738264,60.0,78.74072057568229,1.762364980102331,24.018246492607346,Low,seller,99.3646,6.666666666666667,100.0,71.68
d4f117125b59ce73c3302f88ee40c458,17,998.61,17,3.0,-11.034194580610022,0.0,0.3951432144280973,0.8634646519158122,60.0,76.70351861776126,1.762364980102331,24.016173417981804,Low,seller,99.3646,56.666666666666664,100.0,86.68
b2eecf5ea250510da76590ca79d60e5d,9,1213.15,11,3.0,-12.299505471380472,0.0,0.4810869336703889,0.4317323259579061,60.0,77.24649937678184,1.762364980102331,24.015470566118104,Low,seller,99.3646,30.0,100.0,78.68
db46ca7bce82b11f7e247539271fc390,16,1149.86,16,3.0,-12.83427951388889,-66.66666666666666,0.4557332560771911,0.809498111171074,60.0,77.47598607260007,0.5495546712147056,24.015447882627402,Low,seller,99.3646,53.333333333333336,100.0,85.68
5d76d80a2f5f39c891b996a1bf4c9853,6,1409.75,6,3.0,-9.732384259259259,100.0,0.5598439729312936,0.26983270372369134,60.0,76.1448749187748,3.581580443433769,24.01530064996991,Low,seller,99.3646,20.0,100.0,75.68
15ead3a5037a918ddb520dfe39a3d2b9,7,433.95,8,3.0,-5.684267526455026,300.0,0.1689430629069247,0.32379924446842956,60.0,74.40771331508104,7.220011370096646,24.014790864261002,Low,seller,99.3646,23.333333333333332,100.0,76.68
30c7f28fd3a5897b2c82d152bb760c17,7,2503.16,7,3.0,-1.8073456790123459,300.0,0.9978588981513649,0.32379924446842956,60.0,72.7440162879369,7.220011370096646,24.013911060762716,Low,seller,99.3646,23.333333333333332,100.0,76.68
9ac4f14370b1e24ddc58be041b7f99df,5,436.65,5,3.0,-14.562967592592594,0.0,0.1700246702619829,0.21586616297895306,60.0,78.21781511392984,1.762364980102331,24.01388270692304,Low,seller,99.3646,16.666666666666664,100.0,74.68
23ff42c4bf1f8f16cddb19d8b972974a,2,227.67000000000002,3,3.0,-15.572175925925926,0.0,0.08630826098047788,0.053966540744738264,60.0,78.65089500823912,1.762364980102331,24.013254862726427,Low,seller,99.3646,6.666666666666667,100.0,71.68
74bafed391319577bce6f4d2acc0589a,3,2084.73,3,3.0,-11.876979166666667,0.0,0.8302377997895112,0.10793308148947653,60.0,77.06518136607542,1.762364980102331,24.01206831323077,Low,seller,99.3646,10.0,100.0,72.68
e94b64dc6979b302a5a5be1662c83bb6,2,338.63,2,3.0,-15.325214120370372,0.0,0.13075831732020318,0.053966540744738264,60.0,78.54491669918654,1.762364980102331,24.010693133270458,Low,seller,99.3646,6.666666666666667,100.0,71.68
4c1c7281388a33dd06daac44f9fadbd1,5,269.90999999999997,5,3.0,-15.764891203703703,-33.33333333333333,0.10322940715738842,0.21586616297895306,60.0,78.73359459500938,1.1559598256585182,24.010570534709213,Low,seller,99.3646,16.666666666666664,100.0,74.68
bd65d163ded559eb90a10cd09fec178f,1,38.480000000000004,2,3.0,-16.09025462962963,0.0,0.010519633016232766,0.0,60.0,78.87321726107149,1.762364980102331,24.010374977075827,Low,seller,99.3646,3.3333333333333335,100.0,70.68
15cd6eefe58588619aaed41dfa6621b1,16,2188.86,18,3.0,-10.33813978909465,-50.0,0.8719517901162561,0.809498111171074,60.0,76.40482178224536,0.8527572484366117,24.00995905700811,Low,seller,99.3646,53.333333333333336,100.0,85.68
b01c2b7b8599b325103ebcddc67413e1,4,242.12,4,3.0,-9.419817708333333,200.0,0.0920968633066227,0.16189962223421478,60.0,76.01074375440707,5.400795906765207,24.00979511838812,Low,seller,99.3646,13.333333333333334,100.0,73.68
e1c76f339ebd5460999f25a2aa8c92c5,1,928.6999999999999,1,3.0,-14.41400462962963,0.0,0.3671375958384235,0.0,60.0,78.15389088527934,1.762364980102331,24.00946140955366,Low,seller,99.3646,3.3333333333333335,100.0,70.68
ac6417315ae5da8f9a38ee11de6f7780,8,971.43,8,3.0,-12.865848214285716,0.0,0.38425503372051134,0.37776578521316784,60.0,77.4895330965195,1.762364980102331,24.0093844189076,Low,seller,99.3646,26.666666666666668,100.0,77.68
c7a0a13cbcf29d5ce51c8f80afdc0b89,8,657.8000000000001,9,3.0,-13.447678755144032,0.0,0.2586163245475837,0.37776578521316784,60.0,77.7392130692448,1.762364980102331,24.00914480206452,Low,seller,99.3646,26.666666666666668,100.0,77.68
6c9875b2f94ba781186f0c1aed8d1687,2,63.050000000000004,4,3.0,-15.791371527777777,0.0,0.02036225994726243,0.053966540744738264,60.0,78.74495805245667,1.762364980102331,24.007580519049096,Low,seller,99.3646,6.666666666666667,100.0,71.68
acf974e4d5950ad143a247471b831eb9,5,753.62,12,3.0,-15.282298418209876,-50.0,0.2970013677926493,0.21586616297895306,60.0,78.52650035526429,0.8527572484366117,24.00731772921584,Low,seller,99.3646,16.666666666666664,100.0,74.68
e5475dcab1e07b63d7f6e902d8f5eda8,19,2443.22,19,3.0,-9.664354288499025,-66.66666666666666,0.9738472148690727,0.9713977334052887,60.0,76.11568133051993,0.5495546712147056,24.007311264511504,Low,seller,99.3646,63.33333333333333,100.0,88.68
6f83d9e4da896daae20b9b6b2d3ff8d2,11,985.04,11,3.0,-14.296315235690235,-75.0,0.38970713598063805,0.5396654074473827,60.0,78.10338703131269,0.3979533826037522,24.007131885613315,Low,seller,99.3646,36.666666666666664,100.0,80.68
1dc2de47ee26a0a5b12dc14fd6dc0dea,25,2287.5,27,3.0,-8.222050325788752,-50.0,0.9114665121543825,1.2951969778737182,60.0,75.4967478287827,0.8527572484366117,24.00702709727581,Low,seller,99.3646,83.33333333333334,100.0,94.68
973f21788dfab357250f69a8dcb7ddee,10,1445.65,21,3.0,-11.5062408625731,0.0,0.574225344800401,0.48569886670264434,60.0,76.9060870539794,1.762364980102331,24.005841876222924,Low,seller,99.3646,33.33333333333333,100.0,79.68
caa9bc43a9fe8cf9c564ddd8a03cc4a6,13,1037.74,14,3.0,-10.679217096560846,33.33333333333333,0.4108185091701075,0.6475984889368591,60.0,76.55118772016907,2.368770134546143,24.00470034646522,Low,seller,99.3646,43.333333333333336,100.0,82.68
3fe7120d6257285ac6a3ce7cb071ccec,2,228.26,2,3.0,-15.436371527777778,0.0,0.08654461221732392,0.053966540744738264,60.0,78.59261749263193,1.762364980102331,24.004584140756403,Low,seller,99.3646,6.666666666666667,100.0,71.68
ae8bfdbf1c2a2a2dee92d799db0a31c6,8,486.14000000000004,8,3.0,-15.107581018518518,-50.0,0.18985013248488314,0.37776578521316784,60.0,78.4515241679964,0.8527572484366117,24.004400836091875,Low,seller,99.3646,26.666666666666668,100.0,77.68
89de2d6f23e9746ff309705b23581faa,8,500.08,8,3.0,-16.088311631944443,-85.71428571428571,0.19543443119951695,0.37776578521316784,60.0,78.87238346570501,0.20303744010395527,24.004233039529293,Low,seller,99.3646,26.666666666666668,100.0,77.68
8dfbc5ff27df12f6cef751d3b9554222,4,316.12,4,3.0,-12.01952835648148,100.0,0.12174091674155127,0.16189962223421478,60.0,77.12635326291755,3.581580443433769,24.004108214362027,Low,seller,99.3646,13.333333333333334,100.0,73.68
0d33a55da925bbf1ff02af5f6059fc7f,22,932.91,24,3.0,-11.794989390432098,-66.66666666666666,0.368824102121681,1.1332973556395036,60.0,77.02999722970506,0.5495546712147056,24.00342662112361,Low,seller,99.3646,73.33333333333333,100.0,91.68
4e326052e5dbba8adcd512f3450a307e,3,655.96,6,3.0,-11.583570601851852,100.0,0.2578792291648773,0.10793308148947653,60.0,76.93927143643808,3.581580443433769,24.003395798930917,Low,seller,99.3646,10.0,100.0,72.68
6ee85be3693ed79a8e80718743d80655,9,655.32,13,3.0,-4.65125462962963,300.0,0.2576228481621969,0.4317323259579061,60.0,73.9644182080147,7.220011370096646,24.001883804150005,Low,seller,99.3646,30.0,100.0,78.68
f918546be4bec7104d117789ba758b2b,20,1830.15,23,3.0,-9.572882447665057,-33.33333333333333,0.7282542440670231,1.0253642741500268,60.0,76.07642817153163,1.1559598256585182,24.001877550053212,Low,seller,99.3646,66.66666666666666,100.0,89.68
373ee4a3a775a733770ca3f790b8b9ac,13,2431.81,22,3.0,-8.959138257575757,0.0,0.96927642230566,0.6475984889368591,60.0,75.81305314756717,1.762364980102331,24.000877019071222,Low,seller,99.3646,43.333333333333336,100.0,82.68
bafc5aa11e413978be29040f51342e70,9,1829.47,9,3.0,-11.484389146090535,-20.0,0.7279818392516751,0.4317323259579061,60.0,76.89670986321296,1.3985218874360432,24.000686301490525,Low,seller,99.3646,30.0,100.0,78.68
c7bb64409aa480bb7d0335faaaf3d242,4,165.16,4,3.0,-16.950931712962962,-66.66666666666666,0.061267047734296975,0.16189962223421478,60.0,79.24255818699635,0.5495546712147056,24.000194215049763,Low,seller,99.3646,13.333333333333334,100.0,73.68
e0a3c37054ade6478d923a6efc10f308,2,254.98000000000002,2,3.0,-15.300538194444444,0.0,0.09724851907923326,0.053966540744738264,60.0,78.53432756011682,1.762364980102331,23.99905182293771,Low,seller,99.3646,6.666666666666667,100.0,71.68
439a47cc365d6e3bd526812ea9de3c29,8,1410.93,13,3.0,-11.88321136039886,0.0,0.5603166754049859,0.37776578521316784,60.0,77.06785577701092,1.762364980102331,23.998951313486657,Low,seller,99.3646,26.666666666666668,100.0,77.68
4f1f1c8666cdb6442f775c4e8caed465,2,1070.39,2,3.0,-13.773697916666666,0.0,0.423897946259978,0.053966540744738264,60.0,77.87911713003338,1.762364980102331,23.998765086579418,Low,seller,99.3646,6.666666666666667,100.0,71.68
02b72cdeb9cfcc429f1af6f4e3f3b737,4,748.6400000000001,4,3.0,-8.285228587962962,200.0,0.29500640311554194,0.16189962223421478,60.0,75.52385941139784,5.400795906765207,23.99763532887941,Low,seller,99.3646,13.333333333333334,100.0,73.68
6e864f5c4669eff3d98140a07cc50202,13,932.3599999999999,13,3.0,-10.713774038461539,33.33333333333333,0.3686037746975024,0.6475984889368591,60.0,76.56601708319718,2.368770134546143,23.994260330577657,Low,seller,99.3646,43.333333333333336,100.0,82.68
3d4b1ae7539303b5704493798893e82c,6,1221.69,9,3.0,-9.742773919753086,100.0,0.4845080176749063,0.26983270372369134,60.0,76.14933341651006,3.581580443433769,23.99336863805328,Low,seller,99.3646,20.0,100.0,75.68
15fa791d5e017f66402dc28c44480657,8,1983.29,8,3.0,-7.887003761574075,100.0,0.7896014108646577,0.37776578521316784,60.0,75.35296985368461,3.581580443433769,23.992425391958758,Low,seller,99.3646,26.666666666666668,100.0,77.68
29e6e05b65f93bc224c644319dc52ecf,4,558.9200000000001,4,3.0,-14.186218171296296,0.0,0.21900545963345208,0.16189962223421478,60.0,78.05614126110189,1.762364980102331,23.990834230624102,Low,seller,99.3646,13.333333333333334,100.0,73.68
83353a83fd769dfafa4f21a72b15e3e5,5,674.33,5,3.0,-8.099787037037038,200.0,0.26523816513244,0.21586616297895306,60.0,75.44428118693918,5.400795906765207,23.990259759001866,Low,seller,99.3646,16.666666666666664,100.0,74.68
0afccdb8a34ee5c79f7c06faf2b4d56e,25,1613.78,25,3.0,-9.689338348765432,-66.66666666666666,0.6415774353951921,1.2951969778737182,60.0,76.12640269876692,0.5495546712147056,23.990188347023494,Low,seller,99.3646,83.33333333333334,100.0,94.68
519a7aa428f18d125a283cf8c014fdd6,3,152.79999999999998,3,3.0,-15.142986111111112,0.0,0.05631568962003052,0.10793308148947653,60.0,78.46671749652091,1.762364980102331,23.99012209974675,Low,seller,99.3646,10.0,100.0,72.68
0aa2205ca24f113f4658a5c536667426,4,988.1,11,3.0,-13.369831649831651,0.0,0.39093295764970404,0.16189962223421478,60.0,77.70580667036022,1.762364980102331,23.98986229141773,Low,seller,99.3646,13.333333333333334,100.0,73.68
7c51de0ab286204ce75ff42bf7c10d92,4,908.64,4,3.0,-15.399039351851851,-66.66666666666666,0.3591016537856578,0.16189962223421478,60.0,78.57659719804029,0.5495546712147056,23.98965044852176,Low,seller,99.3646,13.333333333333334,100.0,73.68
ec933281fb017b5020d06df29c3f77e8,8,1662.85,8,3.0,-12.67357494212963,-50.0,0.6612346475850832,0.37776578521316784,60.0,77.40702318688683,0.8527572484366117,23.989141043455504,Low,seller,99.3646,26.666666666666668,100.0,77.68
8ec76bb0965af3f007692b26fa9d6623,1,2028.75,1,3.0,-12.043680555555556,0.0,0.8078124739613044,0.0,60.0,77.136717655954,1.762364980102331,23.989087888591726,Low,seller,99.3646,3.3333333333333335,100.0,70.68
a4b8d97cd5d3674eeff96abc99d8ed67,1,233.38000000000002,1,3.0,-15.384918981481482,0.0,0.08859566023876764,0.0,60.0,78.57053774697789,1.762364980102331,23.98839585812855,Low,seller,99.3646,3.3333333333333335,100.0,70.68
615c3462099ffa940d37b17dfda19594,2,261.05,2,3.0,-15.117349537037036,0.0,0.09968013265153079,0.053966540744738264,60.0,78.45571611610842,1.762364980102331,23.98798959040814,Low,seller,99.3646,6.666666666666667,100.0,71.68
e84ad2127668df3aafc6b73531a0beb8,19,1273.73,23,3.0,-6.8336025563607095,100.0,0.5053549979553614,0.9713977334052887,60.0,74.9009255457346,3.581580443433769,23.987752808941494,Low,seller,99.3646,63.33333333333333,100.0,88.68
cac63f48c38cd7d002a7e846dcd99a23,10,1014.62,10,3.0,-12.029729166666666,0.0,0.40155674544827574,0.48569886670264434,60.0,77.13073071963382,1.762364980102331,23.98773784626545,Low,seller,99.3646,33.33333333333333,100.0,79.68
461ff5303b6c9c1a4a07f40c5aece516,3,161.43,3,3.0,-15.089513888888888,0.0,0.05977282720304991,0.10793308148947653,60.0,78.44377105069441,1.762364980102331,23.987717274147677,Low,seller,99.3646,10.0,100.0,72.68
9b00cad94ef3078faf6fba2e792c158f,1,373.82,1,3.0,-15.097604166666667,0.0,0.1448552665144618,0.0,60.0,78.44724281814737,1.762364980102331,23.986779500686676,Low,seller,99.3646,3.3333333333333335,100.0,70.68
606ce7768feac12c5e8bd58db8b08f0f,5,3018.8599999999997,5,3.0,-9.310631944444445,0.0,1.2044459029674819,0.21586616297895306,60.0,75.963889049067,1.762364980102331,23.986120167005268,Low,seller,99.3646,16.666666666666664,100.0,74.68
20a7efa9721046319bdde5d60b6b5365,3,596.59,6,3.0,-15.660233410493829,-50.0,0.2340958852130975,0.10793308148947653,60.0,78.68868297019921,0.8527572484366117,23.985790206309844,Low,seller,99.3646,10.0,100.0,72.68
7e79d65b5c6f1f544b7daea036acf720,4,579.8900000000001,4,3.0,-14.068657407407407,0.0,0.22740594342440415,0.16189962223421478,60.0,78.00569260593497,1.762364980102331,23.985787077486354,Low,seller,99.3646,13.333333333333334,100.0,73.68
edd066cd02126d7800f9b66e980e9931,6,1173.93,6,3.0,-12.533180941358026,0.0,0.4653755853498767,0.26983270372369134,60.0,77.3467761427359,1.762364980102331,23.985323770956505,Low,seller,99.3646,20.0,100.0,75.68
a90a5da8b09e44264a177c0374a5ac87,3,147.3,3,3.0,-16.485586419753087,-50.0,0.05411241537824531,0.10793308148947653,60.0,79.0428653349417,0.8527572484366117,23.984922520070757,Low,seller,99.3646,10.0,100.0,72.68
a513150f33f99a06569e9cd5c4bb889b,2,711.25,2,3.0,-14.221116898148148,0.0,0.28002814422456923,0.053966540744738264,60.0,78.0711172937379,1.762364980102331,23.98440417052447,Low,seller,99.3646,6.666666666666667,100.0,71.68
c76d418370990614e89e956c7a7567d9,2,369.77,2,3.0,-14.84693287037037,0.0,0.14323285548187448,0.053966540744738264,60.0,78.33967266150015,1.762364980102331,23.983648889066004,Low,seller,99.3646,6.666666666666667,100.0,71.68
39c763cca83e654764b7a4a650fb9b7c,11,984.21,11,3.0,-6.157607323232323,200.0,0.38937464186778686,0.5396654074473827,60.0,74.610836835161,5.400795906765207,23.983433860372852,Low,seller,99.3646,36.666666666666664,100.0,80.68
21c62b998a043ebe31161d38f84929fc,4,841.33,4,3.0,-15.420567129629628,-66.66666666666666,0.3321375830193734,0.16189962223421478,60.0,78.58583537752888,0.5495546712147056,23.98294695421517,Low,seller,99.3646,13.333333333333334,100.0,73.68
5f06030071324cc52bf0304014ac7234,4,884.31,4,3.0,-13.44962673611111,0.0,0.34935516973063324,0.16189962223421478,60.0,77.74004900307875,1.762364980102331,23.98252530494979,Low,seller,99.3646,13.333333333333334,100.0,73.68
0ad80de75c811326389cfb1daba7d45e,6,1564.72,6,3.0,-11.758626543209877,0.0,0.6219242291584678,0.26983270372369134,60.0,77.01439290152857,1.762364980102331,23.98243087791798,Low,seller,99.3646,20.0,100.0,75.68
aadfe0417e61315688b6bd7043361e25,1,304.17999999999995,1,3.0,-15.154178240740741,0.0,0.11695780866029384,0.0,60.0,78.47152035650234,1.762364980102331,23.98205189408367,Low,seller,99.3646,3.3333333333333335,100.0,70.68
22a23e5ac7061fc538cc2a019afaaf16,1,109.42,1,3.0,-15.51226851851852,0.0,0.03893786478209538,0.0,60.0,78.62518704209238,1.762364980102331,23.98169591375872,Low,seller,99.3646,3.3333333333333335,100.0,70.68
4e0d109ccfba9a1151c103049880c857,2,347.73,2,3.0,-14.857077546296296,0.0,0.13440373470206604,0.053966540744738264,60.0,78.34402602941506,1.762364980102331,23.981653158019295,Low,seller,99.3646,6.666666666666667,100.0,71.68
a2b911e9ad40dc7d61c142a4683e2d85,1,120.30000000000001,1,3.0,-15.477592592592593,0.0,0.04329634182766326,0.0,60.0,78.6103066196473,1.762364980102331,23.980771393505627,Low,seller,99.3646,3.3333333333333335,100.0,70.68
c8771b1a10bb99bb34d3c459c5cffb53,1,96.10000000000001,1,3.0,-15.507048611111111,0.0,0.03360193516380823,0.0,60.0,78.62294703190454,1.762364980102331,23.979759133345055,Low,seller,99.3646,3.3333333333333335,100.0,70.68
e5cbe890e679490127e9a390b46bbd20,2,937.71,2,3.0,-13.688460648148148,0.0,0.37074695964178445,0.053966540744738264,60.0,77.84253940269805,1.762364980102331,23.977333131493662,Low,seller,99.3646,6.666666666666667,100.0,71.68
539ed9e19811677513447759be5eccfc,2,63.919999999999995,2,3.0,-15.294010416666666,0.0,0.02071077787278118,0.053966540744738264,60.0,78.53152630569126,1.762364980102331,23.975670312411943,Low,seller,99.3646,6.666666666666667,100.0,71.68
1cbd50a8c52e6cf8e315c5709fab386f,9,1006.6600000000001,9,3.0,-12.062681327160496,0.0,0.3983680067274375,0.4317323259579061,60.0,77.14487142548471,1.762364980102331,23.97541069534065,Low,seller,99.3646,30.0,100.0,78.68
91f5779a8731baca4809fdeade81803f,6,2117.09,6,3.0,-12.030501543209878,-50.0,0.8432010642375423,0.26983270372369134,60.0,77.13106216829576,0.8527572484366117,23.97535354529021,Low,seller,99.3646,20.0,100.0,75.68
7bcd7c5f8631701474db233ccf1c094b,11,860.94,11,3.0,-11.906885127314816,0.0,0.33999325717962947,0.5396654074473827,60.0,77.07801486125074,1.762364980102331,23.974853056213576,Low,seller,99.3646,36.666666666666664,100.0,80.68
d9d43faf741ceaa8da52fdbb81d9e0e3,6,421.25,8,3.0,-15.188873456790125,-50.0,0.16385550238498425,0.26983270372369134,60.0,78.486409056886,0.8527572484366117,23.974851910022977,Low,seller,99.3646,20.0,100.0,75.68
a06c8ff043abea0528ee44171e2140a2,8,606.9300000000001,8,3.0,-10.180092592592592,100.0,0.2382380407876537,0.37776578521316784,60.0,76.33699925155845,3.581580443433769,23.974620790616733,Low,seller,99.3646,26.666666666666668,100.0,77.68
42ef3192a9ff87a22d1867b74b3ee205,23,1655.97,23,3.0,-10.245952093397745,-83.33333333333334,0.6584785518062682,1.1872638963842417,60.0,76.36526142964982,0.24635209399279878,23.973783963484692,Low,seller,99.3646,76.66666666666667,100.0,92.68
112453736dbe3889cfb74e1aaa0ba0c1,7,2154.77,14,3.0,-7.468445767195767,100.0,0.8582954957703546,0.32379924446842956,60.0,75.17335475739529,3.581580443433769,23.972599717800883,Low,seller,99.3646,23.333333333333332,100.0,76.68
fc59392d66ef99377e50356ee4f3b4e1,5,606.96,5,3.0,-13.597136574074074,0.0,0.23825005864715437,0.21586616297895306,60.0,77.80334965461377,1.762364980102331,23.972180504541186,Low,seller,99.3646,16.666666666666664,100.0,74.68
54583ab379489add547fe47b628db589,10,2391.08,10,3.0,-5.44897337962963,133.33333333333331,0.9529601750569487,0.48569886670264434,60.0,74.30674192902227,4.1879855978775815,23.97212261833384,Low,seller,99.3646,33.33333333333333,100.0,79.68
29fe9f200d3fa0c668d2aa1ec7e08dfb,5,514.16,5,3.0,-15.182108796296296,-50.0,0.20107481325848717,0.21586616297895306,60.0,78.4835061493743,0.8527572484366117,23.972090631972094,Low,seller,99.3646,16.666666666666664,100.0,74.68
2cb98e27ce1c18abdb42209b34c382a7,1,119.7,1,3.0,-15.330821759259258,0.0,0.04305598463765032,0.0,60.0,78.54732309594043,1.762364980102331,23.971251757792594,Low,seller,99.3646,3.3333333333333335,100.0,70.68
d180e07dc1e58c31c3f0cd599dc4d945,1,72.96,1,3.0,-15.413298611111111,0.0,0.024332159535642724,0.0,60.0,78.58271625026069,1.762364980102331,23.97094358341003,Low,seller,99.3646,3.3333333333333335,100.0,70.68
bd15ee794d5e640d9dd71b665b2ab15b,12,594.13,12,3.0,-13.5411612654321,-50.0,0.23311042073404445,0.5936319481921208,60.0,77.77932906347326,0.8527572484366117,23.970516197632893,Low,seller,99.3646,40.0,100.0,81.68
5b0cc932433fa5184b5b94bfe6bcc256,12,1994.0900000000001,17,3.0,-8.086074346405228,50.0,0.7939278402848906,0.5936319481921208,60.0,75.43839668280523,2.67197271176805,23.96954311273109,Low,seller,99.3646,40.0,100.0,81.68
6bb66d9870c2e01c05655c7ed0e7ee13,3,321.02,3,3.0,-14.49943287037037,0.0,0.12370383379332356,0.10793308148947653,60.0,78.19055056420692,1.762364980102331,23.968913503151636,Low,seller,99.3646,10.0,100.0,72.68
800214c63934acd05d47e84214db8ba8,4,321.34000000000003,4,3.0,-14.285478395061729,0.0,0.1238320242946638,0.16189962223421478,60.0,78.09873663590966,1.762364980102331,23.968671506243634,Low,seller,99.3646,13.333333333333334,100.0,73.68
7fe21dd00d2f4943ae09525efa2fd674,4,356.96000000000004,4,3.0,-11.382019675925926,100.0,0.13810122947509834,0.16189962223421478,60.0,76.85278022266695,3.581580443433769,23.9679803521445,Low,seller,99.3646,13.333333333333334,100.0,73.68
c8e135e7b21ecbc36c1153a29d2f5a06,7,1267.48,7,3.0,-10.465858134920635,50.0,0.50285127722606,0.32379924446842956,60.0,76.45962934366233,2.67197271176805,23.96794686701108,Low,seller,99.3646,23.333333333333332,100.0,76.68
c0f3eea2e14555b6faeea3dd58c1b1c3,1,95.64999999999999,1,3.0,-15.314710648148148,0.0,0.03342166727129853,0.0,60.0,78.54040936161348,1.762364980102331,23.967324402433647,Low,seller,99.3646,3.3333333333333335,100.0,70.68
c3e1abd72a42fe690fcd89cf5720fe29,13,1967.58,13,3.0,-10.697408297720797,-50.0,0.7833080584394856,0.6475984889368591,60.0,76.5589940800806,0.8527572484366117,23.96601687662181,Low,seller,99.3646,43.333333333333336,100.0,82.68
3ea08c48e851106d2f584349daba335f,1,192.94,1,3.0,-15.091331018518519,0.0,0.07239558563189584,0.0,60.0,78.44455083251145,1.762364980102331,23.96463779857652,Low,seller,99.3646,3.3333333333333335,100.0,70.68
39a5005f2605cbdb4f9ac14485cabfd1,3,733.66,8,3.0,-13.659338831018518,0.0,0.28900548527155234,0.10793308148947653,60.0,77.83004240572723,1.762364980102331,23.96442777482315,Low,seller,99.3646,10.0,100.0,72.68
85cc55e048b6bcc90c75afe7f0e72f72,9,501.76,9,3.0,-8.594420010288067,150.0,0.19610743133155317,0.4317323259579061,60.0,75.65654221244013,4.491188175099489,23.964365460264908,Low,seller,99.3646,30.0,100.0,78.68
918f6fbcf3ab724d805867303e593a1b,2,112.58,3,3.0,-15.021172839506173,0.0,0.040203745982830164,0.053966540744738264,60.0,78.41444396978744,1.762364980102331,23.963955852459385,Low,seller,99.3646,6.666666666666667,100.0,71.68
8378eb36b6b70c5734e83ad7b8cdc3b7,7,1956.67,13,3.0,-10.527563212250714,0.0,0.7789375635344172,0.32379924446842956,60.0,76.48610874091442,1.762364980102331,23.96378388932483,Low,seller,99.3646,23.333333333333332,100.0,76.68
e5545d4d4473876ea78c5bcebca365c3,1,57.47,1,3.0,-15.311944444444444,0.0,0.018126938080142135,0.0,60.0,78.53922230521684,1.762364980102331,23.9625579252168,Low,seller,99.3646,3.3333333333333335,100.0,70.68
d17f467e4bf608a510c20d82f4ba3b6b,12,3556.55,12,3.0,-6.457614688552189,0.0,1.419841998797573,0.5936319481921208,60.0,74.7395784970888,1.762364980102331,23.961533859260854,Low,seller,99.3646,40.0,100.0,81.68
b2c97074649f92197d9387d9033dda5f,10,964.0799999999999,11,3.0,-8.888367003367003,100.0,0.38131065814285287,0.48569886670264434,60.0,75.78268319690335,3.581580443433769,23.961378437997396,Low,seller,99.3646,33.33333333333333,100.0,79.68
dc50afafdfa325eadc890c7fa42a8f4e,4,481.48,4,3.0,-11.016892361111111,100.0,0.187983358309116,0.16189962223421478,60.0,76.69609374507203,3.581580443433769,23.959442019155468,Low,seller,99.3646,13.333333333333334,100.0,73.68
e64d65bc8dbec2accda90c58de5d1246,12,1899.96,12,3.0,-6.69032600308642,100.0,0.756219803125028,0.5936319481921208,60.0,74.83944151662034,3.581580443433769,23.959348199821967,Low,seller,99.3646,40.0,100.0,81.68
152ee17e4c8aaf53dac99f3462e4999b,6,404.93,6,3.0,-13.563597608024692,0.0,0.15731778681663244,0.26983270372369134,60.0,77.78895713387038,1.762364980102331,23.9592335800667,Low,seller,99.3646,20.0,100.0,75.68
1430239a858e7682bbc43b20758af153,18,929.54,23,3.0,-10.061346275252525,0.0,0.36747409590444163,0.9174311926605505,60.0,76.28604184180998,1.762364980102331,23.9587428012182,Low,seller,99.3646,60.0,100.0,87.68
e3a386fc36e22064434e1fa256f6a9fa,16,1047.15,17,3.0,-10.258803104575165,0.0,0.4145881111001437,0.809498111171074,60.0,76.37077616271202,1.762364980102331,23.958603883539848,Low,seller,99.3646,53.333333333333336,100.0,85.68
8bd0e3abda539b9479c4b44a691be1ec,7,845.34,13,3.0,-12.509395254629629,0.0,0.3337439702392932,0.32379924446842956,60.0,77.33656903053303,1.762364980102331,23.95779485477908,Low,seller,99.3646,23.333333333333332,100.0,76.68
b7ed9fb14c8eadb37adb9c45d67ab0fb,7,787.75,11,3.0,-14.023491161616162,-50.0,0.31067368595121836,0.32379924446842956,60.0,77.9863104899659,0.8527572484366117,23.957374215241018,Low,seller,99.3646,23.333333333333332,100.0,76.68
78a4d36f65a019172c6154468831a69f,7,1768.9,7,3.0,-10.76633597883598,0.0,0.7037177809198694,0.32379924446842956,60.0,76.58857290128766,1.762364980102331,23.956587578596448,Low,seller,99.3646,23.333333333333332,100.0,76.68
c3aad7dc65449ae90a5e9c3c6c1e78e0,6,640.36,6,3.0,-13.070034722222223,0.0,0.251629942224541,0.26983270372369134,60.0,77.57715531321725,1.762364980102331,23.955756953591106,Low,seller,99.3646,20.0,100.0,75.68
1d29dfba02015238dfbe2449a5eaa361,12,789.92,12,3.0,-8.706571180555557,100.0,0.3115429777884318,0.5936319481921208,60.0,75.70466945768956,3.581580443433769,23.95572934338137,Low,seller,99.3646,40.0,100.0,81.68
f3c38ab652836d21de61fb8314b69182,15,1828.59,15,3.0,-10.367152777777779,-50.0,0.7276293153729894,0.7555315704263357,60.0,76.41727207784587,0.8527572484366117,23.955038223739024,Low,seller,99.3646,50.0,100.0,84.68
0887a9f087bcd5d9f6642b52f897fc6c,12,1862.35,12,3.0,-11.862310956790123,-83.33333333333334,0.7411534132643839,0.5936319481921208,60.0,77.0588868215565,0.24635209399279878,23.954222243660098,Low,seller,99.3646,40.0,100.0,81.68
6614814a00d344b846ae209f95ee7e3f,1,25.689999999999998,1,3.0,-15.241388888888888,0.0,0.0053960189157903765,0.0,60.0,78.50894491695746,1.762364980102331,23.95419704122859,Low,seller,99.3646,3.3333333333333335,100.0,70.68
83a75eea11694e36e56dd0cb2240229a,3,529.47,3,3.0,-13.87815200617284,0.0,0.20720792755698386,0.10793308148947653,60.0,77.92394133981185,1.762364980102331,23.953973347621474,Low,seller,99.3646,10.0,100.0,72.68
d3891911c2feae53c52fea2bd14054e5,2,166.99,2,3.0,-14.743842592592593,0.0,0.06200013716383643,0.053966540744738264,60.0,78.2954337019814,1.762364980102331,23.952643229642778,Low,seller,99.3646,6.666666666666667,100.0,71.68
07de60b03d150fb3ea09eab5da5e4c8b,9,889.0,9,3.0,-11.927708333333333,0.0,0.35123396176590105,0.4317323259579061,60.0,77.0869506890316,1.762364980102331,23.95258237138422,Low,seller,99.3646,30.0,100.0,78.68
226b05fe067266c59c15dae208213d06,10,1245.58,11,3.0,-13.165035774410775,-75.0,0.49407823979058796,0.48569886670264434,60.0,77.61792295680695,0.3979533826037522,23.952131970394255,Low,seller,99.3646,33.33333333333333,100.0,79.68
1de62b6f2fd96227629786db492433db,2,237.53,2,3.0,-14.601319444444444,0.0,0.09025813080302375,0.053966540744738264,60.0,78.2342729803564,1.762364980102331,23.951946519490782,Low,seller,99.3646,6.666666666666667,100.0,71.68
d7827b2af99326a03b0ed9c7a24db0d3,1,1556.7,1,3.0,-12.346539351851852,0.0,0.6187114547186282,0.0,60.0,77.26668294771632,1.762364980102331,23.95185237658327,Low,seller,99.3646,3.3333333333333335,100.0,70.68
270572bb714b00531be85e16e1550f26,1,111.75999999999999,1,3.0,-15.033252314814815,0.0,0.03987525782314581,0.0,60.0,78.41962761494493,1.762364980102331,23.95114321759892,Low,seller,99.3646,3.3333333333333335,100.0,70.68
84c945f15571830c1a91a33978e94009,2,78.03999999999999,2,3.0,-14.884733796296297,0.0,0.0263671837444189,0.053966540744738264,60.0,78.35589411,1.762364980102331,23.951022404819742,Low,seller,99.3646,6.666666666666667,100.0,71.68
df0f42bc4c2142eacf0eaf2cffd0cfbb,14,1946.45,16,3.0,-8.865519386574075,0.0,0.7748434793978636,0.7015650296815974,60.0,75.77287863709238,1.762364980102331,23.95001259481385,Low,seller,99.3646,46.666666666666664,100.0,83.68
13511db12ac61e2f89c53b72a944a60b,6,1063.97,6,3.0,-12.185244984567902,0.0,0.42132612432683963,0.26983270372369134,60.0,77.19746696403008,1.762364980102331,23.94971255584372,Low,seller,99.3646,20.0,100.0,75.68
bb5d956dece964a06c12bceb66b923ae,2,1328.5,2,3.0,-12.528998842592593,0.0,0.5272956034503755,0.053966540744738264,60.0,77.34498148564529,1.762364980102331,23.94966403707832,Low,seller,99.3646,6.666666666666667,100.0,71.68
34675b28b826facfde119785bf287dc1,1,37.089999999999996,1,3.0,-15.134212962962962,0.0,0.00996280552603613,0.0,60.0,78.46295269004115,1.762364980102331,23.948668243174218,Low,seller,99.3646,3.3333333333333335,100.0,70.68
aded58c8142dedc5494a81f948431fab,4,379.48,5,3.0,-13.864150462962963,0.0,0.14712263600691716,0.16189962223421478,60.0,77.91793288085128,1.762364980102331,23.948538126498555,Low,seller,99.3646,13.333333333333334,100.0,73.68
b8114f2f589a6804810f04f99b36b498,8,1692.03,11,3.0,-10.546150042087543,0.0,0.6729240189260456,0.37776578521316784,60.0,76.49408487630234,1.762364980102331,23.94666788143669,Low,seller,99.3646,26.666666666666668,100.0,77.68
33ab10be054370c254ddfcf0a6253422,4,265.53,4,3.0,-8.35511863425926,200.0,0.101474799670294,0.16189962223421478,60.0,75.55385121077518,5.400795906765207,23.944074617752435,Low,seller,99.3646,13.333333333333334,100.0,73.68
1a8e2d9c38b84a9702ac7922924b0573,1,97.0,1,3.0,-14.947430555555556,0.0,0.03396247094882763,0.0,60.0,78.38279906606972,1.762364980102331,23.94384509920534,Low,seller,99.3646,3.3333333333333335,100.0,70.68
31be790e64fc99f8ff48ec2bd18a3104,6,313.68,6,3.0,-2.1689023919753088,400.0,0.120763464168832,0.26983270372369134,60.0,72.89917051909512,9.039226833428083,23.94248547638865,Low,seller,99.3646,20.0,100.0,75.68
76de363de16dacc923eec8daf91df504,2,410.41999999999996,2,3.0,-14.120885416666667,0.0,0.15951705510525077,0.053966540744738264,60.0,78.02810512472114,1.762364980102331,23.941799018436164,Low,seller,99.3646,6.666666666666667,100.0,71.68
4a82c4af97ffc0fb2dc26bfdc03b1842,3,210.89999999999998,3,3.0,-14.273526234567901,0.0,0.07959027751961634,0.10793308148947653,60.0,78.093607625147,1.762364980102331,23.941137995410536,Low,seller,99.3646,10.0,100.0,72.68
eba88037e1dca898cd02881f67ced679,6,931.57,6,3.0,-9.46403549382716,100.0,0.36828730439731877,0.26983270372369134,60.0,76.0297188591855,3.581580443433769,23.94056024047132,Low,seller,99.3646,20.0,100.0,75.68
48bad451945f5227341793478d6353ea,3,384.49,3,3.0,-13.94000385802469,0.0,0.14912961854352513,0.10793308148947653,60.0,77.95048372217046,1.762364980102331,23.94053121227123,Low,seller,99.3646,10.0,100.0,72.68
03a2a6dcbe45d639c4dc2a0d24769c40,9,1250.6599999999999,9,3.0,-11.9935558127572,-33.33333333333333,0.49611326399936406,0.4317323259579061,60.0,77.11520770840761,1.1559598256585182,23.93964419951628,Low,seller,99.3646,30.0,100.0,78.68
a21c11ec5c3f03e7cc9f9203bff9e1c6,3,475.88,4,3.0,-13.755567129629629,0.0,0.18574002453566194,0.10793308148947653,60.0,77.87133669553398,1.762364980102331,23.9396422800734,Low,seller,99.3646,10.0,100.0,72.68
63a79f5a7eb5cb48a7e5787b141c7993,11,1015.9300000000001,11,3.0,-13.48786510942761,-85.71428571428571,0.4020815253131373,0.5396654074473827,60.0,77.75645817265007,0.20303744010395527,23.93931327936369,Low,seller,99.3646,36.666666666666664,100.0,80.68
7ad41305e96a6cab8294cd65891e9a86,2,237.6,2,3.0,-14.389837962962964,0.0,0.09028617247519193,0.053966540744738264,60.0,78.14352028378892,1.762364980102331,23.93834202750731,Low,seller,99.3646,6.666666666666667,100.0,71.68
f3295428338a40977a03f555246a70f4,7,769.38,7,3.0,-9.513010912698414,100.0,0.3033147499836557,0.32379924446842956,60.0,76.05073559926576,3.581580443433769,23.937712620345444,Low,seller,99.3646,23.333333333333332,100.0,76.68
ab27bbbad5239bc31a34709275a70db4,3,485.04999999999995,11,3.0,-10.849045664983164,100.0,0.18941348358969293,0.10793308148947653,60.0,76.624065971402,3.581580443433769,23.935575255502954,Low,seller,99.3646,10.0,100.0,72.68
62760d278921b5f352461620d68a9cee,3,450.1,3,3.0,-13.732349537037038,0.0,0.17541267727143953,0.10793308148947653,60.0,77.86137336862318,1.762364980102331,23.93504957685751,Low,seller,99.3646,10.0,100.0,72.68
ba5daa4041e1f15cdf34b76e3e18a450,15,959.35,15,3.0,-10.262487654320987,0.0,0.37941584229491765,0.7555315704263357,60.0,76.37235730741901,1.762364980102331,23.934797739418144,Low,seller,99.3646,50.0,100.0,84.68
70126eecc6aa1274392a1743866e9678,3,144.74,3,3.0,-11.470173611111113,100.0,0.05308689136752345,0.10793308148947653,60.0,76.89060957432008,3.581580443433769,23.934658818274016,Low,seller,99.3646,10.0,100.0,72.68
698f5fa55a5f73d0740e9d9a773e8093,4,203.99,6,3.0,-13.97574459876543,0.0,0.07682216388130073,0.16189962223421478,60.0,77.96582108682678,1.762364980102331,23.934631215757193,Low,seller,99.3646,13.333333333333334,100.0,73.68
7dc9a3355bae96dd82008b313d3a456c,1,949.62,1,3.0,-13.192465277777778,0.0,0.3755180498635412,0.0,60.0,77.62969373398622,1.762364980102331,23.933345973067226,Low,seller,99.3646,3.3333333333333335,100.0,70.68
9d39404483343dd55c7ae254494d8388,10,434.28,10,3.0,-10.849030092592592,50.0,0.1690752593614318,0.48569886670264434,60.0,76.62405928884792,2.67197271176805,23.93295345898808,Low,seller,99.3646,33.33333333333333,100.0,79.68
32f83ffe11cd40f7adcf4eef171f52d9,1,45.089999999999996,1,3.0,-14.86863425925926,0.0,0.013167568059541923,0.0,60.0,78.34898534243621,1.762364980102331,23.932534569793525,Low,seller,99.3646,3.3333333333333335,100.0,70.68
5075aaa8404020ae6aa8bf4792099b41,13,2270.52,23,3.0,-9.603208333333333,-50.0,0.9046644036770165,0.6475984889368591,60.0,76.08944186843273,0.8527572484366117,23.931990948445893,Low,seller,99.3646,43.333333333333336,100.0,82.68
3771c85bac139d2344864ede5d9341e3,26,1842.26,30,3.0,-7.644211033950617,-50.0,0.7331054533521174,1.3491635186184565,60.0,75.24878061411411,0.8527572484366117,23.929815332621025,Low,seller,99.3646,86.66666666666667,100.0,95.68
651fe66032c9520ee5587f694908040d,7,592.73,7,3.0,-8.301011904761905,150.0,0.23254958729068093,0.32379924446842956,60.0,75.53063247989655,4.491188175099489,23.929428376798743,Low,seller,99.3646,23.333333333333332,100.0,76.68
651530bf5c607240ccdd89a30c9c9712,1,224.45000000000002,1,3.0,-14.477939814814814,0.0,0.08501834406074178,0.0,60.0,78.18132728500782,1.762364980102331,23.928941093979628,Low,seller,99.3646,3.3333333333333335,100.0,70.68
ede2977fbaf3738583170735ca403f6c,1,327.25,1,3.0,-14.285636574074074,0.0,0.12619954261629118,0.0,60.0,78.09880451500625,1.762364980102331,23.92891703804606,Low,seller,99.3646,3.3333333333333335,100.0,70.68
a9415cf907dfa12f9ed18693244f5329,1,385.41999999999996,2,3.0,-14.175162037037037,0.0,0.14950217218804518,0.0,60.0,78.05139676058766,1.762364980102331,23.928796663754795,Low,seller,99.3646,3.3333333333333335,100.0,70.68
ca77545ca4d2dfd1431bf61334e2fa3c,6,973.71,10,3.0,-12.017520833333332,0.0,0.3851683910425605,0.26983270372369134,60.0,77.12549177784642,1.762364980102331,23.928068957930886,Low,seller,99.3646,20.0,100.0,75.68
747c1cdcd1737dcfbd1547f6eb6f2cf3,2,222.37,2,3.0,-14.245896990740741,0.0,0.08418510580203027,0.053966540744738264,60.0,78.08175113367611,1.762364980102331,23.927246334988443,Low,seller,99.3646,6.666666666666667,100.0,71.68
039b29ff3b3473435d0cd59040575de9,9,215.55,9,3.0,-9.961698816872428,100.0,0.0814530457422166,0.4317323259579061,60.0,76.24328029365579,3.581580443433769,23.927019083603888,Low,seller,99.3646,30.0,100.0,78.68
fd435faa3c0422b60440ea3480d0e77c,1,882.87,1,3.0,-13.214236111111111,0.0,0.3487783124746022,0.0,60.0,77.63903621550129,1.762364980102331,23.92672542407781,Low,seller,99.3646,3.3333333333333335,100.0,70.68
77714512e8d4dda9c234da8e3faf16e4,4,348.97999999999996,6,3.0,-7.928856095679012,200.0,0.1349044788479263,0.16189962223421478,60.0,75.37092987624101,5.400795906765207,23.9266653213256,Low,seller,99.3646,13.333333333333334,100.0,73.68
37303482a42fb700d8d127e70a9cd6c8,2,171.38,2,3.0,-14.328217592592592,0.0,0.06375875060409773,0.053966540744738264,60.0,78.11707723669363,1.762364980102331,23.926417343881692,Low,seller,99.3646,6.666666666666667,100.0,71.68
edc518ba25576a0188a0e8f2c3af186f,6,1909.55,8,3.0,-7.410839120370371,100.0,0.7600615122120681,0.26983270372369134,60.0,75.14863411281218,3.581580443433769,23.925929790859747,Low,seller,99.3646,20.0,100.0,75.68
0570350b23eda5444f8d1d9544932058,6,751.76,11,3.0,-12.38238425925926,0.0,0.29625626050360915,0.26983270372369134,60.0,77.28206501324114,1.762364980102331,23.924881304078408,Low,seller,99.3646,20.0,100.0,75.68
0ee4fb99ac55ffbbc98795aa01b7f8fa,1,70.92999999999999,1,3.0,-14.679085648148147,0.0,0.023518951042765628,0.0,60.0,78.26764466206814,1.762364980102331,23.923438882633285,Low,seller,99.3646,3.3333333333333335,100.0,70.68
830379336fad8c6f3b15a4a3ddb5c66e,2,438.38,4,3.0,-13.780225694444443,0.0,0.17071770015985355,0.053966540744738264,60.0,77.88191838445896,1.762364980102331,23.923231200913218,Low,seller,99.3646,6.666666666666667,100.0,71.68
dcf3755cefcdc158ad0b7bdde51e871b,3,359.03000000000003,3,3.0,-13.715883487654319,0.0,0.13893046178064297,0.10793308148947653,60.0,77.85430732022581,1.762364980102331,23.923045004950666,Low,seller,99.3646,10.0,100.0,72.68
e5d4b2b0c3bca22085f7a19a28de0c42,4,269.56,4,3.0,-10.822922453703704,100.0,0.10308919879654756,0.16189962223421478,60.0,76.61285576117459,3.581580443433769,23.921488073717082,Low,seller,99.3646,13.333333333333334,100.0,73.68
ae45ad30c2d2e5913094769690a239d2,1,283.06,2,3.0,-14.24363425925926,0.0,0.10849723557183857,0.0,60.0,78.08078013147717,1.762364980102331,23.92090268840336,Low,seller,99.3646,3.3333333333333335,100.0,70.68
5a6a02f419701fc8c605af71d4fc57a4,10,714.41,11,3.0,-8.702622053872055,100.0,0.281294025425304,0.48569886670264434,60.0,75.70297477552116,3.581580443433769,23.919417184974805,Low,seller,99.3646,33.33333333333333,100.0,79.68
7586919161935337bf6b6d7ff5779648,11,1994.93,18,3.0,-6.099582690329218,100.0,0.7942643403509086,0.5396654074473827,60.0,74.58593682090722,3.581580443433769,23.919244221446576,Low,seller,99.3646,36.666666666666664,100.0,80.68
02c988090b766852e088c69d7fb3b551,13,1836.95,17,3.0,-10.207502893518518,-50.0,0.730978292220503,0.6475984889368591,60.0,76.34876178842612,0.8527572484366117,23.918783103007947,Low,seller,99.3646,43.333333333333336,100.0,82.68
3969863bb8af7f72580b3b1ffd3a17b3,12,850.02,13,3.0,-10.836012286324786,0.0,0.3356187563213941,0.5936319481921208,60.0,76.61847297928587,1.762364980102331,23.91810105884756,Low,seller,99.3646,40.0,100.0,81.68
d90fe2229fee1a5da999ccd0c06c1667,3,516.91,3,3.0,-14.753614969135803,-50.0,0.20217645037937976,0.10793308148947653,60.0,78.29962730568114,0.8527572484366117,23.917856026182015,Low,seller,99.3646,10.0,100.0,72.68
7b98de631987e26dd6d803490c43a13c,8,778.6300000000001,8,3.0,-11.796549479166666,0.0,0.3070202566630218,0.37776578521316784,60.0,77.03066670799014,1.762364980102331,23.917384027510952,Low,seller,99.3646,26.666666666666668,100.0,77.68
53d00c40e32aeb924a84ce72b1af869d,17,2462.07,17,3.0,-6.742886710239652,0.0,0.9813984365886458,0.8634646519158122,60.0,74.86199680550064,1.762364980102331,23.915821712790876,Low,seller,99.3646,56.666666666666664,100.0,86.68
b76a1f8356322f12529c37b67d5c96c2,5,354.89000000000004,5,3.0,-10.358127314814814,100.0,0.13727199716955374,0.21586616297895306,60.0,76.41339899592909,3.581580443433769,23.915316033628343,Low,seller,99.3646,16.666666666666664,100.0,74.68
fe1bbc5feda5c8979a8a1b3b2512d5a6,9,862.25,10,3.0,-13.280978009259258,-66.66666666666666,0.3405180370444911,0.4317323259579061,60.0,77.6676770552975,0.5495546712147056,23.91519551801892,Low,seller,99.3646,30.0,100.0,78.68
f35becee938e982bd615edf8ef12bcfb,6,226.81,6,3.0,-13.19510223765432,0.0,0.08596374900812599,0.26983270372369134,60.0,77.63082532819419,1.762364980102331,23.91410759787272,Low,seller,99.3646,20.0,100.0,75.68
8cf21434553b02cbd37c0bbd07e041b0,2,162.13,2,3.0,-14.15105324074074,0.0,0.060053243924731665,0.053966540744738264,60.0,78.04105099291307,1.762364980102331,23.913901755310796,Low,seller,99.3646,6.666666666666667,100.0,71.68
323ce52b5b81df2cd804b017b7f09aa7,30,2955.67,30,3.0,-4.942940213920818,-66.66666666666666,1.1791322849059531,1.5650296815974094,60.0,74.08958875788434,0.5495546712147056,23.913390886675263,Low,seller,99.3646,100.0,100.0,99.68
28fb0829fd777877cdc350d25cb5bd5b,4,569.26,4,3.0,-10.117546296296297,100.0,0.2231476152080083,0.16189962223421478,60.0,76.3101588634099,3.581580443433769,23.91210106397582,Low,seller,99.3646,13.333333333333334,100.0,73.68
55029529919c0123526150bd26ca8f20,7,588.83,7,3.0,-13.691099537037037,-50.0,0.23098726555559687,0.32379924446842956,60.0,77.84367182469988,0.8527572484366117,23.91207248933243,Low,seller,99.3646,23.333333333333332,100.0,76.68
77fccaae319668a8ab6cd0fd16aec48c,11,1888.44,12,3.0,-10.774919945987655,-62.5,0.7516049450767797,0.5396654074473827,60.0,76.5922565248409,0.625355315520182,23.911771845663036,Low,seller,99.3646,36.666666666666664,100.0,80.68
fc38b5dceee1a730fad8853453437fbd,5,178.01,5,3.0,-13.454379629629631,0.0,0.06641469755374066,0.21586616297895306,60.0,77.74208860437282,1.762364980102331,23.911440738677015,Low,seller,99.3646,16.666666666666664,100.0,74.68
6e0908ef4d4efadbc3cc2b74ea477cb0,8,750.28,11,3.0,-13.163176557239057,-50.0,0.29566337943491056,0.37776578521316784,60.0,77.61712511403293,0.8527572484366117,23.910984952082366,Low,seller,99.3646,26.666666666666668,100.0,77.68
35b96509602ec4b7da831b5cd73ff2c2,2,606.45,2,3.0,-13.275127314814815,0.0,0.23804575503564335,0.053966540744738264,60.0,77.66516635651715,1.762364980102331,23.910916813184684,Low,seller,99.3646,6.666666666666667,100.0,71.68
ffeee66ac5d5a62fe688b9d26f83f534,14,2259.55,14,3.0,-7.662857969576719,0.0,0.9002698730529467,0.7015650296815974,60.0,75.25678254259945,1.762364980102331,23.910226098736434,Low,seller,99.3646,46.666666666666664,100.0,83.68
55bb6fe5bebe5012e2d7d9928e1128ff,15,2393.02,16,3.0,-8.614311342592593,-50.0,0.9537373299713239,0.7555315704263357,60.0,75.66507814680331,0.8527572484366117,23.91004153846214,Low,seller,99.3646,50.0,100.0,84.68
5abb8ea023c77787f2c15da891c8d384,13,2987.2,13,3.0,-6.481623931623931,0.0,1.1917630552411327,0.6475984889368591,60.0,74.74988154365363,1.762364980102331,23.908147268364832,Low,seller,99.3646,43.333333333333336,100.0,82.68
2ef086a599b597572aca4433b7ed6b3d,1,64.1,1,3.0,-14.445185185185185,0.0,0.02078288502978506,0.0,60.0,78.1672713452483,1.762364980102331,23.90756206530641,Low,seller,99.3646,3.3333333333333335,100.0,70.68
72431a818f97fe6ab9c81eee3e297e54,1,249.39000000000001,1,3.0,-14.09119212962963,0.0,0.0950091912589461,0.0,60.0,78.015362893819,1.762364980102331,23.907043689460767,Low,seller,99.3646,3.3333333333333335,100.0,70.68
2bf28e311bba65237358230cabac3f15,7,477.88,8,3.0,-9.578953993055556,100.0,0.18654121516903838,0.32379924446842956,60.0,76.07903364371133,3.581580443433769,23.906925266567896,Low,seller,99.3646,23.333333333333332,100.0,76.68
dde698c6d0bd24834c586e5111c2bba7,1,175.09,1,3.0,-14.21337962962963,0.0,0.06524495922901105,0.0,60.0,78.06779701256148,1.762364980102331,23.905979537663157,Low,seller,99.3646,3.3333333333333335,100.0,70.68
c747d5b92c7648417faea95d36d763e8,1,224.75,1,3.0,-14.101319444444444,0.0,0.08513852265574826,0.0,60.0,78.01970881158917,1.762364980102331,23.904734376545335,Low,seller,99.3646,3.3333333333333335,100.0,70.68
eb72802c83dc7547529c9546d1a9b8ef,8,1181.63,8,3.0,-10.83896412037037,0.0,0.4684601692883761,0.37776578521316784,60.0,76.61973969492253,1.762364980102331,23.904176949338417,Low,seller,99.3646,26.666666666666668,100.0,77.68
c157bdeedcbc9a8e3c8bf0d87ff24428,7,722.97,10,3.0,-14.015060185185186,-75.0,0.28472312133615524,0.32379924446842956,60.0,77.98269251906629,0.3979533826037522,23.903565963638272,Low,seller,99.3646,23.333333333333332,100.0,76.68
4eeb99008a0f59d2c7759c59f9a346eb,2,1320.95,2,3.0,-11.819050925925925,0.0,0.5242711088093794,0.053966540744738264,60.0,77.04032271643005,1.762364980102331,23.903057873303737,Low,seller,99.3646,6.666666666666667,100.0,71.68
5ef131ac72773e5b3f6c0d63cf424657,10,821.99,11,3.0,-9.657370580808081,50.0,0.3243900695946232,0.48569886670264434,60.0,76.11268442364869,2.67197271176805,23.902841672278157,Low,seller,99.3646,33.33333333333333,100.0,79.68
2f3d8b4c9e2ee165075331fea3f3095a,1,147.35,1,3.0,-14.212523148148149,0.0,0.05413244514407971,0.0,60.0,78.06742947208721,1.762364980102331,23.902590652366538,Low,seller,99.3646,3.3333333333333335,100.0,70.68
768de2a4fc06aacecb9a586ccc30746a,14,713.53,14,3.0,-11.825529736467237,-50.0,0.28094150154661834,0.7015650296815974,60.0,77.04310295762684,0.8527572484366117,23.901414876372073,Low,seller,99.3646,46.666666666666664,100.0,83.68
365e4bce19bda0082c3d15d83fdb8bcd,6,895.02,7,3.0,-11.744446097883598,0.0,0.35364554557236416,0.26983270372369134,60.0,77.0083076706002,1.762364980102331,23.901034488202896,Low,seller,99.3646,20.0,100.0,75.68
0b46f784306be7200ca1700aa55d819f,1,30.86,1,3.0,-14.397592592592593,0.0,0.007467096703068495,0.0,60.0,78.14684801511008,1.762364980102331,23.900503829287665,Low,seller,99.3646,3.3333333333333335,100.0,70.68
71592660bbcb6a4664e97b6f8b68babc,6,2200.5499999999997,7,3.0,-10.709705687830688,-50.0,0.8766347493683413,0.26983270372369134,60.0,76.56427123865447,0.8527572484366117,23.900365011383258,Low,seller,99.3646,20.0,100.0,75.68
d6ab728cf30867cf3f1a2e216ae2f9b7,12,2233.82,14,3.0,-7.974282407407407,0.0,0.8899625555545586,0.5936319481921208,60.0,75.39042359387334,1.762364980102331,23.90019679080563,Low,seller,99.3646,40.0,100.0,81.68
034b9387752bfa309f350a70cd45ffa3,8,240.26,8,3.0,-14.651976273148147,-75.0,0.09135175601758261,0.37776578521316784,60.0,78.25601126104279,0.3979533826037522,23.900044000525362,Low,seller,99.3646,26.666666666666668,100.0,77.68
236585a4ddb5fea9fa40233e2249ed91,11,837.67,11,3.0,-12.473392255892257,-60.0,0.33067140416029445,0.5396654074473827,60.0,77.32111912353861,0.6708357021034679,23.89936921185107,Low,seller,99.3646,36.666666666666664,100.0,80.68
9853a239ab7b7ebbdc3a21248d5b8e1f,5,471.01,5,3.0,-12.696834490740741,0.0,0.18378912534339029,0.21586616297895306,60.0,77.41700451831412,1.762364980102331,23.897890454105106,Low,seller,99.3646,16.666666666666664,100.0,74.68
5a9c0859cb00fd8aa4db443837f0a700,2,255.59000000000003,2,3.0,-13.719241898148148,0.0,0.09749288222241309,0.053966540744738264,60.0,77.85574850933779,1.762364980102331,23.89733827426381,Low,seller,99.3646,6.666666666666667,100.0,71.68
11eac105f3f90a9b87b19c89d91e24f3,5,927.8299999999999,5,3.0,-13.247516203703702,-50.0,0.3667890779129047,0.21586616297895306,60.0,77.65331764630855,0.8527572484366117,23.897276635908554,Low,seller,99.3646,16.666666666666664,100.0,74.68
f6122bc84774df1b372bdb3bb88ddb9f,3,4874.360000000001,3,3.0,-4.8797646604938265,0.0,1.9477505130824815,0.10793308148947653,60.0,74.0624783376694,1.762364980102331,23.896916672957758,Low,seller,99.3646,10.0,100.0,72.68
119d1aef1b4144adba89163f6cd9f5d4,4,1298.24,4,3.0,-11.337977430555556,0.0,0.5151735891673898,0.16189962223421478,60.0,76.83388044712987,1.762364980102331,23.896345547388485,Low,seller,99.3646,13.333333333333334,100.0,73.68
808d4348b916efa08e766ebad39f61eb,21,1014.9200000000001,21,3.0,-8.556380208333334,-9.090909090909092,0.40167692404328226,1.0793308148947653,60.0,75.64021825546715,1.5969817561631092,23.896066694873056,Low,seller,99.3646,70.0,100.0,90.68
6bb62a4912377c7bfe7cb17b406bc7e6,4,845.39,6,3.0,-6.522864583333333,200.0,0.3337640000051276,0.16189962223421478,60.0,74.76757907596053,5.400795906765207,23.895820557630692,Low,seller,99.3646,13.333333333333334,100.0,73.68
a08692680c77d30a0b4280da5df01c5a,6,2660.91,17,3.0,-8.364905364923747,0.0,1.0610528093589322,0.26983270372369134,60.0,75.55805097423512,1.762364980102331,23.8957181628841,Low,seller,99.3646,20.0,100.0,75.68
4b39558c138930b9e5489c93b6df5fe3,4,1229.1,5,3.0,-13.327006944444445,-66.66666666666666,0.48747642897156596,0.16189962223421478,60.0,77.68742937573201,0.5495546712147056,23.894787707731293,Low,seller,99.3646,13.333333333333334,100.0,73.68
028872bfa080090a9d0abd4f1af168f8,1,117.87,3,3.0,-14.136261574074075,0.0,0.042322895208110875,0.0,60.0,78.03470346958704,1.762364980102331,23.894138887010723,Low,seller,99.3646,3.3333333333333335,100.0,70.68
253f95b3a0e6983ae18aed49fbc2b845,5,890.94,5,3.0,-13.266921296296294,-50.0,0.35201111668027624,0.21586616297895306,60.0,77.66164492143251,0.8527572484366117,23.894092338807358,Low,seller,99.3646,16.666666666666664,100.0,74.68
c240c4061717ac1806ae6ee72be3533b,1,73.89,1,3.0,-14.206655092592593,0.0,0.024704713180162773,0.0,60.0,78.0649113231621,1.762364980102331,23.893384610438595,Low,seller,99.3646,3.3333333333333335,100.0,70.68
8ca5b19e0263150d2c57afdde2b3d011,3,224.68,4,3.0,-10.675928819444444,100.0,0.08511048098358007,0.10793308148947653,60.0,76.54977662727676,3.581580443433769,23.893140953102332,Low,seller,99.3646,10.0,100.0,72.68
7b3f6ce5c6c22e9b96e7581ebf0df6e1,1,42.49,1,3.0,-14.255243055555555,0.0,0.012126020236152541,0.0,60.0,78.08576179493258,1.762364980102331,23.892738573320965,Low,seller,99.3646,3.3333333333333335,100.0,70.68
562f8cfc51f265411f487d07e9c40e7f,13,966.25,13,3.0,-7.185806623931624,100.0,0.3821799499800663,0.6475984889368591,60.0,75.05206629172419,3.581580443433769,23.89252159533024,Low,seller,99.3646,43.333333333333336,100.0,82.68
73da1880b39c71de2b262bc7720c1494,2,444.99,2,3.0,-13.28140625,0.0,0.1733656352031627,0.053966540744738264,60.0,77.66786082553465,1.762364980102331,23.891916947587564,Low,seller,99.3646,6.666666666666667,100.0,71.68
2cb6eb1b7185064167657fa09f541105,6,1382.68,7,3.0,-12.10363921957672,-50.0,0.5489998577085435,0.26983270372369134,60.0,77.16244761776619,0.8527572484366117,23.891801000752075,Low,seller,99.3646,20.0,100.0,75.68
a414555ce331b8c8aea4a9cb8395194d,7,1693.59,8,3.0,-11.31004050925926,-50.0,0.6735489476200791,0.32379924446842956,60.0,76.82189192253816,0.8527572484366117,23.891574008627515,Low,seller,99.3646,23.333333333333332,100.0,76.68
661ad5fcc28cdfb8bcadb12bb2272475,4,329.71,7,3.0,-14.471402116402116,-50.0,0.12718500709534422,0.16189962223421478,60.0,78.17852177335668,0.8527572484366117,23.89068439853432,Low,seller,99.3646,13.333333333333334,100.0,73.68
b0398568231ba5e6734af1881671a317,4,770.12,4,3.0,-12.217705439814814,0.0,0.30361119051800495,0.16189962223421478,60.0,77.2113966652258,1.762364980102331,23.889504260508062,Low,seller,99.3646,13.333333333333334,100.0,73.68
4cc4fd4fdd406a85bbdc1f824b731bd7,1,571.22,2,3.0,-13.189178240740741,0.0,0.22393278202871722,0.0,60.0,77.6282831732471,1.762364980102331,23.887658808605913,Low,seller,99.3646,3.3333333333333335,100.0,70.68
979e9f8b5b39dd243a2550c8b05aecf0,3,571.88,4,3.0,-12.76243923611111,0.0,0.22419717493773142,0.10793308148947653,60.0,77.44515737362927,1.762364980102331,23.887252526908313,Low,seller,99.3646,10.0,100.0,72.68
8602a61d680a10a82cceeeda0d99ea3d,17,1079.9,19,3.0,-10.281380969785575,-50.0,0.42770760772168304,0.8634646519158122,60.0,76.38046496447484,0.8527572484366117,23.886523914810347,Low,seller,99.3646,56.666666666666664,100.0,86.68
5b2e94f2c22b39ccc24d34ad0f669672,10,1340.1399999999999,10,3.0,-12.109733796296297,-80.0,0.5319585329366263,0.48569886670264434,60.0,77.16506297334183,0.3069926094371802,23.886470983501642,Low,seller,99.3646,33.33333333333333,100.0,79.68
b9ca8e8baa5d4aa038394a700f63e69f,14,1677.95,14,3.0,-8.377336309523809,0.0,0.6672836368670754,0.7015650296815974,60.0,75.56338544482533,1.762364980102331,23.886320663214555,Low,seller,99.3646,46.666666666666664,100.0,83.68
89757206b887aed36f3e18d858460fea,2,176.14,2,3.0,-13.695758101851851,0.0,0.06566558431153367,0.053966540744738264,60.0,77.84567094687415,1.762364980102331,23.886278450520997,Low,seller,99.3646,6.666666666666667,100.0,71.68
b026643914f651e8371425e5b8a1e780,1,43.0,1,3.0,-14.145868055555555,0.0,0.012330323847663537,0.0,60.0,78.03882588301474,1.762364980102331,23.885759477616745,Low,seller,99.3646,3.3333333333333335,100.0,70.68
fc908879b9ca1bd65419e54e50432d38,4,171.88,4,3.0,-10.445885416666666,100.0,0.06395904826244185,0.16189962223421478,60.0,76.45105848428196,3.581580443433769,23.88547943702296,Low,seller,99.3646,13.333333333333334,100.0,73.68
8c351ed7c326c62123318f4f3246e906,2,150.66,2,3.0,-13.724265046296296,0.0,0.05545841564231774,0.053966540744738264,60.0,77.85790408455179,1.762364980102331,23.885051270571882,Low,seller,99.3646,6.666666666666667,100.0,71.68
c963a25b8671419c6ce9eebe8fd03218,1,68.32,1,3.0,-14.084467592592592,0.0,0.022473397266209366,0.0,60.0,78.0124772044196,1.762364980102331,23.884850097853032,Low,seller,99.3646,3.3333333333333335,100.0,70.68
f1ed6bd0a9b11b581f16c851c6a5a527,17,1996.5800000000002,18,3.0,-8.54221965020576,-50.0,0.7949253226234443,0.8634646519158122,60.0,75.6341415586993,0.8527572484366117,23.88474071841454,Low,seller,99.3646,56.666666666666664,100.0,86.68
c714262700f93defc16bf17a51a4cb23,4,491.33,4,3.0,-9.837702546296295,100.0,0.191929222178495,0.16189962223421478,60.0,76.19006998020298,3.581580443433769,23.884722213585924,Low,seller,99.3646,13.333333333333334,100.0,73.68
49cdc90518a4f82676b38b3c1aa43ff6,5,1622.11,5,3.0,-10.340064814814815,0.0,0.6449143943832049,0.21586616297895306,60.0,76.40564786533237,1.762364980102331,23.884524536869787,Low,seller,99.3646,16.666666666666664,100.0,74.68
da20530872245d6cd9d2f5725613c430,2,394.22,3,3.0,-13.255725308641976,0.0,0.15302741097490158,0.053966540744738264,60.0,77.65684040586336,1.762364980102331,23.884162417368394,Low,seller,99.3646,6.666666666666667,100.0,71.68
ad273c9eb54ecb4532de4bf75bae9e4e,10,829.75,11,3.0,-12.172936658249158,-50.0,0.3274986892521238,0.48569886670264434,60.0,77.1921851124191,0.8527572484366117,23.883777815157824,Low,seller,99.3646,33.33333333333333,100.0,79.68
ec4608a1f76453166bb312b2968aeaf4,18,2121.36,35,3.0,-6.6629757343550455,0.0,0.844911606239801,0.9174311926605505,60.0,74.82770474126852,1.762364980102331,23.883223489237587,Low,seller,99.3646,60.0,100.0,87.68
929f342384a6607afe143d789ade1316,4,272.76,4,3.0,-14.457349537037036,-50.0,0.10437110380994988,0.16189962223421478,60.0,78.17249141333566,0.8527572484366117,23.882935673545546,Low,seller,99.3646,13.333333333333334,100.0,73.68
7813ea3ebd9411dc600b4dd01f7a97b9,9,1745.99,9,3.0,-9.24289223251029,0.0,0.6945401422145422,0.4317323259579061,60.0,75.93482001909963,1.762364980102331,23.882754625029015,Low,seller,99.3646,30.0,100.0,78.68
9b1585752613ec342d03bbab9997ec48,3,4349.04,3,3.0,-5.632191358024691,0.0,1.7373097813198235,0.10793308148947653,60.0,74.38536595549736,1.762364980102331,23.882217596103153,Low,seller,99.3646,10.0,100.0,72.68
57d2ba47f7a3209aa347532ae75c1165,2,458.24,2,3.0,-13.10578125,0.0,0.17867352314928167,0.053966540744738264,60.0,77.59249516125516,1.762364980102331,23.882204464329476,Low,seller,99.3646,6.666666666666667,100.0,71.68
7816cd9c5b1238e320545f5bf7eb80e8,1,511.76,1,3.0,-13.2021875,0.0,0.2001133844984354,0.0,60.0,77.63386581504558,1.762364980102331,23.8813503856166,Low,seller,99.3646,3.3333333333333335,100.0,70.68
2c54051840f19eca309a5423cf22df36,2,52.269999999999996,2,3.0,-13.842175925925925,0.0,0.016043842433363372,0.053966540744738264,60.0,77.90850298430448,1.762364980102331,23.880816733572097,Low,seller,99.3646,6.666666666666667,100.0,71.68
7494d0dcba8551df6cf37f1b905dc2f7,1,62.97,1,3.0,-14.003692129629629,0.0,0.02033021232192737,0.0,60.0,77.97781416428472,1.762364980102331,23.879007686349517,Low,seller,99.3646,3.3333333333333335,100.0,70.68
4be6b962d83299498bae2190f95d6566,11,691.09,12,3.0,-11.433565779320988,-25.0,0.2719521426401346,0.5396654074473827,60.0,76.87490011632325,1.3075611142694712,23.878493123529317,Low,seller,99.3646,36.666666666666664,100.0,80.68
5a05a16bb50629ee31afab8a6d4c2674,14,1075.48,15,3.0,-11.26435725308642,-66.66666666666666,0.425936976421921,0.7015650296815974,60.0,76.80228794276354,0.5495546712147056,23.87847100888298,Low,seller,99.3646,46.666666666666664,100.0,83.68
1ca4bdb0cd7fc48e949bac066188ed26,4,1963.08,4,3.0,-9.802546296296297,0.0,0.7815053795143887,0.16189962223421478,60.0,76.17498343708652,1.762364980102331,23.877410532986083,Low,seller,99.3646,13.333333333333334,100.0,73.68
5de1c80811ce7007f62f00d971236c09,2,107.75,2,3.0,-13.685260416666669,0.0,0.038268870603226035,0.053966540744738264,60.0,77.84116609268267,1.762364980102331,23.877383708279787,Low,seller,99.3646,6.666666666666667,100.0,71.68
6c1b6d0c604b776f844125f911eb7377,5,524.5,5,3.0,-14.389140625,-75.0,0.20521696883304338,0.21586616297895306,60.0,78.14322103630818,0.3979533826037522,23.87681012510125,Low,seller,99.3646,16.666666666666664,100.0,74.68
392e0502231ae2f8b29994ef6398cd77,20,2227.59,20,3.0,-7.350656998910675,-50.0,0.887466846731591,1.0253642741500268,60.0,75.12280825908087,0.8527572484366117,23.876278086262776,Low,seller,99.3646,66.66666666666666,100.0,89.68
c0f783394e37cd9c9d7f5f81141450fa,6,336.75,6,3.0,-12.402058256172838,0.0,0.13000519812482933,0.26983270372369134,60.0,77.29050768282931,1.762364980102331,23.876272385803002,Low,seller,99.3646,20.0,100.0,75.68
13074f016982ff2bd6c58ced8682f000,14,3111.7000000000003,15,3.0,-7.416582341269842,-66.66666666666666,1.2416371721688169,0.7015650296815974,60.0,75.15109869164885,0.5495546712147056,23.875502679939842,Low,seller,99.3646,46.666666666666664,100.0,83.68
d558ebe531605a1285ab2b1bc3256dfb,3,782.23,3,3.0,-12.183966049382716,0.0,0.30846239980309936,0.10793308148947653,60.0,77.19691813670025,1.762364980102331,23.87529620882857,Low,seller,99.3646,10.0,100.0,72.68
78ba5933c21686d1c2f64669c8c459e7,2,212.57000000000002,2,3.0,-13.456145833333334,0.0,0.08025927169848569,0.053966540744738264,60.0,77.74284653243194,1.762364980102331,23.875232894570754,Low,seller,99.3646,6.666666666666667,100.0,71.68
180c3376aff0e43dd5788709df48a843,5,4722.97,10,3.0,-5.81378125,-50.0,1.8871043880890515,0.21586616297895306,60.0,74.4632913239538,0.8527572484366117,23.874867280608186,Low,seller,99.3646,16.666666666666664,100.0,74.68
b6dc74ed30f124f95227bed4e43a3bed,11,747.59,13,3.0,-10.561546296296296,0.0,0.2945857780330193,0.5396654074473827,60.0,76.5006918452752,1.762364980102331,23.874632360073264,Low,seller,99.3646,36.666666666666664,100.0,80.68
05e107217c7266362fd44b75b2cd4cc4,5,275.39,8,3.0,-4.195904224537037,300.0,0.10542466949283989,0.21586616297895306,60.0,73.76901444568166,7.220011370096646,23.872947245454505,Low,seller,99.3646,16.666666666666664,100.0,74.68
a5bff0f43eb51f0cad7c37fac7244c8a,4,541.27,5,3.0,-12.38076388888889,0.0,0.21193495229390488,0.16189962223421478,60.0,77.28136966639792,1.762364980102331,23.872497339216643,Low,seller,99.3646,13.333333333333334,100.0,73.68
7c1fea10b5b006671d608b1d7c446ec4,14,647.75,14,3.0,-10.085941633597884,0.0,0.25459034161486704,0.7015650296815974,60.0,76.29659640704779,1.762364980102331,23.87249431897226,Low,seller,99.3646,46.666666666666664,100.0,83.68
cf2384dd2f1dddea3f838efed0945e65,16,2534.94,16,3.0,-7.995554832175926,-66.66666666666666,1.0105898173157166,0.809498111171074,60.0,75.39955219414958,0.5495546712147056,23.870439769231393,Low,seller,99.3646,53.333333333333336,100.0,85.68
53088c75f948b48a7ece173ac17f0c12,3,316.23,3,3.0,-12.971998456790123,0.0,0.12178498222638698,0.10793308148947653,60.0,77.53508517361428,1.762364980102331,23.87001803909266,Low,seller,99.3646,10.0,100.0,72.68
f5b44895715ddfe3087dc414f30268f3,19,654.44,19,3.0,-8.985293006822612,0.0,0.2572703242835112,0.9713977334052887,60.0,75.82427689163012,1.762364980102331,23.869908562391124,Low,seller,99.3646,63.33333333333333,100.0,88.68
a2a41aedb70551d4a85aa04dc2fced48,2,79.73,2,3.0,-13.619056712962964,0.0,0.027044189829622006,0.053966540744738264,60.0,77.8127562073737,1.762364980102331,23.86975482125136,Low,seller,99.3646,6.666666666666667,100.0,71.68
918717417d88a9f9ae9735567e6c7682,4,389.22,4,3.0,-12.621461226851853,0.0,0.15102443439146046,0.16189962223421478,60.0,77.38465971488694,1.762364980102331,23.869717691119266,Low,seller,99.3646,13.333333333333334,100.0,73.68
485452467ff670447e84a8370c3fc898,3,315.43999999999994,3,3.0,-14.378510802469137,-50.0,0.12146851192620325,0.10793308148947653,60.0,78.13865947823723,0.8527572484366117,23.86949847052948,Low,seller,99.3646,10.0,100.0,72.68
782f78b632a43875dd5b53e3e49c9564,2,187.57,3,3.0,-13.412719907407407,0.0,0.07024438878128007,0.053966540744738264,60.0,77.72421123703346,1.762364980102331,23.86943313538582,Low,seller,99.3646,6.666666666666667,100.0,71.68
762fafdaa57a532ee0119731697579dd,5,260.87,5,3.0,-12.634708333333332,0.0,0.0996080254945269,0.21586616297895306,60.0,77.39034442366847,1.762364980102331,23.8686371099536,Low,seller,99.3646,16.666666666666664,100.0,74.68
8d46553a36e68f95350a200c12f8f2e2,13,969.5999999999999,16,3.0,-11.037252735690236,-50.0,0.38352194429097186,0.6475984889368591,60.0,76.70483095876676,0.8527572484366117,23.867956574180184,Low,seller,99.3646,43.333333333333336,100.0,82.68
6562efe88ce0826a4ca4f189f03b4b84,9,1436.21,21,3.0,-11.44759375,-66.66666666666666,0.570443725010864,0.4317323259579061,60.0,76.88091991605971,0.5495546712147056,23.866159653523162,Low,seller,99.3646,30.0,100.0,78.68
b248792ac0b60ec3f93d80af1b4fae47,7,608.35,9,3.0,-7.288031121399176,150.0,0.238806886137351,0.32379924446842956,60.0,75.09593372037773,4.491188175099489,23.866100752524922,Low,seller,99.3646,23.333333333333332,100.0,76.68
0951a6e282947e09cd47969f4ed0b47f,7,580.32,7,3.0,-7.330393518518519,150.0,0.22757819941058008,0.32379924446842956,60.0,75.11411262542754,4.491188175099489,23.865458982264357,Low,seller,99.3646,23.333333333333332,100.0,76.68
7fc87cc3e89b3d1d5cabdca32f8485aa,14,2835.82,14,3.0,-8.234106316137566,-83.33333333333334,1.1311209362008694,0.7015650296815974,60.0,75.50192139587841,0.24635209399279878,23.8646509570617,Low,seller,99.3646,46.666666666666664,100.0,83.68
ce20a2ec1514c25e16f2b5b39bc818f0,4,496.03,7,3.0,-14.224651124338623,-66.66666666666666,0.19381202016692964,0.16189962223421478,60.0,78.07263393034748,0.5495546712147056,23.864469068282222,Low,seller,99.3646,13.333333333333334,100.0,73.68
9e7c5f4d7770eab65738cca38f9efccf,2,222.88,2,3.0,-13.26486689814815,0.0,0.08438940941354127,0.053966540744738264,60.0,77.66076332097056,1.762364980102331,23.864159454166064,Low,seller,99.3646,6.666666666666667,100.0,71.68
bb7ad8a45c027be8ab075b8e465f8ca0,2,52.620000000000005,2,3.0,-13.576105324074074,0.0,0.016184050794204253,0.053966540744738264,60.0,77.794324549265,1.762364980102331,23.86373203082443,Low,seller,99.3646,6.666666666666667,100.0,71.68
d263fa444c1504a75cbca5cc465f592a,1,444.07,1,3.0,-13.050289351851852,0.0,0.17299708751180953,0.0,60.0,77.5686820152562,1.762364980102331,23.86343792655221,Low,seller,99.3646,3.3333333333333335,100.0,70.68
bca9230d3bbb4efa51872bf605a2f1ad,5,168.2,5,3.0,-4.2200601851851856,300.0,0.06248485749702917,0.21586616297895306,60.0,73.77938045291614,7.220011370096646,23.861620202940934,Low,seller,99.3646,16.666666666666664,100.0,74.68
7ecef8194babfec876ca720714327841,7,1114.26,8,3.0,-7.675193865740741,100.0,0.44147206280309037,0.32379924446842956,60.0,75.26207622521231,3.581580443433769,23.860860908083257,Low,seller,99.3646,23.333333333333332,100.0,76.68
5eeb9c756d9780b96283e5a2ac6da334,9,2718.74,9,3.0,-8.498190586419753,-50.0,1.084219236523012,0.4317323259579061,60.0,75.61524743975362,0.8527572484366117,23.860761693253085,Low,seller,99.3646,30.0,100.0,78.68
e908c0f3646e8b60375734a350d95d71,1,3009.53,1,3.0,-8.215474537037037,0.0,1.200708348662781,0.0,60.0,75.4939259714877,1.762364980102331,23.860537898332222,Low,seller,99.3646,3.3333333333333335,100.0,70.68
4e2627090e6e5b9fabba883a37897683,2,267.62,5,3.0,-13.121689814814815,0.0,0.10231204388217241,0.053966540744738264,60.0,77.5993219772267,1.762364980102331,23.860320042945073,Low,seller,99.3646,6.666666666666667,100.0,71.68
b3e2faf2c1004d674f16a3aa3197f0e1,3,95.24000000000001,3,3.0,-13.227947530864197,0.0,0.033257423191456366,0.10793308148947653,60.0,77.64492017426517,1.762364980102331,23.859935021479814,Low,seller,99.3646,10.0,100.0,72.68
d73cbd89533ce8b041a9190241453ac8,4,433.62,4,3.0,-12.379135802469136,0.0,0.1688108664524176,0.16189962223421478,60.0,77.28067100837924,1.762364980102331,23.859455314761398,Low,seller,99.3646,13.333333333333334,100.0,73.68
6ddc28b61be28373b4503a1f61cf98a9,11,1900.09,11,3.0,-7.216917087542087,33.33333333333333,0.7562718805161974,0.5396654074473827,60.0,75.06541667325327,2.368770134546143,23.85848743045931,Low,seller,99.3646,36.666666666666664,100.0,80.68
92d14edfb62ee5ae7fdff70b0f4e7233,8,487.65000000000003,13,3.0,-11.423198005698007,0.0,0.19045503141308234,0.37776578521316784,60.0,76.87045101086449,1.762364980102331,23.85838210536712,Low,seller,99.3646,26.666666666666668,100.0,77.68
70f84699be677ec988d1fa824aef7d90,5,1704.4399999999998,5,3.0,-9.732756944444443,0.0,0.6778954068061464,0.21586616297895306,60.0,76.14503484854873,1.762364980102331,23.855326888079126,Low,seller,99.3646,16.666666666666664,100.0,74.68
964ff64dc05b13811c6d0f41e0aa5f6b,1,204.06,1,3.0,-13.372361111111111,0.0,0.0768502055534689,0.0,60.0,77.70689213387394,1.762364980102331,23.855325379757364,Low,seller,99.3646,3.3333333333333335,100.0,70.68
52f6f9f13ba19504c02781132a049e75,1,222.13,1,3.0,-13.329131944444445,0.0,0.08408896292602511,0.0,60.0,77.68834127344927,1.762364980102331,23.85471437790543,Low,seller,99.3646,3.3333333333333335,100.0,70.68
70849ca4f400aaabb62cb7462a6f1428,12,1143.24,12,3.0,-10.222014853395061,-33.33333333333333,0.45308131508071514,0.5936319481921208,60.0,76.3549892816423,1.1559598256585182,23.853176756384446,Low,seller,99.3646,40.0,100.0,81.68
e5f9e61ceb5f523cc966e0f34095032f,4,2353.44,4,3.0,-5.867763310185185,100.0,0.937881767336804,0.16189962223421478,60.0,74.48645655569774,3.581580443433769,23.85296596345763,Low,seller,99.3646,13.333333333333334,100.0,73.68
ad14615bdd492b01b0d97922e87cb87f,1,19.21,1,3.0,-13.679641203703703,0.0,0.002800161263650686,0.0,60.0,77.83875472916563,1.762364980102331,23.852889755764174,Low,seller,99.3646,3.3333333333333335,100.0,70.68
134a288e7de827ec5ec62e3ec9c3a295,9,1004.0,9,3.0,-10.154197530864197,0.0,0.3973024231850468,0.4317323259579061,60.0,76.3258869467686,1.762364980102331,23.852243348470516,Low,seller,99.3646,30.0,100.0,78.68
e4fc40017a6d22c46a14ac2e17f87c3e,3,662.05,3,3.0,-12.044537037037037,0.0,0.26031885464350857,0.10793308148947653,60.0,77.13708519642827,1.762364980102331,23.851878204239895,Low,seller,99.3646,10.0,100.0,72.68
78744a20ee2f80ba64f6804c25def2b8,6,3068.85,6,3.0,-6.920208333333332,0.0,1.2244716628487262,0.26983270372369134,60.0,74.93809053882774,1.762364980102331,23.851749753619934,Low,seller,99.3646,20.0,100.0,75.68
20611af7866c6068fd5ae1f9dbe15c92,2,334.3,2,3.0,-12.851203703703703,0.0,0.1290237395989432,0.053966540744738264,60.0,77.48324872203942,1.762364980102331,23.850922563382014,Low,seller,99.3646,6.666666666666667,100.0,71.68
b5f49fe968dff6b112861e6cd8e192ef,1,237.67000000000002,2,3.0,-13.239733796296296,0.0,0.0903142141473601,0.0,60.0,77.64997799475579,1.762364980102331,23.85082746146781,Low,seller,99.3646,3.3333333333333335,100.0,70.68
1e8c6a4c538f286aee9573239740a4b4,5,446.82,5,3.0,-13.413328703703703,-50.0,0.17409872463270215,0.21586616297895306,60.0,77.72447248877599,0.8527572484366117,23.85014275629461,Low,seller,99.3646,16.666666666666664,100.0,74.68
36f98ad67cc981f50ce8aed093d5783c,2,158.62,2,3.0,-13.167019675925925,0.0,0.058647154363156,0.053966540744738264,60.0,77.61877430516597,1.762364980102331,23.85013842528026,Low,seller,99.3646,6.666666666666667,100.0,71.68
3f9c56764fabca627406093dcb3ef0b4,7,1014.95,7,3.0,-10.519204695767197,0.0,0.4016889419027829,0.32379924446842956,60.0,76.4825218646316,1.762364980102331,23.850071271392913,Low,seller,99.3646,23.333333333333332,100.0,76.68
e0482f2c769468c3bbcd8a01e09d98c5,1,234.4,1,3.0,-13.230081018518518,0.0,0.08900426746178962,0.0,60.0,77.64583571427542,1.762364980102331,23.849813135390086,Low,seller,99.3646,3.3333333333333335,100.0,70.68
2d8cfba3fcd3170555941605edaa196a,1,55.96,1,3.0,-13.559097222222222,0.0,0.01752203915194292,0.0,60.0,77.7870258907927,1.762364980102331,23.849546993374723,Low,seller,99.3646,3.3333333333333335,100.0,70.68
5e105f5c9f63f5f1fd75d6cb942e55b1,8,1745.73,8,3.0,-6.105403645833333,100.0,0.6944359874322032,0.37776578521316784,60.0,74.58843475786557,3.581580443433769,23.849195500556164,Low,seller,99.3646,26.666666666666668,100.0,77.68
f08c008c8a8d31417763738a1788a2a8,22,1714.69,23,3.0,-6.053402226631393,0.0,0.6820015088022008,1.1332973556395036,60.0,74.56611947529402,1.762364980102331,23.849079210854875,Low,seller,99.3646,73.33333333333333,100.0,91.68
e8a85b5f3df47be0984c55fd4064dbb4,8,965.99,14,3.0,-4.722490906084657,200.0,0.3820757951977274,0.37776578521316784,60.0,73.99498771290199,5.400795906765207,23.848391932474428,Low,seller,99.3646,26.666666666666668,100.0,77.68
63ffcb71394dd8ea3872ed9ffda17c74,17,663.72,17,3.0,-10.460234204793029,-50.0,0.26098784882237797,0.8634646519158122,60.0,76.45721595587625,0.8527572484366117,23.848020635850766,Low,seller,99.3646,56.666666666666664,100.0,86.68
acadd4d36859671cb635527c6c977533,12,2646.94,12,3.0,-6.390378086419752,0.0,1.0554564927847976,0.5936319481921208,60.0,74.71072536579425,1.762364980102331,23.84789023776284,Low,seller,99.3646,40.0,100.0,81.68
655220df33262c7e0c4949a147366f94,13,2926.53,15,3.0,-7.775844135802469,-75.0,1.1674589373776583,0.6475984889368591,60.0,75.3052681082763,0.3979533826037522,23.847722857949332,Low,seller,99.3646,43.333333333333336,100.0,82.68
8b655f0855926bcb49f5835d38dfddf6,5,1162.81,5,3.0,-4.971798611111111,200.0,0.46092096542830363,0.21586616297895306,60.0,74.10197271389453,5.400795906765207,23.847618328133926,Low,seller,99.3646,16.666666666666664,100.0,74.68
eaf6d55068dea77334e8477d3878d89e,3,84.01,3,3.0,-10.215841049382718,100.0,0.028758737785047606,0.10793308148947653,60.0,76.35233992739023,3.581580443433769,23.846619925159793,Low,seller,99.3646,10.0,100.0,72.68
d29ba1220fb8634fa3a107e54497b8a4,9,907.86,9,3.0,-12.35761188271605,-75.0,0.35878918943864097,0.4317323259579061,60.0,77.27143448447838,0.3979533826037522,23.8460803492532,Low,seller,99.3646,30.0,100.0,78.68
76ea5315acb3f5f7ade3cd261faf922a,15,1311.08,15,3.0,-10.487684413580247,-80.0,0.5203172330336666,0.7555315704263357,60.0,76.46899561833808,0.3069926094371802,23.846026666211113,Low,seller,99.3646,50.0,100.0,84.68
2a1348e9addc1af5aaa619b1a3679d6b,52,3631.4,55,3.0,1.3539608297022516,-88.88888888888889,1.4498265582516867,2.7522935779816518,60.0,71.38741008141531,0.14528456825216352,23.845661331008433,Low,seller,99.3646,100.0,100.0,99.68
70c0fda4c313d87115644d39e62eec60,1,63.08,1,3.0,-13.474328703703703,0.0,0.020374277806763073,0.0,60.0,77.75064931736559,1.762364980102331,23.844946178957102,Low,seller,99.3646,3.3333333333333335,100.0,70.68
686886775c8f6b1191c7b953fb52708c,1,202.62,1,3.0,-13.212037037037037,0.0,0.07627334829743786,0.0,60.0,77.63809253049978,1.762364980102331,23.84483238207443,Low,seller,99.3646,3.3333333333333335,100.0,70.68
a45765f8afb1e594b22bf9e974b46765,1,88.91999999999999,1,3.0,-13.420763888888889,0.0,0.030725660789986776,0.0,60.0,77.72766313743377,1.762364980102331,23.844603666862294,Low,seller,99.3646,3.3333333333333335,100.0,70.68
2c2c9832d1bb38c5b0034a3b47d313ee,1,68.35,1,3.0,-13.459143518518518,0.0,0.022485415125710013,0.0,60.0,77.74413292409191,1.762364980102331,23.844602061161734,Low,seller,99.3646,3.3333333333333335,100.0,70.68
28ea411b354f14b1a494be4e79f0ce02,6,896.9300000000001,6,3.0,-10.8407137345679,0.0,0.3544106826272387,0.26983270372369134,60.0,76.62049050395444,1.762364980102331,23.843091454322497,Low,seller,99.3646,20.0,100.0,75.68
6bcb2352a2a0c38b845f598298ab9d26,2,59.38,2,3.0,-13.23355324074074,0.0,0.018892075135016645,0.053966540744738264,60.0,77.6473257432252,1.762364980102331,23.8424946172207,Low,seller,99.3646,6.666666666666667,100.0,71.68
97e4a63591ca439a2b8b7efd20e6e19e,5,428.5,5,3.0,-11.903319444444445,0.0,0.1667598184309739,0.21586616297895306,60.0,77.0764847256884,1.762364980102331,23.841703693137525,Low,seller,99.3646,16.666666666666664,100.0,74.68
6879c4d287a8dd06b11f54ea8f78e4da,6,677.13,6,3.0,-11.225790895061728,0.0,0.266359832019167,0.26983270372369134,60.0,76.78573802565965,1.762364980102331,23.841463327395854,Low,seller,99.3646,20.0,100.0,75.68
e48cc16ab70bfa09e1401740dce0b3d7,14,1411.1299999999999,17,3.0,-9.584827069716777,-50.0,0.5603967944683234,0.7015650296815974,60.0,76.08155394733518,0.8527572484366117,23.841019112704835,Low,seller,99.3646,46.666666666666664,100.0,83.68
b86a47b3366e3b5424a7b225781f4908,1,106.35,1,3.0,-13.322743055555556,0.0,0.037708037159862526,0.0,60.0,77.68559962018169,1.762364980102331,23.840388852185445,Low,seller,99.3646,3.3333333333333335,100.0,70.68
e5def42655b7490edac5a56fe8e9e603,1,141.42000000000002,1,3.0,-13.251030092592593,0.0,0.05175691491611855,0.0,60.0,77.65482555560573,1.762364980102331,23.83998740582593,Low,seller,99.3646,3.3333333333333335,100.0,70.68
a254c682cc01e119f83530446f1df9a9,6,809.4200000000001,7,3.0,-9.53666832010582,50.0,0.31935458646385223,0.26983270372369134,60.0,76.06088766317689,2.67197271176805,23.839594972523415,Low,seller,99.3646,20.0,100.0,75.68
26e2e5033827d2ba53929f43e03d8ffe,1,154.78,1,3.0,-13.195520833333333,0.0,0.05710886834707321,0.0,60.0,77.63100495946202,1.762364980102331,23.838019902433658,Low,seller,99.3646,3.3333333333333335,100.0,70.68
1cbdc7cf130a41fd13a3c2a7d2fcfda7,2,225.61,2,3.0,-12.850619212962963,0.0,0.08548303462810013,0.053966540744738264,60.0,77.48299790049954,1.762364980102331,23.83782272865978,Low,seller,99.3646,6.666666666666667,100.0,71.68
fa14641f57b655e933124a9ea49cd7a5,7,442.99,7,3.0,-11.394869378306879,0.0,0.17256444456978626,0.32379924446842956,60.0,76.8582943940875,1.762364980102331,23.8376998016114,Low,seller,99.3646,23.333333333333332,100.0,76.68
19e0f40a907ec568c34bfac15de4f4a1,4,219.62,4,3.0,-12.439722222222223,0.0,0.08308346868113767,0.16189962223421478,60.0,77.30667035796505,1.762364980102331,23.837636997867882,Low,seller,99.3646,13.333333333333334,100.0,73.68
96f7c797de9ca20efbe14545bed63eec,1,176.97,3,3.0,-13.146180555555555,0.0,0.06599807842438492,0.0,60.0,77.60983164808576,1.762364980102331,23.83751066875041,Low,seller,99.3646,3.3333333333333335,100.0,70.68
5dc203c7b84a0e71e878a179de05fb9a,5,550.05,5,3.0,-11.610479166666668,0.0,0.21545217917442752,0.21586616297895306,60.0,76.9508186641225,1.762364980102331,23.837461492125673,Low,seller,99.3646,16.666666666666664,100.0,74.68
e732329483fd5f27367dd997b47f598a,1,144.47,1,3.0,-13.202777777777778,0.0,0.05297873063201763,0.0,60.0,77.63411911996704,1.762364980102331,23.837247985194892,Low,seller,99.3646,3.3333333333333335,100.0,70.68
bc503e244f187939d10c92a5c8e378ce,7,859.8,16,3.0,-10.60755787037037,0.0,0.3395365785186049,0.32379924446842956,60.0,76.52043671556495,1.762364980102331,23.837112790017663,Low,seller,99.3646,23.333333333333332,100.0,76.68
1b61fb1f0f2185d89e9a126c498e9cc7,1,65.81,1,3.0,-13.338900462962963,0.0,0.021467903021321927,0.0,60.0,77.69253322156129,1.762364980102331,23.83655685215082,Low,seller,99.3646,3.3333333333333335,100.0,70.68
499ec63c58e51296c9cf57edcfe1c8a8,5,412.93,5,3.0,-11.835502314814814,0.0,0.16052254935013824,0.21586616297895306,60.0,77.04738247359407,1.762364980102331,23.835467174599124,Low,seller,99.3646,16.666666666666664,100.0,74.68
443d880f15cbd3572885e1d44bf2c478,1,125.0,2,3.0,-13.201458333333333,0.0,0.045179139816097905,0.0,60.0,77.63355290896614,1.762364980102331,23.834823176299984,Low,seller,99.3646,3.3333333333333335,100.0,70.68
9e25199f6ef7e7c347120ff175652c3b,1,27.02,1,3.0,-13.384108796296296,0.0,0.005928810686985715,0.0,60.0,77.71193339848733,1.762364980102331,23.83480515098943,Low,seller,99.3646,3.3333333333333335,100.0,70.68
f43827dd686be3a4a80e00aa299990fb,1,125.74000000000001,2,3.0,-13.185358796296295,0.0,0.045475580350447194,0.0,60.0,77.62664414140235,1.762364980102331,23.833875793325717,Low,seller,99.3646,3.3333333333333335,100.0,70.68
3968920b9aa752ab98f7d5888c9252f2,8,681.01,10,3.0,-12.793585648148149,-75.0,0.2679141418479173,0.37776578521316784,60.0,77.4585231816469,0.3979533826037522,23.833389504365076,Low,seller,99.3646,26.666666666666668,100.0,77.68
dcb7367a92f5ffb89f1e2152ed260285,1,98.34,1,3.0,-13.223263888888889,0.0,0.03449926867318985,0.0,60.0,77.6429102907707,1.762364980102331,23.833022822227797,Low,seller,99.3646,3.3333333333333335,100.0,70.68
89a51f50b8095ea78d5768f34c13a76f,10,854.26,11,3.0,-11.805922769360269,-66.66666666666666,0.3373172804641521,0.48569886670264434,60.0,77.03468905242815,0.5495546712147056,23.832778725800598,Low,seller,99.3646,33.33333333333333,100.0,79.68
65a7c0788e4d632ccb5e1b594b87f0bb,3,384.12,9,3.0,-12.257033179012346,0.0,0.1489813982763505,0.10793308148947653,60.0,77.22827331256664,1.762364980102331,23.832155184750505,Low,seller,99.3646,10.0,100.0,72.68
08d1c9478fb0d7d7fcac9c0da4e82fc7,1,605.5699999999999,1,3.0,-12.253541666666667,0.0,0.2376932311569577,0.0,60.0,77.22677500567825,1.762364980102331,23.831560718209058,Low,seller,99.3646,3.3333333333333335,100.0,70.68
a72f15980dc3e9bfd1a49ac9b2f3af65,1,108.63000000000001,1,3.0,-13.178680555555555,0.0,0.03862139448191168,0.0,60.0,77.62377831905563,1.762364980102331,23.831389664213148,Low,seller,99.3646,3.3333333333333335,100.0,70.68
447d377bdb757058acb569025ee18a93,1,83.00999999999999,1,3.0,-13.21351851851852,0.0,0.02835814246835938,0.0,60.0,77.638728276185,1.762364980102331,23.83055318217849,Low,seller,99.3646,3.3333333333333335,100.0,70.68
c3e2398fcc7e581cda2e546557bf6968,1,30.130000000000003,1,3.0,-13.30804398148148,0.0,0.007174662121886094,0.0,60.0,77.67929183096098,1.762364980102331,23.830282671290945,Low,seller,99.3646,3.3333333333333335,100.0,70.68
6650fcccd8cd2f7e55ffa524f30c4c59,3,695.7,3,3.0,-11.643778935185184,0.0,0.27379888705006733,0.10793308148947653,60.0,76.96510853842713,1.762364980102331,23.830125715261694,Low,seller,99.3646,10.0,100.0,72.68
fe9d9cf8631285d5982c6e2cf27fb114,1,93.54,1,3.0,-13.181296296296296,0.0,0.032576411153086376,0.0,60.0,77.62490080753112,1.762364980102331,23.829744542485827,Low,seller,99.3646,3.3333333333333335,100.0,70.68
3492e68f37fd1df87f4f2f2ea247f445,8,957.26,9,3.0,-7.265838477366255,100.0,0.3785785980830392,0.37776578521316784,60.0,75.08641022793839,3.581580443433769,23.829134604262336,Low,seller,99.3646,26.666666666666668,100.0,77.68
39d61be7a92eb77b7da367bd4845bc0e,7,909.62,14,3.0,-10.38787533068783,0.0,0.3594942371960122,0.32379924446842956,60.0,76.42616471252563,1.762364980102331,23.828959287164988,Low,seller,99.3646,23.333333333333332,100.0,76.68
a37c340b91cb0169e8b029db6440fba2,5,439.95000000000005,5,3.0,-11.65300462962963,0.0,0.17134663480705406,0.21586616297895306,60.0,76.96906754534666,1.762364980102331,23.82696716099909,Low,seller,99.3646,16.666666666666664,100.0,74.68
a7c88262832dfc683781d6a421edefae,5,1602.42,5,3.0,-11.366541666666667,-66.66666666666666,0.6370266725976139,0.21586616297895306,60.0,76.84613817028517,0.5495546712147056,23.826950735188266,Low,seller,99.3646,16.666666666666664,100.0,74.68
cad10cc982ab6a391570c211b995c17c,1,60.19,1,3.0,-13.199884259259258,0.0,0.019216557341534105,0.0,60.0,77.63287742917556,1.762364980102331,23.826933079589026,Low,seller,99.3646,3.3333333333333335,100.0,70.68
f8f35af4634605e6693c17cc3ffff5a8,1,106.39,1,3.0,-13.10633101851852,0.0,0.03772406097253005,0.0,60.0,77.59273108250554,1.762364980102331,23.826463378677822,Low,seller,99.3646,3.3333333333333335,100.0,70.68
d4a5e99e0dd915df64ba55a7fbd583fd,2,149.75,6,3.0,-12.787042824074073,0.0,0.05509387390413145,0.053966540744738264,60.0,77.4557154704292,1.762364980102331,23.824613615932037,Low,seller,99.3646,6.666666666666667,100.0,71.68
bc07d855eac23aab5ac8a120f21d16b2,12,1496.18,13,3.0,-10.052173032407408,-66.66666666666666,0.5944674261526569,0.5936319481921208,60.0,76.28210534335804,0.5495546712147056,23.824019483519002,Low,seller,99.3646,40.0,100.0,81.68
9ed65337433adfbedefd23dd76eaa494,6,1343.65,6,3.0,-9.696184413580248,0.0,0.533364622498202,0.26983270372369134,60.0,76.12934053917957,1.762364980102331,23.823105141567552,Low,seller,99.3646,20.0,100.0,75.68
67225bff54a172ff67579aaf583efd78,8,1393.11,8,3.0,-10.5734765625,-50.0,0.5531780668616015,0.37776578521316784,60.0,76.50581146057753,0.8527572484366117,23.821542310292067,Low,seller,99.3646,26.666666666666668,100.0,77.68
7f40d06aa0b5f1aa4f41af8c0480e2ef,6,1435.6200000000001,6,3.0,-9.496554783950618,0.0,0.5702073737740181,0.26983270372369134,60.0,76.04367380809397,1.762364980102331,23.821307957287456,Low,seller,99.3646,20.0,100.0,75.68
954e95f20808d7e5d11f0de292d078e0,3,277.96,4,3.0,-13.696814236111111,-50.0,0.10645419945672864,0.10793308148947653,60.0,77.84612416401305,0.8527572484366117,23.821113879655005,Low,seller,99.3646,10.0,100.0,72.68
76623fde66e6b63b59440fd34160512d,3,88.74000000000001,3,3.0,-12.632060185185187,0.0,0.030653553632982906,0.10793308148947653,60.0,77.38920802825612,1.762364980102331,23.820797038710914,Low,seller,99.3646,10.0,100.0,72.68
bee36b4f9a2b9fdcaff6ec05df202ed0,2,53.48,2,3.0,-12.889861111111111,0.0,0.01652856276655612,0.053966540744738264,60.0,77.49983771101356,1.762364980102331,23.819662358678418,Low,seller,99.3646,6.666666666666667,100.0,71.68
a5dd1946fb63ada8bcaa0c9cd8f11e22,6,426.33000000000004,7,3.0,-8.524770171957671,100.0,0.16589052659376047,0.26983270372369134,60.0,75.62665349310785,3.581580443433769,23.819381402218603,Low,seller,99.3646,20.0,100.0,75.68
40ec8ab6cdafbcc4f544da38c67da39a,2,157.0,2,3.0,-12.683148148148147,0.0,0.05799818995012107,0.053966540744738264,60.0,77.41113132087042,1.762364980102331,23.81879728831202,Low,seller,99.3646,6.666666666666667,100.0,71.68
0aea4c6ae1505b3228ddf3dd7822ee5b,8,1579.66,8,3.0,-5.943143807870371,100.0,0.6279091231897899,0.37776578521316784,60.0,74.51880446335191,3.581580443433769,23.81879289710639,Low,seller,99.3646,26.666666666666668,100.0,77.68
9140ef75cc8211c4035935e80e567204,1,72.18,1,3.0,-13.030023148148148,0.0,0.024019695188625918,0.0,60.0,77.5599852129527,1.762364980102331,23.817440188509725,Low,seller,99.3646,3.3333333333333335,100.0,70.68
b45d7ebfb7378630f1bcd74b6ff86ff7,5,1110.01,5,3.0,-11.661130401234567,-50.0,0.43976953270716546,0.21586616297895306,60.0,76.97255454420667,0.8527572484366117,23.81705630703155,Low,seller,99.3646,16.666666666666664,100.0,74.68
9c7fd21e0aa159b20da593371f08ff7c,7,921.8000000000001,8,3.0,-10.173272569444444,0.0,0.3643734881532748,0.32379924446842956,60.0,76.33407258636294,1.762364980102331,23.816609243527765,Low,seller,99.3646,23.333333333333332,100.0,76.68
ba6b68b55fe8704377a7d43c8e5c0185,5,832.22,5,3.0,-12.85537962962963,-75.0,0.3284881596843437,0.21586616297895306,60.0,77.48504073018968,0.3979533826037522,23.815064436438867,Low,seller,99.3646,16.666666666666664,100.0,74.68
38f276ca6e7cc95a6d1bb55ac9e5550f,1,36.839999999999996,1,3.0,-13.043113425925926,0.0,0.009862656696864074,0.0,60.0,77.56560262209334,1.762364980102331,23.81403568833329,Low,seller,99.3646,3.3333333333333335,100.0,70.68
c6218512d16fcac0af02fe92691cf274,8,868.64,8,3.0,-11.415335648148147,-50.0,0.3430778411181288,0.37776578521316784,60.0,76.86707705044,0.8527572484366117,23.812702081048393,Low,seller,99.3646,26.666666666666668,100.0,77.68
70125af26c2d6d4ef401a1d02ae7701f,5,629.62,8,3.0,-2.5977184606481476,300.0,0.24732754852330952,0.21586616297895306,60.0,73.08318764575276,7.220011370096646,23.812644089174306,Low,seller,99.3646,16.666666666666664,100.0,74.68
f12d3c2a14729ae461b920c11fe20fdc,9,459.32,11,3.0,-11.242855639730639,-25.0,0.17910616609130495,0.4317323259579061,60.0,76.79306099116988,1.3075611142694712,23.811380191419296,Low,seller,99.3646,30.0,100.0,78.68
d9442042130b7fe579d1295f9f4a248f,19,1111.04,22,3.0,-7.209608059764309,0.0,0.44018214588335425,0.9713977334052887,60.0,75.062280162314,1.762364980102331,23.81048259947366,Low,seller,99.3646,63.33333333333333,100.0,88.68
c32fc744b9160ac853450488e3cfea93,3,223.52,3,3.0,-12.208125,0.0,0.08464579041622175,0.10793308148947653,60.0,77.20728542701522,1.762364980102331,23.80970631955975,Low,seller,99.3646,10.0,100.0,72.68
04ee0ec01589969663ba5967c0e0bdc0,1,314.32,1,3.0,-12.453877314814815,0.0,0.12101984517151247,0.0,60.0,77.31274470931696,1.762364980102331,23.80945415795923,Low,seller,99.3646,3.3333333333333335,100.0,70.68
42b6488f5b8246d9141712abd4b1b693,2,289.8,2,3.0,-12.268130787037038,0.0,0.11119724800631721,0.053966540744738264,60.0,77.23303561064888,1.762364980102331,23.808042649195645,Low,seller,99.3646,6.666666666666667,100.0,71.68
091065b789659bc3cd9af9cb3a6253ff,2,1444.37,2,3.0,-10.104918981481482,0.0,0.57371258279504,0.053966540744738264,60.0,76.30474012479588,1.762364980102331,23.807552926754312,Low,seller,99.3646,6.666666666666667,100.0,71.68
4a82168aaef173cbb6e46ae88728f919,4,612.39,4,3.0,-13.123188657407407,-66.66666666666666,0.24042529121677142,0.16189962223421478,60.0,77.59996517305669,0.5495546712147056,23.807552736003558,Low,seller,99.3646,13.333333333333334,100.0,73.68
b8a0adc91af209270c2c725168eb00fd,6,388.49,6,3.0,-12.648800154320988,-50.0,0.15073199981027804,0.26983270372369134,60.0,77.39639162338173,0.8527572484366117,23.807412244224928,Low,seller,99.3646,20.0,100.0,75.68
4342d4b2ba6b161468c63a7e7cfce593,20,3163.31,20,3.0,-5.592731481481482,-87.5,1.262311896463096,1.0253642741500268,60.0,74.36843260427707,0.17055144968732233,23.80735467308673,Low,seller,99.3646,66.66666666666666,100.0,89.68
bc39d8938f90a3a2b98193723ed59774,2,329.11,2,3.0,-12.180769675925927,0.0,0.1269446499053313,0.053966540744738264,60.0,77.1955464822726,1.762364980102331,23.807143500508907,Low,seller,99.3646,6.666666666666667,100.0,71.68
3d290fe363c60a77498c1126fd3fb8d3,3,234.04,3,3.0,-12.145605709876543,0.0,0.08886005314778185,0.10793308148947653,60.0,77.1804566279807,1.762364980102331,23.806946278524045,Low,seller,99.3646,10.0,100.0,72.68
30a81d8cf85fb2ada1b1b094c9583a95,17,1413.52,20,3.0,-7.0066145833333335,0.0,0.5613542172752083,0.8634646519158122,60.0,74.97516990924282,1.762364980102331,23.806784412558173,Low,seller,99.3646,56.666666666666664,100.0,86.68
1b7e5006cb25dd23ce8686691013b121,11,2785.96,11,3.0,-5.683180765993266,0.0,1.1111472537107945,0.5396654074473827,60.0,74.4072469553708,1.762364980102331,23.805584069290937,Low,seller,99.3646,36.666666666666664,100.0,80.68
a0a14e50070f3225b3eabba5b85da517,4,248.64,4,3.0,-11.88470775462963,0.0,0.09470874477142992,0.16189962223421478,60.0,77.06849792217946,1.762364980102331,23.805398715327136,Low,seller,99.3646,13.333333333333334,100.0,73.68
615005a3ef192c00c6f0e977cee3d2bc,10,442.14,11,3.0,-10.264978956228957,0.0,0.17222393855060125,0.48569886670264434,60.0,76.37342639566508,1.762364980102331,23.805342355600835,Low,seller,99.3646,33.33333333333333,100.0,79.68
1976a05ecf2996d6ffb7b5430e635fe7,8,2190.66,9,3.0,-7.413405349794238,0.0,0.8726728616862948,0.37776578521316784,60.0,75.14973535457858,1.762364980102331,23.8049401060062,Low,seller,99.3646,26.666666666666668,100.0,77.68
52092ddbd3a58c450a4459bf051b2287,6,427.05,6,3.0,-11.095829475308642,0.0,0.16617895522177598,0.26983270372369134,60.0,76.72996789765739,1.762364980102331,23.8030435451563,Low,seller,99.3646,20.0,100.0,75.68
c26ba52cf8d2f34915f2f6b7ffa0a3f3,4,172.65,4,3.0,-13.386462191358026,-50.0,0.06426750665629179,0.16189962223421478,60.0,77.71294330699773,0.8527572484366117,23.801972378448763,Low,seller,99.3646,13.333333333333334,100.0,73.68
e88f7a2995ba184710d339c5c4bf2e30,2,287.51,2,3.0,-12.174120370370371,0.0,0.11027988473110119,0.053966540744738264,60.0,77.19269307683379,1.762364980102331,23.801716060140816,Low,seller,99.3646,6.666666666666667,100.0,71.68
9449f25aeaf531019b76999ea49a6949,10,2225.84,10,3.0,-6.869997427983539,0.0,0.8867658049273867,0.48569886670264434,60.0,74.9165436164889,1.762364980102331,23.801172498637445,Low,seller,99.3646,33.33333333333333,100.0,79.68
aec99834ab5d38ead22766ada8497e87,1,476.51,1,3.0,-12.015474537037036,0.0,0.18599239958517552,0.0,60.0,77.12461365411869,1.762364980102331,23.80072626600359,Low,seller,99.3646,3.3333333333333335,100.0,70.68
d9e7e7778b32987280a6f2cb9a39c57d,11,986.39,13,3.0,-8.96062410968661,0.0,0.3902479396581672,0.5396654074473827,60.0,75.81369076881333,1.762364980102331,23.80028084709153,Low,seller,99.3646,36.666666666666664,100.0,80.68
a7a9b880c49781da66651ccf4ba9ac38,3,373.07000000000005,4,3.0,-11.769675925925926,0.0,0.14455482002694564,0.10793308148947653,60.0,77.0191345047643,1.762364980102331,23.799456390105327,Low,seller,99.3646,10.0,100.0,72.68
bec568278124768c474ee90971ca94d1,2,249.06,2,3.0,-12.18375,0.0,0.09487699480443898,0.053966540744738264,60.0,77.19682542378783,1.762364980102331,23.797715045205926,Low,seller,99.3646,6.666666666666667,100.0,71.68
5721089ba9214e80074f27d5a03fc0eb,5,312.57,7,3.0,-12.3767791005291,-33.33333333333333,0.12031880336730806,0.21586616297895306,60.0,77.27965968079366,1.1559598256585182,23.79760711643983,Low,seller,99.3646,16.666666666666664,100.0,74.68
160851d3ece7aa1a510f8d1a4bb8a8af,2,141.14999999999998,2,3.0,-12.36245949074074,0.0,0.05164875418061271,0.053966540744738264,60.0,77.27351473045103,1.762364980102331,23.796249969018255,Low,seller,99.3646,6.666666666666667,100.0,71.68
b080809eaacb49e5ca07290981472431,11,567.4,11,3.0,-9.670307239057239,0.0,0.22240250791896818,0.5396654074473827,60.0,76.1182359102964,1.762364980102331,23.79560898879223,Low,seller,99.3646,36.666666666666664,100.0,80.68
f26d70155c2b6326fcfa1780c8c684e4,1,219.06,1,3.0,-12.396875,0.0,0.08285913530379226,0.0,60.0,77.28828340072485,1.762364980102331,23.794336748710098,Low,seller,99.3646,3.3333333333333335,100.0,70.68
c8660dcf9ba70575f45d80fe28c27713,4,438.99,7,3.0,-11.332929894179895,0.0,0.17096206330303335,0.16189962223421478,60.0,76.83171440623634,1.762364980102331,23.792757183495148,Low,seller,99.3646,13.333333333333334,100.0,73.68
f1b93673502375d491780bb49d615dbc,8,2959.28,10,3.0,-5.786733796296296,0.0,1.1805784339991976,0.37776578521316784,60.0,74.45168449511138,1.762364980102331,23.792604148779994,Low,seller,99.3646,26.666666666666668,100.0,77.68
f5f1f2c5f923f36ad79ea1d07185ddc9,12,2115.83,13,3.0,-7.928001893939395,-50.0,0.8426963141385149,0.5936319481921208,60.0,75.37056331406856,0.8527572484366117,23.79207710324353,Low,seller,99.3646,40.0,100.0,81.68
ce3ad9de960102d0677a81f5d0bb7b2d,1,174.21,1,3.0,-12.443703703703704,0.0,0.06489243535032542,0.0,60.0,77.30837892449412,1.762364980102331,23.79196106728945,Low,seller,99.3646,3.3333333333333335,100.0,70.68
2305ab43e846518f58dd9d59f3f54e96,3,831.26,3,3.0,-10.79204475308642,0.0,0.328103588180323,0.10793308148947653,60.0,76.5996052648418,1.762364980102331,23.79159163456297,Low,seller,99.3646,10.0,100.0,72.68
3bfba5a77604f6dfae7e6dd7aaf65821,4,2218.19,4,3.0,-7.988081597222222,0.0,0.8837012507547216,0.16189962223421478,60.0,75.39634521725789,1.762364980102331,23.79127356138389,Low,seller,99.3646,13.333333333333334,100.0,73.68
262237171f48e85819065498cac80d7b,4,749.0,10,3.0,-10.707671296296295,0.0,0.2951506174295497,0.16189962223421478,60.0,76.56339822359742,1.762364980102331,23.789766322337265,Low,seller,99.3646,13.333333333333334,100.0,73.68
9fc70243fb26800cba56e8f014797004,6,571.3000000000001,7,3.0,-10.61634093915344,0.0,0.2239648296540523,0.26983270372369134,60.0,76.52420577927028,1.762364980102331,23.789514989727913,Low,seller,99.3646,20.0,100.0,75.68
e644cbadf7eeb30d0d29f335ce7d52ec,8,1063.5900000000001,10,3.0,-9.273046553497942,0.0,0.42117389810649813,0.37776578521316784,60.0,75.94776009273454,1.762364980102331,23.789194127655655,Low,seller,99.3646,26.666666666666668,100.0,77.68
f419677537694f0462a91990df6ca44f,6,299.28,6,3.0,-5.464660493827161,200.0,0.11499489160852157,0.26983270372369134,60.0,74.31347371425858,5.400795906765207,23.789057291228787,Low,seller,99.3646,20.0,100.0,75.68
3d0cd21d41671c46f82cd11176bf7277,9,622.38,11,3.0,-11.294749579124579,-50.0,0.24442723843048675,0.4317323259579061,60.0,76.81533015111012,0.8527572484366117,23.788836500528802,Low,seller,99.3646,30.0,100.0,78.68
a3082f442524a1be452e3189e003b361,3,399.25,4,3.0,-11.553356481481481,0.0,0.15504240541784334,0.10793308148947653,60.0,76.92630570119346,1.762364980102331,23.788678345186973,Low,seller,99.3646,10.0,100.0,72.68
14ee35374a7876217954b5fa08e50463,6,923.05,6,3.0,-7.119226466049383,100.0,0.36487423229913507,0.26983270372369134,60.0,75.0234948592594,3.581580443433769,23.78860271885295,Low,seller,99.3646,20.0,100.0,75.68
14f2b3587172b9db894c9bad8dab520b,2,330.06,2,3.0,-11.889890046296296,0.0,0.1273252154561851,0.053966540744738264,60.0,77.070721790387,1.762364980102331,23.78853396639132,Low,seller,99.3646,6.666666666666667,100.0,71.68
d7485b33791774c36108f8c69602d48d,10,619.14,10,3.0,-11.547700231481482,-66.66666666666666,0.2431293096044169,0.48569886670264434,60.0,76.92387844403429,0.5495546712147056,23.787900743283597,Low,seller,99.3646,33.33333333333333,100.0,79.68
6eeed17989b0ae47c9f11ece6f38ea90,3,676.01,3,3.0,-12.433395061728396,-50.0,0.2659111652644762,0.10793308148947653,60.0,77.30395519410102,0.8527572484366117,23.78762562391053,Low,seller,99.3646,10.0,100.0,72.68
dbec9a0a7efeff029d4d9dce7dc4cc95,3,1288.59,3,3.0,-11.271161265432099,-50.0,0.5113078443613485,0.10793308148947653,60.0,76.80520773727001,0.8527572484366117,23.78643250911494,Low,seller,99.3646,10.0,100.0,72.68
8ff1a9df749e454105c55cda13e79143,13,1677.81,14,3.0,-9.294878472222223,-80.0,0.667227553522739,0.6475984889368591,60.0,75.95712878772189,0.3069926094371802,23.78633646739304,Low,seller,99.3646,43.333333333333336,100.0,82.68
6c6e3d67f969468f3bfd33f827a31222,5,316.41,6,3.0,-11.22832561728395,0.0,0.12185708938339086,0.21586616297895306,60.0,76.78682574679299,1.762364980102331,23.784784027588938,Low,seller,99.3646,16.666666666666664,100.0,74.68
377bc18334c78dd2f1535ef22a3ad225,1,224.44,1,3.0,-12.23837962962963,0.0,0.0850143381075749,0.0,60.0,77.2202685459309,1.762364980102331,23.78478108133214,Low,seller,99.3646,3.3333333333333335,100.0,70.68
e45edf75f568ed2f93f78d060e246e25,6,278.21999999999997,7,3.0,-8.253103505291005,100.0,0.10655835423906757,0.26983270372369134,60.0,75.51007362807766,3.581580443433769,23.78409477075767,Low,seller,99.3646,20.0,100.0,75.68
a13580f0e8f782b7a543885a0ef99f08,10,1563.68,10,3.0,-7.810491898148149,0.0,0.621507610029112,0.48569886670264434,60.0,75.320136444931,1.762364980102331,23.782133964434276,Low,seller,99.3646,33.33333333333333,100.0,79.68
c89cf7c468a48af70aada384e722f9e2,14,971.01,14,3.0,-9.479495701058202,-50.0,0.38408678368750226,0.7015650296815974,60.0,76.03635327221248,0.8527572484366117,23.781346008202185,Low,seller,99.3646,46.666666666666664,100.0,83.68
1588ac4010787100dddef64568f0ae35,3,645.97,3,3.0,-8.147862654320988,100.0,0.253877281951162,0.10793308148947653,60.0,75.46491179666019,3.581580443433769,23.781041268800124,Low,seller,99.3646,10.0,100.0,72.68
296729ffb9b684050dd24836dac4494a,2,149.61,2,3.0,-12.103043981481482,0.0,0.0550377905597951,0.053966540744738264,60.0,77.16219218423194,1.762364980102331,23.780568297999146,Low,seller,99.3646,6.666666666666667,100.0,71.68
3076499bbc033a927bf4a8a41bcf7fd4,7,483.63,9,3.0,-9.013213734567902,50.0,0.18884463823999567,0.32379924446842956,60.0,75.8362584671102,2.67197271176805,23.78023924383244,Low,seller,99.3646,23.333333333333332,100.0,76.68
74a9b9bddf14ece02beb81f52c41a88d,2,117.06,2,3.0,-12.131886574074073,0.0,0.04199841300159341,0.053966540744738264,60.0,77.1745693580414,1.762364980102331,23.778513060803107,Low,seller,99.3646,6.666666666666667,100.0,71.68
b9de031b671cd48b28fae9d828cbf2b4,1,198.69,1,3.0,-12.189074074074075,0.0,0.07469900870285313,0.0,60.0,77.19911013484415,1.762364980102331,23.77851272084771,Low,seller,99.3646,3.3333333333333335,100.0,70.68
5a4236931428800e9d9cc04af0987118,1,90.66,3,3.0,-12.37732638888889,0.0,0.03142269664102429,0.0,60.0,77.27989453773765,1.762364980102331,23.777647487663188,Low,seller,99.3646,3.3333333333333335,100.0,70.68
e560e4022d8f7aebf155db95946c5c0f,2,870.21,2,3.0,-10.696631944444444,0.0,0.3437067757653293,0.053966540744738264,60.0,76.55866092488978,1.762364980102331,23.776639304659483,Low,seller,99.3646,6.666666666666667,100.0,71.68
e8ff5a6ceb895583033fc2a0f314e3c2,1,158.96999999999997,1,3.0,-12.216157407407408,0.0,0.058787362723996865,0.0,60.0,77.21073236065237,1.762364980102331,23.77548256092529,Low,seller,99.3646,3.3333333333333335,100.0,70.68
d197aa8fbc64087f61984deef05f6227,6,630.65,7,3.0,-10.284887566137566,0.0,0.24774016169949836,0.26983270372369134,60.0,76.38196974433778,1.762364980102331,23.775312184101672,Low,seller,99.3646,20.0,100.0,75.68
4e6015589b781adaa5ce7f1892d06bb1,3,740.5,3,3.0,-12.117384259259259,-50.0,0.29174555723769974,0.10793308148947653,60.0,77.16834600379451,0.8527572484366117,23.775034562956517,Low,seller,99.3646,10.0,100.0,72.68
2709af9587499e95e803a6498a5a56e9,26,1859.02,47,3.0,-3.787164100241546,0.0,0.7398194308598122,1.3491635186184565,60.0,73.59361247565911,1.762364980102331,23.774515078271655,Low,seller,99.3646,86.66666666666667,100.0,95.68
247587846358bb1d2e4c6522020b36fe,1,121.51,1,3.0,-12.269097222222221,0.0,0.043781062160856005,0.0,60.0,77.23345033537323,1.762364980102331,23.774388366964473,Low,seller,99.3646,3.3333333333333335,100.0,70.68
0fe2d9733ed841eb064503920015a8c0,3,498.35,3,3.0,-12.552743055555554,-50.0,0.19474140130164633,0.10793308148947653,60.0,77.35517080028015,0.8527572484366117,23.773957035648547,Low,seller,99.3646,10.0,100.0,72.68
0e72c1a751b496722a6cb1f10653b62a,3,192.10000000000002,3,3.0,-11.699143518518518,0.0,0.07205908556587774,0.10793308148947653,60.0,76.98886705003125,1.762364980102331,23.77316755155705,Low,seller,99.3646,10.0,100.0,72.68
1d503743d2526f03f0c2c89540ee008c,12,720.53,17,3.0,-8.82068491285403,0.0,0.28374566876343593,0.5936319481921208,60.0,75.75363889392065,1.762364980102331,23.772814019775392,Low,seller,99.3646,40.0,100.0,81.68
85044848b1b767db2a4a58526adef4b4,4,305.51,4,3.0,-11.27144386574074,0.0,0.1174906004314892,0.16189962223421478,60.0,76.80532900907065,1.762364980102331,23.772757935058827,Low,seller,99.3646,13.333333333333334,100.0,73.68
cb5ff1b9715e99589f3e0c7a6afab9e3,4,139.03000000000003,4,3.0,-11.581912615740741,0.0,0.05079949210923369,0.16189962223421478,60.0,76.93855994761455,1.762364980102331,23.77273524334374,Low,seller,99.3646,13.333333333333334,100.0,73.68
2ee0a0689f2f6a72f35a7cb6033f6e7e,4,324.84000000000003,4,3.0,-11.232589699074074,0.0,0.1252341079030726,0.16189962223421478,60.0,76.7886555851227,1.762364980102331,23.772579973708112,Low,seller,99.3646,13.333333333333334,100.0,73.68
e72b4feb7abe210c52aa667abc25a3a2,1,55.64,2,3.0,-12.354907407407408,0.0,0.017393848650602686,0.0,60.0,77.27027391748527,1.762364980102331,23.771995740228206,Low,seller,99.3646,3.3333333333333335,100.0,70.68
94165aea8a35c3c21499cbcae239b16c,1,196.11,1,3.0,-12.091087962962963,0.0,0.07366547278579752,0.0,60.0,77.15706151788156,1.762364980102331,23.771895367528206,Low,seller,99.3646,3.3333333333333335,100.0,70.68
1cbcd2ee0afb3fc09963b87eb65e7e4f,1,130.64999999999998,3,3.0,-12.212650462962962,0.0,0.04744250335538636,0.0,60.0,77.2092274314131,1.762364980102331,23.771853363728816,Low,seller,99.3646,3.3333333333333335,100.0,70.68
e0b162a693bc7f9eab00f783a31d60ea,1,49.69,1,3.0,-12.359861111111112,0.0,0.015010306516307753,0.0,60.0,77.27239969212029,1.762364980102331,23.771599543783168,Low,seller,99.3646,3.3333333333333335,100.0,70.68
ee2fbacc2fc3794e656cc4d933d59ce7,2,518.7,3,3.0,-11.261554783950617,0.0,0.20289351599625172,0.053966540744738264,60.0,76.80108532384232,1.762364980102331,23.770758986571643,Low,seller,99.3646,6.666666666666667,100.0,71.68
fd312b6bf05efac6c3772d5b52205d8a,2,164.32,4,3.0,-11.917482638888888,0.0,0.06093054766827887,0.053966540744738264,60.0,77.08256255377452,1.762364980102331,23.77039168056308,Low,seller,99.3646,6.666666666666667,100.0,71.68
07d75e33f2750d97d467fb57e4dfdd8a,2,759.59,2,3.0,-10.805295138888889,0.0,0.299392921833278,0.053966540744738264,60.0,76.6052913808729,1.762364980102331,23.770339716877338,Low,seller,99.3646,6.666666666666667,100.0,71.68
e1643dff33666ca629e3644c02738179,3,199.31,3,3.0,-11.630702160493826,0.0,0.07494737779919984,0.10793308148947653,60.0,76.95949692384352,1.762364980102331,23.76962852029889,Low,seller,99.3646,10.0,100.0,72.68
c0e0b73d039eb9a99b6ce4cb7a429cd3,1,37.56,1,3.0,-12.351886574074074,0.0,0.010151085324879598,0.0,60.0,77.26897759229897,1.762364980102331,23.76962846245254,Low,seller,99.3646,3.3333333333333335,100.0,70.68
2e1a7d075abe038c1b2743005fe42ff1,19,1750.55,23,3.0,-5.369231902356902,0.0,0.6963668568586404,0.9713977334052887,60.0,74.27252260144769,1.762364980102331,23.7688743786363,Low,seller,99.3646,63.33333333333333,100.0,88.68
e503f22be6a4f456d9851920a5d9c670,2,231.34,2,3.0,-11.753472222222221,0.0,0.08777844579272365,0.053966540744738264,60.0,77.01218103633202,1.762364980102331,23.767888822384037,Low,seller,99.3646,6.666666666666667,100.0,71.68
ea00f977a203ff88adf7057cb7806998,19,573.4,19,3.0,-5.532168209876543,71.42857142857143,0.22480607981909753,0.9713977334052887,60.0,74.3424431882176,3.061804596767644,23.767838195206455,Low,seller,99.3646,63.33333333333333,100.0,88.68
139157dd4daa45c25b0807ffff348363,1,37.68,1,3.0,-12.320752314814815,0.0,0.010199156762882184,0.0,60.0,77.25561699938268,1.762364980102331,23.7676387949465,Low,seller,99.3646,3.3333333333333335,100.0,70.68
fec8cd45395b3cb0c2b173d7739706a1,4,1376.94,4,3.0,-10.577748842592593,-50.0,0.5467004405907531,0.16189962223421478,60.0,76.50764481703115,0.8527572484366117,23.765907485134115,Low,seller,99.3646,13.333333333333334,100.0,73.68
6a3139c7bf09ece22a4713d956acbe5e,1,76.64,1,3.0,-12.218449074074075,0.0,0.025806350301055395,0.0,60.0,77.21171577975922,1.762364980102331,23.76573577006443,Low,seller,99.3646,3.3333333333333335,100.0,70.68
4965a7002cca77301c82d3f91b82e1a9,1,16.36,1,3.0,-12.329814814814815,0.0,0.0016584646110892468,0.0,60.0,77.25950597494159,1.762364980102331,23.765659933634797,Low,seller,99.3646,3.3333333333333335,100.0,70.68
579891617139df7d8671d373f0669622,8,408.5,8,3.0,-10.105457175925926,0.0,0.1587479120972094,0.37776578521316784,60.0,76.30497107928309,1.762364980102331,23.76404797983515,Low,seller,99.3646,26.666666666666668,100.0,77.68
7402d13c03a7e91366337cd1de471144,4,659.5699999999999,4,3.0,-10.469182098765431,0.0,0.2593253782581218,0.16189962223421478,60.0,76.46105575074107,1.762364980102331,23.763667379657385,Low,seller,99.3646,13.333333333333334,100.0,73.68
a0d7fbb07bb5ebc3b05980e750db56f3,3,1085.18,4,3.0,-11.292520254629629,-50.0,0.42982275099379685,0.10793308148947653,60.0,76.81437348479577,0.8527572484366117,23.763361843233533,Low,seller,99.3646,10.0,100.0,72.68
cb9fb4ca75d7ba8437480e8dde64fe98,10,705.56,10,3.0,-10.993136574074075,-66.66666666666666,0.2777487568726132,0.48569886670264434,60.0,76.685899463674,0.5495546712147056,23.762589730410017,Low,seller,99.3646,33.33333333333333,100.0,79.68
41c9d3997dd3c072c31139dc5bb5761f,3,1110.54,3,3.0,-9.816871141975309,0.0,0.4399818482250102,0.10793308148947653,60.0,76.1811306342982,1.762364980102331,23.762383917994836,Low,seller,99.3646,10.0,100.0,72.68
35fb511489d9ee3ee27a76debce9df06,7,586.79,7,3.0,-9.936213624338624,0.0,0.23017005110955285,0.32379924446842956,60.0,76.232343875352,1.762364980102331,23.761088905763007,Low,seller,99.3646,23.333333333333332,100.0,76.68
aae5953b9edddf14749c0d65d60eb4b9,2,202.90000000000003,2,3.0,-11.700075231481481,0.0,0.07638551498611057,0.053966540744738264,60.0,76.9892668744661,1.762364980102331,23.761033818862167,Low,seller,99.3646,6.666666666666667,100.0,71.68
b9c0ffa92f3ff9a5a3d45ef7213c0842,3,572.17,3,3.0,-10.798113425925925,0.0,0.22431334757957103,0.10793308148947653,60.0,76.60220950432846,1.762364980102331,23.76084519830574,Low,seller,99.3646,10.0,100.0,72.68
7315baebc0572ff220d226283dc66728,2,76.22,2,3.0,-11.92541087962963,0.0,0.025638100268046336,0.053966540744738264,60.0,77.08596478654317,1.762364980102331,23.760314281258307,Low,seller,99.3646,6.666666666666667,100.0,71.68
72c73be2b085b9d57650dd53eb2004c9,1,47.32,1,3.0,-12.179050925925926,0.0,0.014060895615756663,0.0,60.0,77.19480891794247,1.762364980102331,23.75967610438633,Low,seller,99.3646,3.3333333333333335,100.0,70.68
c70a353f02429c00775a46a75fb787da,6,336.94,6,3.0,-10.585632716049384,0.0,0.13008131123500008,0.26983270372369134,60.0,76.511028010541,1.762364980102331,23.75937326889281,Low,seller,99.3646,20.0,100.0,75.68
478bfe564db21eeb44386606aa30b650,3,230.8,3,3.0,-12.813094135802467,-50.0,0.08756212432171201,0.10793308148947653,60.0,77.46689482652181,0.8527572484366117,23.758561856490815,Low,seller,99.3646,10.0,100.0,72.68
65c255b299faf2d12050937cc219c46c,2,110.08000000000001,2,3.0,-11.834837962962961,0.0,0.03920225769110961,0.053966540744738264,60.0,77.04709738138835,1.762364980102331,23.758553417712,Low,seller,99.3646,6.666666666666667,100.0,71.68
4a1917ef994878940e1fb03eeb787ad7,2,846.6199999999999,3,3.0,-10.452704475308641,0.0,0.3342567322446541,0.053966540744738264,60.0,76.45398473558053,1.762364980102331,23.758102863206894,Low,seller,99.3646,6.666666666666667,100.0,71.68
cf1313c6e2c01c2f4b014f97db4bcd2b,5,397.0,5,3.0,-10.659053240740741,0.0,0.15414106595529484,0.21586616297895306,60.0,76.5425348382427,1.762364980102331,23.757825584277967,Low,seller,99.3646,16.666666666666664,100.0,74.68
7b3447b497e55af8c15fc7bd89d7b81a,1,70.65,1,3.0,-12.07638888888889,0.0,0.023406784354092932,0.0,60.0,77.15075372866086,1.762364980102331,23.75587159261559,Low,seller,99.3646,3.3333333333333335,100.0,70.68
a1bea9970d8f65b240555f99c2214f7f,1,102.48,1,3.0,-12.009479166666667,0.0,0.0361577332842791,0.0,60.0,77.12204087079874,1.762364980102331,23.75538994861533,Low,seller,99.3646,3.3333333333333335,100.0,70.68
6bef34c5be6f2bbd70aa5165f6df94b1,2,1330.88,2,3.0,-9.485827546296296,0.0,0.5282490203040936,0.053966540744738264,60.0,76.03907044643303,1.762364980102331,23.754063406252598,Low,seller,99.3646,6.666666666666667,100.0,71.68
eddd1991bd6d9309995a480c39b95137,3,998.4100000000001,3,3.0,-7.062297453703704,100.0,0.3950630953647597,0.10793308148947653,60.0,74.99906500683402,3.581580443433769,23.753519994350277,Low,seller,99.3646,10.0,100.0,72.68
82921991ff5b557b045605b8bbf08d49,1,37.129999999999995,1,3.0,-12.09962962962963,0.0,0.009978829338703659,0.0,60.0,77.16072698909801,1.762364980102331,23.753339195176544,Low,seller,99.3646,3.3333333333333335,100.0,70.68
98f52e1020fe788c10c0418de4393fec,1,36.7,1,3.0,-12.096423611111112,0.0,0.009806573352527725,0.0,60.0,77.15935119570105,1.762364980102331,23.75308114937115,Low,seller,99.3646,3.3333333333333335,100.0,70.68
2009a095de2a2a41626f6c6d7722678d,8,582.43,12,3.0,-11.00682002314815,-50.0,0.2284234555287922,0.37776578521316784,60.0,76.69177141942691,0.8527572484366117,23.75200992071963,Low,seller,99.3646,26.666666666666668,100.0,77.68
59bbc819b99a733f02f0d6b49d1c253d,2,162.75,2,3.0,-11.633489583333333,0.0,0.060301613021078365,0.053966540744738264,60.0,76.96069308597264,1.762364980102331,23.751922579998634,Low,seller,99.3646,6.666666666666667,100.0,71.68
4e5725ba188db8252977a4f0227bd462,22,2313.2,25,3.0,-2.0119603587962964,50.0,0.9217618117932697,1.1332973556395036,60.0,72.83182224530773,2.67197271176805,23.75182349042082,Low,seller,99.3646,73.33333333333333,100.0,91.68
e595809a6c31ec4314fd06ef198c244d,1,57.230000000000004,1,3.0,-12.012407407407407,0.0,0.018030795204136963,0.0,60.0,77.12329746187972,1.762364980102331,23.750140355853432,Low,seller,99.3646,3.3333333333333335,100.0,70.68
4ce8b55b4bfa4659184e7becc1fba3f2,2,258.87,2,3.0,-11.394091435185185,0.0,0.09880683486115047,0.053966540744738264,60.0,76.85796055664899,1.762364980102331,23.74806426715211,Low,seller,99.3646,6.666666666666667,100.0,71.68
8c0de775f52fe41590b376a3b7c50f68,9,808.03,9,3.0,-10.783598090277778,-66.66666666666666,0.31879775897365553,0.4317323259579061,60.0,76.59598056247302,0.5495546712147056,23.747924960673995,Low,seller,99.3646,30.0,100.0,78.68
5ee7fd217d08dfe5d3e2f51f96a12c9a,9,1435.18,9,3.0,-7.712002314814815,0.0,0.5700311118346753,0.4317323259579061,60.0,75.2778717737707,1.762364980102331,23.746859679115715,Low,seller,99.3646,30.0,100.0,78.68
8a9260f2b0340411d6d2a56bcf4f7378,8,1396.94,9,3.0,-9.401024948559671,-50.0,0.5547123469245175,0.37776578521316784,60.0,76.00267924864771,0.8527572484366117,23.746532762521465,Low,seller,99.3646,26.666666666666668,100.0,77.68
08ad4ac1388e4420ca531c3edfc46198,6,310.66999999999996,7,3.0,-11.376779100529102,-33.33333333333333,0.11955767226560043,0.26983270372369134,60.0,76.85053134325918,1.1559598256585182,23.746501161665332,Low,seller,99.3646,20.0,100.0,75.68
134285d1f41da5c13a756ee8142c8a4e,3,1653.6299999999999,4,3.0,-9.952960069444444,-50.0,0.6575411587652178,0.10793308148947653,60.0,76.23953024949988,0.8527572484366117,23.745450880270575,Low,seller,99.3646,10.0,100.0,72.68
a70e9066dbfd10b6b97a3f54a1356762,2,2027.4,4,3.0,-8.0459375,0.0,0.8072716702837754,0.053966540744738264,60.0,75.42117282463347,1.762364980102331,23.745085557976573,Low,seller,99.3646,6.666666666666667,100.0,71.68
9d213f303afae4983637247556438ede,2,120.81,3,3.0,-11.582484567901234,0.0,0.04350064543917425,0.053966540744738264,60.0,76.93880538849433,1.762364980102331,23.743599135102322,Low,seller,99.3646,6.666666666666667,100.0,71.68
34a557286ead8fe75c989e0afcf7d98c,4,473.46000000000004,4,3.0,-10.463295717592592,0.0,0.18477058386927647,0.16189962223421478,60.0,76.45852973777427,1.762364980102331,23.74092203939571,Low,seller,99.3646,13.333333333333334,100.0,73.68
bd4431c1a8dfa744b59e1e2a8bc99b9e,7,1013.59,7,3.0,-9.76313492063492,-33.33333333333333,0.40114413227208695,0.32379924446842956,60.0,76.15807089896902,1.1559598256585182,23.74059966820994,Low,seller,99.3646,23.333333333333332,100.0,76.68
ac51cac5e20d69ff485a54746488ef48,4,833.77,4,3.0,-9.783479938271606,0.0,0.3291090824252104,0.16189962223421478,60.0,76.16680152256455,1.762364980102331,23.740464356681034,Low,seller,99.3646,13.333333333333334,100.0,73.68
1cd9e0cc1839d55516843def5600816d,5,926.72,5,3.0,-9.396141203703703,0.0,0.3663444171113808,0.21586616297895306,60.0,76.00058349533673,1.762364980102331,23.740193888188895,Low,seller,99.3646,16.666666666666664,100.0,74.68
269cff2d3c8d205c11f37a52402ea93b,4,1415.0,5,3.0,-8.653736111111112,0.0,0.5619470983439069,0.16189962223421478,60.0,75.68199643217534,1.762364980102331,23.73759499789826,Low,seller,99.3646,13.333333333333334,100.0,73.68
94ca168e8bcb407ab85c5da308863027,5,311.65999999999997,5,3.0,-7.668967592592592,100.0,0.11995426162912178,0.21586616297895306,60.0,75.25940435496722,3.581580443433769,23.737021516821933,Low,seller,99.3646,16.666666666666664,100.0,74.68
a35124e2d763d7ca3fbe3b97d143200f,4,490.39,7,3.0,-11.771755952380953,-50.0,0.19155266258080805,0.16189962223421478,60.0,77.02002710305896,0.8527572484366117,23.736220494635305,Low,seller,99.3646,13.333333333333334,100.0,73.68
340636a908b13bbe0f4fb63fbe1d0c03,5,993.1500000000001,6,3.0,-9.192627314814814,0.0,0.39295596399897964,0.21586616297895306,60.0,75.91324991853267,1.762364980102331,23.735077315734564,Low,seller,99.3646,16.666666666666664,100.0,74.68
13c2ed7698b3ca92dad49e849219da59,8,653.29,9,3.0,-9.191786265432098,0.0,0.25680963966931974,0.37776578521316784,60.0,75.91288900040928,1.762364980102331,23.734654186275712,Low,seller,99.3646,26.666666666666668,100.0,77.68
3a1a1fec38dd360f15fc912e821e169d,15,2378.63,15,3.0,-4.500921296296296,0.0,0.9479727633641802,0.7555315704263357,60.0,73.89990591460534,1.762364980102331,23.73449710681687,Low,seller,99.3646,50.0,100.0,84.68
a8739afb32aaa45e01815ca76f76f54b,13,563.56,15,3.0,-9.341207561728394,-37.5,0.22086422190288538,0.6475984889368591,60.0,75.97700991288116,1.0801591813530413,23.732726293872556,Low,seller,99.3646,43.333333333333336,100.0,82.68
0936e1837d0c79253456bbb2ffaaef10,1,70.02,2,3.0,-11.709918981481481,0.0,0.023154409304579345,0.0,60.0,76.9934911065387,1.762364980102331,23.73220648678241,Low,seller,99.3646,3.3333333333333335,100.0,70.68
7f5e4d5efad7e44b91115dd1decb65f3,3,257.32,9,3.0,-8.052304526748971,100.0,0.09818591212028371,0.10793308148947653,60.0,75.42390509623729,3.581580443433769,23.728182852787427,Low,seller,99.3646,10.0,100.0,72.68
ba89796db68db180bd389de96b2ff3b6,2,353.26,2,3.0,-10.904427083333333,0.0,0.1366190268033519,0.053966540744738264,60.0,76.6478317073889,1.762364980102331,23.72788859734576,Low,seller,99.3646,6.666666666666667,100.0,71.68
d26aa40b90272d4843d63be7c1462c8d,2,177.42000000000002,2,3.0,-11.222679398148149,0.0,0.0661783463168946,0.053966540744738264,60.0,76.78440279416188,1.762364980102331,23.72724205621577,Low,seller,99.3646,6.666666666666667,100.0,71.68
0f94588695d71662beec8d883ffacf09,1,27.59,1,3.0,-11.65667824074074,0.0,0.006157150017498003,0.0,60.0,76.97064399597554,1.762364980102331,23.723680242411813,Low,seller,99.3646,3.3333333333333335,100.0,70.68
b55638ad525e906c698fa2ce742c1742,11,1385.67,12,3.0,-8.884446373456791,-66.66666666666666,0.5501976377054413,0.5396654074473827,60.0,75.78100074350789,0.5495546712147056,23.72208122182113,Low,seller,99.3646,36.666666666666664,100.0,80.68
1d1bbb8ac1581824986f582583fff01d,4,226.47,4,3.0,-4.972531828703704,200.0,0.085827546600452,0.16189962223421478,60.0,74.10228735834109,5.400795906765207,23.721645863966373,Low,seller,99.3646,13.333333333333334,100.0,73.68
1284de4ae8aa26997e748c851557cf0e,3,1546.8400000000001,3,3.0,-8.335586419753087,0.0,0.6147615848960823,0.10793308148947653,60.0,75.54546938403577,1.762364980102331,23.719468651456793,Low,seller,99.3646,10.0,100.0,72.68
51ed72984a04e5dd35c2b27e77179038,7,1493.23,7,3.0,-8.997132936507937,-50.0,0.5932856699684267,0.32379924446842956,60.0,75.8293577409725,0.8527572484366117,23.718614898097172,Low,seller,99.3646,23.333333333333332,100.0,76.68
24a6daf925d9d591870a66660416de31,2,90.08000000000001,2,3.0,-11.250729166666666,0.0,0.031190351357345127,0.053966540744738264,60.0,76.79643974469447,1.762364980102331,23.71855120030779,Low,seller,99.3646,6.666666666666667,100.0,71.68
25be943a321c8938947bdaabca979a90,5,907.5500000000001,5,3.0,-9.076033950617285,0.0,0.3586650048904676,0.21586616297895306,60.0,75.86321640198703,1.762364980102331,23.717285000520167,Low,seller,99.3646,16.666666666666664,100.0,74.68
8ea394aed8138685abe1eb9f25e1021d,2,1417.6,2,3.0,-8.751157407407407,0.0,0.5629886461672963,0.053966540744738264,60.0,75.72380267109543,1.762364980102331,23.717195127710923,Low,seller,99.3646,6.666666666666667,100.0,71.68
ab3e0c171fe84a7ba7de130f19cfb485,7,1035.7,10,3.0,-8.412991071428573,0.0,0.4100012947240635,0.32379924446842956,60.0,75.57868591352671,1.762364980102331,23.716989584573568,Low,seller,99.3646,23.333333333333332,100.0,76.68
7dea6f73af847b42cc3985bd620f994d,2,380.17,2,3.0,-10.681782407407407,0.0,0.14739904677543203,0.053966540744738264,60.0,76.55228856774792,1.762364980102331,23.716791132391236,Low,seller,99.3646,6.666666666666667,100.0,71.68
ad8b531ae67582f096925cff5630d0d1,3,275.91,3,3.0,-10.6565625,0.0,0.1056329790575178,0.10793308148947653,60.0,76.5414659908094,1.762364980102331,23.716129560721267,Low,seller,99.3646,10.0,100.0,72.68
8cb7c5ddf41f4d506eba76e9a4702a25,2,182.37,2,3.0,-11.033564814814815,0.0,0.06816129313450132,0.053966540744738264,60.0,76.70324836741253,1.762364980102331,23.715663776248647,Low,seller,99.3646,6.666666666666667,100.0,71.68
d79e8478eed9999493990b44955fb22e,5,802.61,5,3.0,-9.224409722222223,0.0,0.3166265323572054,0.21586616297895306,60.0,75.92688865018624,1.762364980102331,23.71422429599007,Low,seller,99.3646,16.666666666666664,100.0,74.68
eaaa46e98c9e61f6764dd1d7a2ab8b3e,1,125.64,1,3.0,-11.313993055555555,0.0,0.045435520818778365,0.0,60.0,76.82358807215931,1.762364980102331,23.713405365079762,Low,seller,99.3646,3.3333333333333335,100.0,70.68
47648caee88ccfe951fbb27fbf7b4cbe,3,1632.9900000000002,3,3.0,-5.226138117283951,100.0,0.649272871428773,0.10793308148947653,60.0,74.21111700334782,3.581580443433769,23.711590726646552,Low,seller,99.3646,10.0,100.0,72.68
55dedd83e501d8248880557d9073cbfd,8,1166.0900000000001,9,3.0,-7.868019547325103,0.0,0.46223491806704115,0.37776578521316784,60.0,75.34482318938456,1.762364980102331,23.71107189814132,Low,seller,99.3646,26.666666666666668,100.0,77.68
4fae87d32467e18eb46e4a76a0a0b9ce,1,120.80000000000001,1,3.0,-11.286365740740742,0.0,0.04349663948600737,0.0,60.0,76.8117324084823,1.762364980102331,23.71104535112838,Low,seller,99.3646,3.3333333333333335,100.0,70.68
5e49e3a44bdeb5aab2684258bbd4f525,3,559.77,3,3.0,-10.030725308641976,0.0,0.21934596565263706,0.10793308148947653,60.0,76.2729015173147,1.762364980102331,23.709958785675596,Low,seller,99.3646,10.0,100.0,72.68
4cc43a222a0f94910728b62b97a8c5f8,1,120.76,1,3.0,-11.262488425925927,0.0,0.043480615673339836,0.0,60.0,76.80148597607104,1.762364980102331,23.709503579122888,Low,seller,99.3646,3.3333333333333335,100.0,70.68
16bdc8cefd0e32a6f0824d296c5ad14a,1,61.08,1,3.0,-11.33420138888889,0.0,0.019573087173386624,0.0,60.0,76.83226004064699,1.762364980102331,23.706947430259298,Low,seller,99.3646,3.3333333333333335,100.0,70.68
53336f97ddbe53e2a617d07b17447b95,1,674.83,1,3.0,-10.184259259259258,0.0,0.26543846279078415,0.0,60.0,76.33878728629819,1.762364980102331,23.706686129792196,Low,seller,99.3646,3.3333333333333335,100.0,70.68
4bf658053d453036c70976bccb2c31b2,2,1824.56,2,3.0,-7.808576388888889,0.0,0.7260149162467359,0.053966540744738264,60.0,75.31931444562703,1.762364980102331,23.705429774914492,Low,seller,99.3646,6.666666666666667,100.0,71.68
28d162ab86bb49d719c32f0ee6186eaa,1,127.19999999999999,1,3.0,-11.180289351851853,0.0,0.04606044951281199,0.0,60.0,76.76621202406675,1.762364980102331,23.704986436474087,Low,seller,99.3646,3.3333333333333335,100.0,70.68
28c7d8743fbc8679f484868cc0fcaefb,3,270.36,3,3.0,-10.486496913580247,0.0,0.10340967504989815,0.10793308148947653,60.0,76.46848602843727,1.762364980102331,23.704515575163164,Low,seller,99.3646,10.0,100.0,72.68
26b482dccfa29bd2e40703ba45523702,3,412.41,4,3.0,-7.384016203703704,100.0,0.1603142397854604,0.10793308148947653,60.0,75.13712363917519,3.581580443433769,23.70380413252766,Low,seller,99.3646,10.0,100.0,72.68
6ba4733aa33f6386e9fb0c0fd3993b38,3,209.88,3,3.0,-10.58664351851852,0.0,0.07918167029659436,0.10793308148947653,60.0,76.51146177452415,1.762364980102331,23.703693535650203,Low,seller,99.3646,10.0,100.0,72.68
9b76ad3d04236f76bc71c59470305e13,2,456.63,3,3.0,-10.33204475308642,0.0,0.17802856468941364,0.053966540744738264,60.0,76.40220622957594,1.762364980102331,23.70346763703963,Low,seller,99.3646,6.666666666666667,100.0,71.68
1099a00e0ee3a50935e6c2447ca090c5,3,910.8299999999999,3,3.0,-9.257461419753087,0.0,0.35997895752920495,0.10793308148947653,60.0,75.94107207020036,1.762364980102331,23.702374266171418,Low,seller,99.3646,10.0,100.0,72.68
b81e3a6c866a764974fe849821abeebd,8,1053.01,11,3.0,-6.059067760942761,66.66666666666666,0.4169355996559367,0.37776578521316784,60.0,74.5685507166143,2.9751752889899565,23.702322262591213,Low,seller,99.3646,26.666666666666668,100.0,77.68
9dc79dd988ac42f4d56c340d7048420a,4,843.9300000000001,4,3.0,-9.167847222222223,0.0,0.33317913084276285,0.16189962223421478,60.0,75.90261607859446,1.762364980102331,23.702057554610786,Low,seller,99.3646,13.333333333333334,100.0,73.68
2235cf78d3e2073a88146a9cb60f0dd0,1,204.76000000000002,1,3.0,-10.984675925925925,0.0,0.07713062227515066,0.0,60.0,76.68226875979974,1.762364980102331,23.701715998662742,Low,seller,99.3646,3.3333333333333335,100.0,70.68
58c851d1a3c7cd3da329eb59453fed44,2,293.26,2,3.0,-10.609623842592592,0.0,0.11258330780205847,0.053966540744738264,60.0,76.52132328279006,1.762364980102331,23.701701617955543,Low,seller,99.3646,6.666666666666667,100.0,71.68
258447aad3f7b01e2643c89f64dc5647,1,71.45,1,3.0,-11.231215277777778,0.0,0.02372726060744351,0.0,60.0,76.78806578199675,1.762364980102331,23.70156454349198,Low,seller,99.3646,3.3333333333333335,100.0,70.68
458c6fa920810ce2492da71bc26d9eec,2,862.37,2,3.0,-9.5303125,0.0,0.34056610848249363,0.053966540744738264,60.0,76.0581602006612,1.762364980102331,23.700621995840347,Low,seller,99.3646,6.666666666666667,100.0,71.68
c522be04e020c1e7b79f3acff36513d5,7,838.3,7,3.0,-5.6498939043209875,100.0,0.3309237792098081,0.32379924446842956,60.0,74.39296261975963,3.581580443433769,23.69732938218737,Low,seller,99.3646,23.333333333333332,100.0,76.68
1e47defeeadeca0e9a18fa5a9311e735,3,291.62,3,3.0,-11.723958333333334,-50.0,0.11192633148268977,0.10793308148947653,60.0,76.99951579025895,0.8527572484366117,23.695764263199678,Low,seller,99.3646,10.0,100.0,72.68
528ce32f560edd11add4169f6a5b65be,2,75.1,2,3.0,-10.921012731481483,0.0,0.025189433513355525,0.053966540744738264,60.0,76.65494907900566,1.762364980102331,23.695527325101274,Low,seller,99.3646,6.666666666666667,100.0,71.68
9c3a1c416c765687bc79a04113269929,1,133.8,1,3.0,-10.949409722222223,0.0,0.04870437860295428,0.0,60.0,76.66713503243321,1.762364980102331,23.6909180664561,Low,seller,99.3646,3.3333333333333335,100.0,70.68
cac4e0bc1a3269fa2b6ea5e763f6115b,2,108.02,3,3.0,-10.787638888888887,0.0,0.03837703133873186,0.053966540744738264,60.0,76.5977145836633,1.762364980102331,23.690898430147534,Low,seller,99.3646,6.666666666666667,100.0,71.68
6187a137b2af59dfdbad8d9f8c373c14,2,105.02,2,3.0,-10.788721064814816,0.0,0.03717524538866719,0.053966540744738264,60.0,76.59817897601933,1.762364980102331,23.69060755321592,Low,seller,99.3646,6.666666666666667,100.0,71.68
5563732abe64c3036cb97ad924128dd1,2,441.6,3,3.0,-10.152588734567901,0.0,0.17200761707958964,0.053966540744738264,60.0,76.32519656668853,1.762364980102331,23.690109903323574,Low,seller,99.3646,6.666666666666667,100.0,71.68
9140bd1d9de28b197dce077bdd687438,6,1442.9299999999998,8,3.0,-7.430802951388889,0.0,0.5731357255390088,0.26983270372369134,60.0,75.15720115842797,1.762364980102331,23.689215565367054,Low,seller,99.3646,20.0,100.0,75.68
cd843d4cf8ef32827de0396605163ba3,5,2612.56,5,3.0,-5.441900462962963,0.0,1.0416840257970565,0.21586616297895306,60.0,74.30370674005158,1.762364980102331,23.688264257501825,Low,seller,99.3646,16.666666666666664,100.0,74.68
d9cb0052a666de5308b32f32ad5f1b1c,3,270.49,3,3.0,-10.22221836419753,0.0,0.10346175244106762,0.10793308148947653,60.0,76.35507661389464,1.762364980102331,23.68751978619912,Low,seller,99.3646,10.0,100.0,72.68
edb58a1390adf273840030a3d6253829,1,58.28,1,3.0,-11.027199074074074,0.0,0.0184514202866596,0.0,60.0,76.70051664767128,1.762364980102331,23.686849421246926,Low,seller,99.3646,3.3333333333333335,100.0,70.68
6c77cd583b36a13aacccf2b3ee23e233,1,31.689999999999998,1,3.0,-11.066886574074074,0.0,0.007799590815919722,0.0,60.0,76.71754767856717,1.762364980102331,23.686208527040087,Low,seller,99.3646,3.3333333333333335,100.0,70.68
010da0602d7774602cd1b3f5fb7b709e,1,1079.75,5,3.0,-9.109456018518518,0.0,0.4276475184241798,0.0,60.0,75.87755875842245,1.762364980102331,23.686164567300857,Low,seller,99.3646,3.3333333333333335,100.0,70.68
3986c0b54f6b748b75e7bd4e092aa3e5,1,40.269999999999996,1,3.0,-11.04681712962963,0.0,0.011236698633104683,0.0,60.0,76.7089353112375,1.762364980102331,23.68594780428579,Low,seller,99.3646,3.3333333333333335,100.0,70.68
9cad4b68bb993ee401a3c5aaa2bc26dd,5,763.33,7,3.0,-8.853816137566138,0.0,0.3008911483176919,0.21586616297895306,60.0,75.76785644130184,1.762364980102331,23.685648849445556,Low,seller,99.3646,16.666666666666664,100.0,74.68
2d22fc3089eb907b29ebff50581fb472,3,377.39,3,3.0,-9.99153935185185,0.0,0.14628539179503874,0.10793308148947653,60.0,76.25608571282264,1.762364980102331,23.68551824284451,Low,seller,99.3646,10.0,100.0,72.68
84deb808079d1be601c209c1e771b1cc,2,58.14,2,3.0,-10.78103587962963,0.0,0.01839533694232325,0.053966540744738264,60.0,76.59488104527716,1.762364980102331,23.68447889107069,Low,seller,99.3646,6.666666666666667,100.0,71.68
a066df7361163e7ddc5d7452dd17448b,15,1344.62,17,3.0,-7.525074891067538,-66.66666666666666,0.5337531999553896,0.7555315704263357,60.0,75.19765591917843,0.5495546712147056,23.683612707591433,Low,seller,99.3646,50.0,100.0,84.68
3296662b1331dea51e744505065ae889,1,545.51,1,3.0,-10.06613425925926,0.0,0.21363347643666297,0.0,60.0,76.28809650142692,1.762364980102331,23.68354101615527,Low,seller,99.3646,3.3333333333333335,100.0,70.68
73b8eb4a9a729d4019b24ed1be748cbf,8,797.98,8,3.0,-6.705510912698413,50.0,0.3147717760409389,0.37776578521316784,60.0,74.84595779163774,2.67197271176805,23.68296391903804,Low,seller,99.3646,26.666666666666668,100.0,77.68
04e38a233f726ef161074ab1c9b0399a,23,1811.27,28,3.0,-5.191929976851852,-75.0,0.7206910044879494,1.1872638963842417,60.0,74.19643732091404,0.3979533826037522,23.682284211839928,Low,seller,99.3646,76.66666666666667,100.0,92.68
167fd940acebc789debd6eb418c46e38,5,1178.48,5,3.0,-8.025578703703705,0.0,0.4671982940408081,0.21586616297895306,60.0,75.41243628822464,1.762364980102331,23.682227970200913,Low,seller,99.3646,16.666666666666664,100.0,74.68
8f0fbe2cd4d472157dc1cdef6edecaa9,2,94.75999999999999,2,3.0,-10.66578125,0.0,0.03306513743944601,0.053966540744738264,60.0,76.54542201767104,1.762364980102331,23.681460977078906,Low,seller,99.3646,6.666666666666667,100.0,71.68
ed8cb7b190ceb6067227478e48cf8dde,15,816.21,17,3.0,-9.208744553376906,-92.85714285714286,0.32207462866416525,0.7555315704263357,60.0,75.92016628232246,0.0730934784374238,23.680839571397943,Low,seller,99.3646,50.0,100.0,84.68
11d4c477d09821164bca4f70a2eae031,3,140.86,4,3.0,-11.747112268518519,-50.0,0.051532581538773145,0.10793308148947653,60.0,77.00945179997235,0.8527572484366117,23.679136539673515,Low,seller,99.3646,10.0,100.0,72.68
bb2afe2061d53c6968aa0cffa233a8ec,5,644.02,6,3.0,-9.913622685185185,-33.33333333333333,0.2530961210836199,0.21586616297895306,60.0,76.22264946318975,1.1559598256585182,23.67888877911414,Low,seller,99.3646,16.666666666666664,100.0,74.68
76833248bbc0e65a0293ec62023e4396,2,2630.6800000000003,2,3.0,-5.887071759259259,0.0,1.0489428129354472,0.053966540744738264,60.0,74.49474235834927,1.762364980102331,23.67862233082944,Low,seller,99.3646,6.666666666666667,100.0,71.68
8b87cd0d43d49b9bdf40f56229364d59,5,1853.9,5,3.0,-6.6792592592592595,0.0,0.7377683828383684,0.21586616297895306,60.0,74.83469246323986,1.762364980102331,23.67673742309246,Low,seller,99.3646,16.666666666666664,100.0,74.68
c00396cbdd2e088fe4281baa5920aef1,1,905.8500000000001,3,3.0,-9.286527777777778,0.0,0.3579839928520977,0.0,60.0,75.95354526809768,1.762364980102331,23.676663486080514,Low,seller,99.3646,3.3333333333333335,100.0,70.68
5b35136197710e16ac5e7b7c2bd4ea85,7,3350.29,9,3.0,-3.44110853909465,0.0,1.33721520877746,0.32379924446842956,60.0,73.44511022800958,1.762364980102331,23.675117405962016,Low,seller,99.3646,23.333333333333332,100.0,76.68
c3fe93ba3085f92855c97e57f38c8c05,7,358.97,7,3.0,-10.435185185185185,-50.0,0.1389064260616417,0.32379924446842956,60.0,76.44646671173507,0.8527572484366117,23.67486747053952,Low,seller,99.3646,23.333333333333332,100.0,76.68
d36b07fd3c5088e477a72d1fccfe29d4,1,339.85999999999996,1,3.0,-10.291759259259258,0.0,0.1312510495597297,0.0,60.0,76.38491858258314,1.762364980102331,23.673349600265624,Low,seller,99.3646,3.3333333333333335,100.0,70.68
b29d3380981c51df13fc6fbe87e1763d,6,533.88,7,3.0,-8.879603174603174,0.0,0.20897455290357891,0.26983270372369134,60.0,75.77892238963548,1.762364980102331,23.67322539825755,Low,seller,99.3646,20.0,100.0,75.68
4ddeb3e828550cddc8d45c8bc36ab2d1,1,164.45,1,3.0,-10.616608796296296,0.0,0.060982625059448334,0.0,60.0,76.52432072436069,1.762364980102331,23.67317939418217,Low,seller,99.3646,3.3333333333333335,100.0,70.68
406740ee611378a662d274c7d8c43c4a,8,1972.08,10,3.0,-5.770439814814815,0.0,0.7851107373645827,0.37776578521316784,60.0,74.44469228592642,1.762364980102331,23.672915008411863,Low,seller,99.3646,26.666666666666668,100.0,77.68
c161d1327ebc3a156c09582ab2f59f6c,3,76.33,3,3.0,-10.340341435185184,0.0,0.02568216575288204,0.10793308148947653,60.0,76.40576657097203,1.762364980102331,23.67178940375427,Low,seller,99.3646,10.0,100.0,72.68
876182d1918783bbe15233febfbd4926,3,155.0,3,3.0,-11.5829012345679,-50.0,0.05719699931674463,0.10793308148947653,60.0,76.9389841919683,0.8527572484366117,23.6702657238063,Low,seller,99.3646,10.0,100.0,72.68
87d3c3aeb3ead335511b3ce315eb341e,15,963.06,15,3.0,-7.747942901234568,-57.14285714285714,0.3809020509198309,0.7555315704263357,60.0,75.29329489787102,0.7228132867700804,23.669429071240195,Low,seller,99.3646,50.0,100.0,84.68
270d3ef21830ad0ecf3a6c53d08a533a,6,743.67,18,3.0,-8.384717456427015,0.0,0.29301544439160143,0.26983270372369134,60.0,75.56655290412499,1.762364980102331,23.666582242877386,Low,seller,99.3646,20.0,100.0,75.68
47f55702f598c7c6cc8458b0fbc1c49a,2,163.39999999999998,2,3.0,-10.292858796296295,0.0,0.060561999976925705,0.053966540744738264,60.0,76.3853904250839,1.762364980102331,23.66570529695208,Low,seller,99.3646,6.666666666666667,100.0,71.68
7d7d2b7a51328016102d4528c411d630,7,1098.85,7,3.0,-8.437347883597884,-33.33333333333333,0.4352988889729248,0.32379924446842956,60.0,75.58913811184055,1.1559598256585182,23.66550617715092,Low,seller,99.3646,23.333333333333332,100.0,76.68
98e164d549402270247f3c96a1a158ef,2,187.42,2,3.0,-10.223449074074075,0.0,0.07018429948377684,0.053966540744738264,60.0,76.35560474637795,1.762364980102331,23.664124134998243,Low,seller,99.3646,6.666666666666667,100.0,71.68
d3dcf0604eabf0224fbd5948b5e02f69,9,3067.4100000000003,9,3.0,-4.312062757201646,-33.33333333333333,1.2238948055926953,0.4317323259579061,60.0,73.81886136369447,1.1559598256585182,23.66352671028731,Low,seller,99.3646,30.0,100.0,78.68
dd9661d3cda1e6feb237f0c4d8b26f2e,1,190.98,1,3.0,-10.413263888888888,0.0,0.07161041881118692,0.0,60.0,76.43705966229885,1.762364980102331,23.663278572998415,Low,seller,99.3646,3.3333333333333335,100.0,70.68
e00d85ce20ea50c1224c66ca5050527d,1,157.3,1,3.0,-10.475127314814815,0.0,0.058118368545127544,0.0,60.0,76.46360701142062,1.762364980102331,23.663213060286864,Low,seller,99.3646,3.3333333333333335,100.0,70.68
13f57c12a00ed4610db646b913a7f5c6,7,821.15,13,3.0,-7.975600961538461,0.0,0.32405356952860503,0.32379924446842956,60.0,75.39098942281555,1.762364980102331,23.663050793408253,Low,seller,99.3646,23.333333333333332,100.0,76.68
45c20d94d9171b0bcfab3c955e47d67b,4,210.57,4,3.0,-9.72808738425926,0.0,0.07945808106510922,0.16189962223421478,60.0,76.14303100794945,1.762364980102331,23.662003479080738,Low,seller,99.3646,13.333333333333334,100.0,73.68
fa8d335d68129e464e60c1826a683e96,1,174.68,1,3.0,-10.41324074074074,0.0,0.06508071514916888,0.0,60.0,76.43704972877251,1.762364980102331,23.66131817187086,Low,seller,99.3646,3.3333333333333335,100.0,70.68
1710c3aaa9c6b44ec3883ee0fe300e21,2,1226.55,2,3.0,-8.234936342592592,0.0,0.48645491091401105,0.053966540744738264,60.0,75.50227758375117,1.762364980102331,23.661006244033295,Low,seller,99.3646,6.666666666666667,100.0,71.68
ce33c6211beaa8fef4cae8b52db39862,1,63.519999999999996,1,3.0,-10.605543981481482,0.0,0.020550539746105892,0.0,60.0,76.51957249877408,1.762364980102331,23.660337534750177,Low,seller,99.3646,3.3333333333333335,100.0,70.68
189ca3538ce9f920cacf0f982cbe223b,4,481.67,5,3.0,-9.195143518518519,0.0,0.18805947141928675,0.16189962223421478,60.0,75.91432969284493,1.762364980102331,23.66027869892131,Low,seller,99.3646,13.333333333333334,100.0,73.68
7cf4ea70955b00d6b3c22542598e2715,1,204.81,1,3.0,-10.31349537037037,0.0,0.07715065204098506,0.0,60.0,76.39424616380872,1.762364980102331,23.65851861819384,Low,seller,99.3646,3.3333333333333335,100.0,70.68
674207551483fec113276b67b0d871ff,1,133.84,1,3.0,-10.438356481481481,0.0,0.04872040241562181,0.0,60.0,76.44782760484253,1.762364980102331,23.6580267594613,Low,seller,99.3646,3.3333333333333335,100.0,70.68
26e13b6ff5b641b329e5524241ee2c93,4,189.68,4,3.0,-9.701082175925926,0.0,0.07108964489949224,0.16189962223421478,60.0,76.1314423077926,1.762364980102331,23.657754643207525,Low,seller,99.3646,13.333333333333334,100.0,73.68
98115075dd26cb8835946fc6086f5d30,4,491.2,4,3.0,-6.302462384259259,100.0,0.19187714478732554,0.16189962223421478,60.0,74.67299824668294,3.581580443433769,23.657145830340568,Low,seller,99.3646,13.333333333333334,100.0,73.68
010543a62bd80aa422851e79a3bc7540,2,1447.95,2,3.0,-7.753888888888889,0.0,0.5751467140287839,0.053966540744738264,60.0,75.29584648966811,1.762364980102331,23.65664912085527,Low,seller,99.3646,6.666666666666667,100.0,71.68
6548c2550b6e2d8f18053216e1c7b6f3,3,287.55,5,3.0,-6.88299074074074,100.0,0.11029590854376872,0.10793308148947653,60.0,74.92211941519145,3.581580443433769,23.656547999557596,Low,seller,99.3646,10.0,100.0,72.68
d9c349beabc06aa6ff1c6d68b5e9e22e,1,205.64999999999998,1,3.0,-10.271631944444444,0.0,0.07748715210700316,0.0,60.0,76.37628138143762,1.762364980102331,23.65592485085798,Low,seller,99.3646,3.3333333333333335,100.0,70.68
a9b533a26e898b12e8b8d4c07279bf4d,4,191.06,4,3.0,-9.66724537037037,0.0,0.07164246643652199,0.16189962223421478,60.0,76.11692197567706,1.762364980102331,23.655742439851302,Low,seller,99.3646,13.333333333333334,100.0,73.68
61b18775be84fb700a6b2d0ba097bf66,4,436.01,5,3.0,-9.199828703703703,0.0,0.16976828925930246,0.16189962223421478,60.0,75.91634023857449,1.762364980102331,23.655092926132752,Low,seller,99.3646,13.333333333333334,100.0,73.68
508808d438fe2ff972ed13bb8f4a82e2,10,417.47,11,3.0,-7.973193287037037,0.0,0.1623412520879028,0.48569886670264434,60.0,75.38995622145941,1.762364980102331,23.65485702353118,Low,seller,99.3646,33.33333333333333,100.0,79.68
dd264199fc8b687ad029de7de6d760e6,1,108.60000000000001,1,3.0,-10.427824074074074,0.0,0.03860937662241104,0.0,60.0,76.44330785036155,1.762364980102331,23.65431548855119,Low,seller,99.3646,3.3333333333333335,100.0,70.68
fe4cd9461203cee790d36792420b310f,3,445.53000000000003,3,3.0,-9.378761574074074,0.0,0.17358195667417436,0.10793308148947653,60.0,75.99312540376681,1.762364980102331,23.654263165949878,Low,seller,99.3646,10.0,100.0,72.68
cb0b3bcf14e0a709df412a99424a59d7,2,507.43,2,3.0,-9.432806712962964,0.0,0.19837880677717543,0.053966540744738264,60.0,76.01631770437001,1.762364980102331,23.65168943088507,Low,seller,99.3646,6.666666666666667,100.0,71.68
a7d0f8dd44f57ef6de7f7f02e3d82630,2,99.67,2,3.0,-10.194091435185186,0.0,0.03503206044438519,0.053966540744738264,60.0,76.34300655160763,1.762364980102331,23.65168873407088,Low,seller,99.3646,6.666666666666667,100.0,71.68
59cd88080b93f3c18508673122d26169,10,567.71,12,3.0,-7.635603780864198,0.0,0.22252669246714155,0.48569886670264434,60.0,75.2450869979064,1.762364980102331,23.651182272111996,Low,seller,99.3646,33.33333333333333,100.0,79.68
55c96925041a14097b6a7825554f4ad5,6,483.37000000000006,10,3.0,-8.614782021604938,0.0,0.18874048345765676,0.26983270372369134,60.0,75.6652801285054,1.762364980102331,23.650108838254262,Low,seller,99.3646,20.0,100.0,75.68
c7c7b2682c648339a0e9846bb1023a39,2,199.68,3,3.0,-9.965073302469136,0.0,0.07509559806637447,0.053966540744738264,60.0,76.24472838104994,1.762364980102331,23.64896606977382,Low,seller,99.3646,6.666666666666667,100.0,71.68
6179a28a13a726c29b3bf54c070dccab,2,686.24,2,3.0,-9.053784722222222,0.0,0.27000925535419673,0.053966540744738264,60.0,75.85366862759443,1.762364980102331,23.64878120394184,Low,seller,99.3646,6.666666666666667,100.0,71.68
babcc0ab201e4c60188427cae51a5b8b,1,93.13,1,3.0,-10.370173611111111,0.0,0.03241216707324421,0.0,60.0,76.41856840303217,1.762364980102331,23.648745408587033,Low,seller,99.3646,3.3333333333333335,100.0,70.68
cad9969167c09b48ae6f1d123f7fa68d,2,70.18,2,3.0,-10.155011574074074,0.0,0.02321850455524947,0.053966540744738264,60.0,76.32623627577793,1.762364980102331,23.64562912592968,Low,seller,99.3646,6.666666666666667,100.0,71.68
e546117ed9cafbc40239c0c78635c584,2,484.34000000000003,2,3.0,-9.377575231481481,0.0,0.18912906091484433,0.053966540744738264,60.0,75.9926163105423,1.762364980102331,23.645359298052213,Low,seller,99.3646,6.666666666666667,100.0,71.68
efff9341f3f8f5237b44ff67ed36a7bf,5,972.65,5,3.0,-8.769101851851852,-33.33333333333333,0.38474376000687094,0.21586616297895306,60.0,75.73150314070784,1.1559598256585182,23.64471112241883,Low,seller,99.3646,16.666666666666664,100.0,74.68
aac51c486b672a9850d59f3e84b1cf88,10,859.5699999999999,13,3.0,-6.984592236467236,0.0,0.3394444415957666,0.48569886670264434,60.0,74.96571949614358,1.762364980102331,23.64435247158616,Low,seller,99.3646,33.33333333333333,100.0,79.68
1e47d8b6546eb3a77b1acddcc9406242,1,166.71,1,3.0,-10.131041666666667,0.0,0.06188797047516373,0.0,60.0,76.31595010926134,1.762364980102331,23.642195405541983,Low,seller,99.3646,3.3333333333333335,100.0,70.68
8fb67a334bacec338885b4e9e1708073,1,98.42,1,3.0,-10.245578703703703,0.0,0.03453131629852491,0.0,60.0,76.36510119755116,1.762364980102331,23.64136107253246,Low,seller,99.3646,3.3333333333333335,100.0,70.68
41958cbd3335433c8740300e8cd600d5,1,40.38,1,3.0,-10.350046296296297,0.0,0.01128076411794039,0.0,60.0,76.40993120188665,1.762364980102331,23.64111040752861,Low,seller,99.3646,3.3333333333333335,100.0,70.68
bbaff50f3b708fda865918715276cd87,12,651.77,16,3.0,-6.901723090277778,0.0,0.2562007347879537,0.5936319481921208,60.0,74.9301579972064,1.762364980102331,23.64102840507561,Low,seller,99.3646,40.0,100.0,81.68
50770d25768b0486d89be26afca3108f,6,247.86,6,3.0,-6.081778549382716,100.0,0.09439628042441311,0.26983270372369134,60.0,74.57829655950164,3.581580443433769,23.64067958832687,Low,seller,99.3646,20.0,100.0,75.68
91f0eec23d4a61d7d7caeefa3f0ad1ca,11,2545.26,11,3.0,-4.9824631734006735,-50.0,1.0147239609839391,0.5396654074473827,60.0,74.10654917978039,0.8527572484366117,23.640591641967745,Low,seller,99.3646,36.666666666666664,100.0,80.68
5e9f5bd34e0830569f05c9d4f56e04a8,2,274.86,2,3.0,-9.687170138888888,0.0,0.10521235397499513,0.053966540744738264,60.0,76.12547225846717,1.762364980102331,23.640112678158992,Low,seller,99.3646,6.666666666666667,100.0,71.68
2b03ac196f5ed62ac483960fe0fa3b65,7,935.19,7,3.0,-8.812829034391536,-50.0,0.36973745944373015,0.32379924446842956,60.0,75.75026771385618,0.8527572484366117,23.639686930872315,Low,seller,99.3646,23.333333333333332,100.0,76.68
e439f7176d763f92de325271111b2fd5,7,1584.02,7,3.0,-8.437262731481482,-80.0,0.6296557187705505,0.32379924446842956,60.0,75.5891015706544,0.3069926094371802,23.638911023290152,Low,seller,99.3646,23.333333333333332,100.0,76.68
4aba6a02a788d3ec81c03137144d9a80,1,105.28,1,3.0,-10.18832175925926,0.0,0.03727940017100612,0.0,60.0,76.34053062016942,1.762364980102331,23.638499911086946,Low,seller,99.3646,3.3333333333333335,100.0,70.68
c3ee2331a724e6fc02c4b698b57a73f3,2,1487.88,3,3.0,-7.386793981481482,0.0,0.5911424850241447,0.053966540744738264,60.0,75.138315662335,1.762364980102331,23.63781822805391,Low,seller,99.3646,6.666666666666667,100.0,71.68
38e6dada03429a47197d5d584d793b41,7,803.05,12,3.0,-6.6745148533950625,33.33333333333333,0.3168027942965482,0.32379924446842956,60.0,74.83265650423877,2.368770134546143,23.6377661384965,Low,seller,99.3646,23.333333333333332,100.0,76.68
3bb32fedaa74e4ad20f4ce067733bd31,2,162.56,3,3.0,-9.849000771604938,0.0,0.06022549991090761,0.053966540744738264,60.0,76.19491836884676,1.762364980102331,23.637033538496702,Low,seller,99.3646,6.666666666666667,100.0,71.68
778323240ce2830d68aab11794e00bfb,3,242.43,3,3.0,-6.658059413580247,100.0,0.09222104785479605,0.10793308148947653,60.0,74.82559500870764,3.581580443433769,23.63664688037833,Low,seller,99.3646,10.0,100.0,72.68
570d4583587a5fe2d47c7be89b91ad27,2,148.92000000000002,2,3.0,-9.860833333333334,0.0,0.05476137979128023,0.053966540744738264,60.0,76.19999605639003,1.762364980102331,23.636155955592308,Low,seller,99.3646,6.666666666666667,100.0,71.68
20a8b0dc55da94fe74d112082427c84f,7,531.38,7,3.0,-3.8480555555555553,150.0,0.20797306461185835,0.32379924446842956,60.0,73.61974272464806,4.491188175099489,23.635421956707823,Low,seller,99.3646,23.333333333333332,100.0,76.68
5b581417df4480f632484ba681e53944,12,2376.3,13,3.0,-3.5893663194444443,0.0,0.9470393762762968,0.5936319481921208,60.0,73.50873184281764,1.762364980102331,23.6350660743638,Low,seller,99.3646,40.0,100.0,81.68
5194c22ed1f616ec0c0f33c571542879,4,326.45000000000005,4,3.0,-10.505358796296296,-50.0,0.12587906636294066,0.16189962223421478,60.0,76.47658019680998,0.8527572484366117,23.635001379832595,Low,seller,99.3646,13.333333333333334,100.0,73.68
9e6967d3cf386d284251784b18ccb485,9,654.9,11,3.0,-6.015818602693603,50.0,0.25745459812918775,0.4317323259579061,60.0,74.54999127723507,2.67197271176805,23.634865423690297,Low,seller,99.3646,30.0,100.0,78.68
101a3a003516bc11253298b2fad3cb65,5,524.0,6,3.0,-7.08955825617284,50.0,0.2050166711746993,0.21586616297895306,60.0,75.01076338967745,2.67197271176805,23.63428332172557,Low,seller,99.3646,16.666666666666664,100.0,74.68
6025c79c035c3d772133b8b8238463b2,2,1098.33,4,3.0,-8.050164930555557,0.0,0.43509057940824697,0.053966540744738264,60.0,75.42298693487982,1.762364980102331,23.633703347250865,Low,seller,99.3646,6.666666666666667,100.0,71.68
f09b760d23495ac9a7e00d29b769007c,1,39.09,1,3.0,-10.236365740740741,0.0,0.010763996159412582,0.0,60.0,76.3611476540711,1.762364980102331,23.633637844968725,Low,seller,99.3646,3.3333333333333335,100.0,70.68
0a82f5fb06a4fe4ac2cf7cb412ec71b8,2,484.8,2,3.0,-9.189409722222223,0.0,0.1893133347605209,0.053966540744738264,60.0,75.91186915837254,1.762364980102331,23.633302507380456,Low,seller,99.3646,6.666666666666667,100.0,71.68
98dddbc4601dd4443ca174359b237166,2,211.67,2,3.0,-9.695104166666667,0.0,0.07989873591346627,0.053966540744738264,60.0,76.12887697461741,1.762364980102331,23.633029300163066,Low,seller,99.3646,6.666666666666667,100.0,71.68
5587130f9850696ed7fafbc91c2cee44,2,103.49,2,3.0,-9.890925925925927,0.0,0.036562334554134206,0.053966540744738264,60.0,76.2129096406214,1.762364980102331,23.63263327965587,Low,seller,99.3646,6.666666666666667,100.0,71.68
079d295dcbf06ee8bb1b65ba964eb2b6,5,540.09,10,3.0,-9.841753472222223,-50.0,0.2114622498202128,0.21586616297895306,60.0,76.19180834731105,0.8527572484366117,23.631452192631123,Low,seller,99.3646,16.666666666666664,100.0,74.68
117cfc326c6d50da67ca858ff5c0c852,5,536.08,5,3.0,-8.429453703703704,0.0,0.20985586260029304,0.21586616297895306,60.0,75.58575049554638,1.762364980102331,23.631022371867015,Low,seller,99.3646,16.666666666666664,100.0,74.68
b44dbfbf62e52125f3c15d230569ea91,4,699.0600000000001,8,3.0,-8.329346064814814,0.0,0.2751448873141398,0.16189962223421478,60.0,75.54279147089548,1.762364980102331,23.63067359039735,Low,seller,99.3646,13.333333333333334,100.0,73.68
f44bdc12aa39f5271f0b95f66cd4c289,5,432.07,7,3.0,-5.788338293650794,100.0,0.16818994371155085,0.21586616297895306,60.0,74.4523730303937,3.581580443433769,23.630437522760637,Low,seller,99.3646,16.666666666666664,100.0,74.68
d6cd01c59123df02fc226eadbadb5f89,2,276.11,3,3.0,-9.533483796296297,0.0,0.10571309812085544,0.053966540744738264,60.0,76.05952109376867,1.762364980102331,23.630370226697973,Low,seller,99.3646,6.666666666666667,100.0,71.68
204b4e07bddef3c9b317f70189135b22,1,88.13000000000001,1,3.0,-10.083055555555555,0.0,0.03040919048980309,0.0,60.0,76.29535790917548,1.762364980102331,23.629662941533496,Low,seller,99.3646,3.3333333333333335,100.0,70.68
698624c6632eeba1774924dbea24c700,1,35.129999999999995,1,3.0,-10.181435185185185,0.0,0.00917763870532721,0.0,60.0,76.3375753960857,1.762364980102331,23.629626099034684,Low,seller,99.3646,3.3333333333333335,100.0,70.68
01c97ebb5cdac52891c0ed1c37ba0012,9,756.0,12,3.0,-8.55819637345679,-50.0,0.29795478464636727,0.4317323259579061,60.0,75.64099762338726,0.8527572484366117,23.628744885235136,Low,seller,99.3646,30.0,100.0,78.68
4ea2f12dbe91deeacd2c1e74f069a6e6,4,280.27,6,3.0,-10.475273919753088,-50.0,0.10737957463827844,0.16189962223421478,60.0,76.46366992375405,0.8527572484366117,23.627514991356808,Low,seller,99.3646,13.333333333333334,100.0,73.68
8936ba0de1073ee888cb3185ae5dc661,1,412.21000000000004,1,3.0,-9.438912037037037,0.0,0.16023412072212273,0.0,60.0,76.01893767194002,1.762364980102331,23.62714738501787,Low,seller,99.3646,3.3333333333333335,100.0,70.68
ce4755084bc097113867e6454f8f5e52,1,31.689999999999998,1,3.0,-10.133657407407407,0.0,0.007799590815919722,0.0,60.0,76.31707259773682,1.762364980102331,23.626137264915535,Low,seller,99.3646,3.3333333333333335,100.0,70.68
b566ab0ef88016e00422755e305103c6,5,1428.22,5,3.0,-8.09044675925926,-50.0,0.5672429684305252,0.21586616297895306,60.0,75.4402730090643,0.8527572484366117,23.625456107477202,Low,seller,99.3646,16.666666666666664,100.0,74.68
e76ecc7e9a1a1e3c6df9d2a8261c423d,1,34.1,1,3.0,-10.109791666666666,0.0,0.008765025529138343,0.0,60.0,76.30683113208873,1.762364980102331,23.624890675482284,Low,seller,99.3646,3.3333333333333335,100.0,70.68
533d46c1b06970e99f09523a61df4972,2,192.62,2,3.0,-9.600376157407407,0.0,0.07226739513055562,0.053966540744738264,60.0,76.08822650148603,1.762364980102331,23.62464232695849,Low,seller,99.3646,6.666666666666667,100.0,71.68
e59e489e2ea74bd409b798b5daf49de3,3,581.76,5,3.0,-8.661877314814815,0.0,0.2281550566666111,0.10793308148947653,60.0,75.68549005338625,1.762364980102331,23.624489793390524,Low,seller,99.3646,10.0,100.0,72.68
12a8eb0f8d1cd3270695bf2a99f55966,2,436.66999999999996,2,3.0,-9.123460648148148,0.0,0.17003268216831666,0.053966540744738264,60.0,75.8835685418532,1.762364980102331,23.62327321912489,Low,seller,99.3646,6.666666666666667,100.0,71.68
2aa3443d7bf9d9bb11133f420d75e083,10,781.12,10,3.0,-8.216180555555555,-50.0,0.3080177390015754,0.48569886670264434,60.0,75.49422894404081,0.8527572484366117,23.623240104825918,Low,seller,99.3646,33.33333333333333,100.0,79.68
b2f4d63c7203f539a78252565ca32257,1,35.74,1,3.0,-10.06480324074074,0.0,0.00942200184850703,0.0,60.0,76.28752532366285,1.762364980102331,23.622191897114213,Low,seller,99.3646,3.3333333333333335,100.0,70.68
4e480be820e37de1444325ff358c9296,1,573.74,2,3.0,-9.057685185185186,0.0,0.22494228222677154,0.0,60.0,75.85534242678133,1.762364980102331,23.622020546695463,Low,seller,99.3646,3.3333333333333335,100.0,70.68
55c26bcb609f480eb7868594245febb5,6,826.23,6,3.0,-9.404645061728395,-66.66666666666666,0.32608859373738125,0.26983270372369134,60.0,76.00423274179349,0.5495546712147056,23.62087513244263,Low,seller,99.3646,20.0,100.0,75.68
a080fc8a850289b27500f6b49cca2553,4,435.57,4,3.0,-8.657502893518519,0.0,0.16959202731995962,0.16189962223421478,60.0,75.68361286524768,1.762364980102331,23.620130941551928,Low,seller,99.3646,13.333333333333334,100.0,73.68
c286ec035ee04ba81c97508f0b5df544,2,565.9,2,3.0,-8.80849537037037,0.0,0.22180161494393585,0.053966540744738264,60.0,75.74840801581934,1.762364980102331,23.6185298200525,Low,seller,99.3646,6.666666666666667,100.0,71.68
2f1e7b90e01d9f086cbcb301c0c3d406,1,71.66,1,3.0,-9.92894675925926,0.0,0.023811385623948033,0.0,60.0,76.22922545762142,1.762364980102331,23.617763732340634,Low,seller,99.3646,3.3333333333333335,100.0,70.68
11fb6f6d341adbe19e81733701704635,3,1596.6599999999999,3,3.0,-6.647939814814815,0.0,0.6347192435734896,0.10793308148947653,60.0,74.82125240211292,1.762364980102331,23.616823401771587,Low,seller,99.3646,10.0,100.0,72.68
f9eedec3129e8cc6b6429c42d0808c5b,2,833.15,2,3.0,-8.280601851851852,0.0,0.32886071332886374,0.053966540744738264,60.0,75.52187394782226,1.762364980102331,23.616667439368413,Low,seller,99.3646,6.666666666666667,100.0,71.68
077c5fae4bea9500e3737b16f71b9d3a,4,177.24,6,3.0,-9.081753472222223,0.0,0.06610623915989072,0.16189962223421478,60.0,75.86567081078485,1.762364980102331,23.616393896934483,Low,seller,99.3646,13.333333333333334,100.0,73.68
e9c2dc0dd4ac38448289be644ac94f42,3,174.61,3,3.0,-10.703738425925927,-50.0,0.0650526734770007,0.10793308148947653,60.0,76.56171051747364,0.8527572484366117,23.61603137488018,Low,seller,99.3646,10.0,100.0,72.68
57fe6232e67823593374a2281d7a8af8,8,284.04,8,3.0,-9.882194733796297,-66.66666666666666,0.10888981898219306,0.37776578521316784,60.0,76.20916283865813,0.5495546712147056,23.61343828491814,Low,seller,99.3646,26.666666666666668,100.0,77.68
5d043cd5512d4bd2f88e5ccdd5736c38,1,714.91,1,3.0,-8.625983796296296,0.0,0.28149432308364813,0.0,60.0,75.67008712745613,1.762364980102331,23.611197864053747,Low,seller,99.3646,3.3333333333333335,100.0,70.68
4bcec44888b30ba9001234c534716d3f,5,209.23000000000002,5,3.0,-8.702636574074074,0.0,0.07892128334074702,0.21586616297895306,60.0,75.70298100655131,1.762364980102331,23.609326574739892,Low,seller,99.3646,16.666666666666664,100.0,74.68
dd8a29ce82d5c705ba932d81494600a5,2,233.25,2,3.0,-9.285034722222221,0.0,0.08854358284759815,0.053966540744738264,60.0,75.95290455564927,1.762364980102331,23.609226891398087,Low,seller,99.3646,6.666666666666667,100.0,71.68
eb9267cccc90f1b49c8d2f9887c7dd97,1,346.27,1,3.0,-9.283321759259259,0.0,0.1338188655397012,0.0,60.0,75.95216947470072,1.762364980102331,23.609207578877253,Low,seller,99.3646,3.3333333333333335,100.0,70.68
9c4d31c7e46ab03a43fc06e3142afd4e,2,1262.72,2,3.0,-7.348015046296297,0.0,0.5009444435186241,0.053966540744738264,60.0,75.12167452234763,1.762364980102331,23.60826264460415,Low,seller,99.3646,6.666666666666667,100.0,71.68
5b07547f10dd980738a1a27f685af669,13,1320.0700000000002,14,3.0,-4.928778108465608,0.0,0.5239185849306939,0.6475984889368591,60.0,74.08351139711436,1.762364980102331,23.60783840529081,Low,seller,99.3646,43.333333333333336,100.0,82.68
90b36c5aeb728d5504a39f435bef0c5f,5,340.23,7,3.0,-9.347271412037037,-33.33333333333333,0.13139926982690436,0.21586616297895306,60.0,75.97961208288316,1.1559598256585182,23.60592411669114,Low,seller,99.3646,16.666666666666664,100.0,74.68
e3e290b38963293022cdcd6db8328103,3,182.04,3,3.0,-10.531701388888889,-50.0,0.0680290966799942,0.10793308148947653,60.0,76.48788454977559,0.8527572484366117,23.605850406686365,Low,seller,99.3646,10.0,100.0,72.68
2fa13c8bd5705d279f7ed5cc9ec61c68,2,148.7,4,3.0,-9.378723958333333,0.0,0.05467324882160881,0.053966540744738264,60.0,75.99310926178651,1.762364980102331,23.60509649711088,Low,seller,99.3646,6.666666666666667,100.0,71.68
64c9a1db4e73e19aaafd3286dc448c96,1,482.6,1,3.0,-8.945277777777777,0.0,0.18843202506380682,0.0,60.0,75.80710522291403,1.762364980102331,23.603831888966482,Low,seller,99.3646,3.3333333333333335,100.0,70.68
851773c885feb5e2da3b4f82bc2b17ce,10,837.13,10,3.0,-7.793101851851851,-50.0,0.33045508268928286,0.48569886670264434,60.0,75.31267388327421,0.8527572484366117,23.60273804881724,Low,seller,99.3646,33.33333333333333,100.0,79.68
2f4b0d3b9634b647d4edee577d7ebb7e,10,422.31,11,3.0,-7.1298758417508425,0.0,0.16428013342067377,0.48569886670264434,60.0,75.02806480814995,1.762364980102331,23.60115497593459,Low,seller,99.3646,33.33333333333333,100.0,79.68
be8e909810184b9b19e886129149d8e5,15,846.08,15,3.0,-6.698059413580247,-50.0,0.3340404107736425,0.7555315704263357,60.0,74.84276014220902,0.8527572484366117,23.60078476201369,Low,seller,99.3646,50.0,100.0,84.68
b56828a9f9027f3c918c04ca720d9e3c,3,471.61,3,3.0,-8.498858024691359,0.0,0.18402948253340323,0.10793308148947653,60.0,75.61553385642952,1.762364980102331,23.60075869160705,Low,seller,99.3646,10.0,100.0,72.68
27a56ff04b34c2ba34ce6ba4d3b9d616,8,452.27,8,3.0,-9.328110532407408,-66.66666666666666,0.17628196910865296,0.37776578521316784,60.0,75.971389606462,0.5495546712147056,23.59798994512666,Low,seller,99.3646,26.666666666666668,100.0,77.68
bdb3edbaee43a761e2d4f258dc08f348,5,328.36,5,3.0,-10.418601851851852,-75.0,0.12664420341781515,0.21586616297895306,60.0,76.43935033347097,0.3979533826037522,23.597657690051104,Low,seller,99.3646,16.666666666666664,100.0,74.68
0ec28cec4046a4a199b6de9b4c891d97,3,352.64,4,3.0,-5.838868634259259,100.0,0.1363706577070052,0.10793308148947653,60.0,74.47405703145407,3.581580443433769,23.597161066745958,Low,seller,99.3646,10.0,100.0,72.68
a56e351445e5863fc8960640ba9190c7,3,825.98,4,3.0,-7.780431134259259,0.0,0.32598844490820916,0.10793308148947653,60.0,75.30723651929833,1.762364980102331,23.597101779749813,Low,seller,99.3646,10.0,100.0,72.68
6b803197e03abd5056b4313306b4f29d,7,530.62,12,3.0,-7.487849151234568,0.0,0.20766861217117535,0.32379924446842956,60.0,75.1816812993304,1.762364980102331,23.59673908767825,Low,seller,99.3646,23.333333333333332,100.0,76.68
5275ca25d0358ca73864e0ae41be1320,4,478.82000000000005,4,3.0,-2.541837384259259,200.0,0.18691777476672533,0.16189962223421478,60.0,73.05920749234237,5.400795906765207,23.595510952516445,Low,seller,99.3646,13.333333333333334,100.0,73.68
f92d8c817434bd2d84d4e9c61322b7fa,5,225.61,5,3.0,-8.433150462962963,0.0,0.08548303462810013,0.21586616297895306,60.0,75.58733687970157,1.762364980102331,23.593948481098636,Low,seller,99.3646,16.666666666666664,100.0,74.68
7f02656561b680def9986c0795a8a080,2,111.83000000000001,2,3.0,-9.269328703703703,0.0,0.039903299495314,0.053966540744738264,60.0,75.94616465803314,1.762364980102331,23.593623821749983,Low,seller,99.3646,6.666666666666667,100.0,71.68
0417b067eeab773d2f7061a726dc477f,13,2501.75,13,3.0,-3.193831018518518,-25.0,0.9972940587548345,0.6475984889368591,60.0,73.3389964366951,1.3075611142694712,23.592693416791878,Low,seller,99.3646,43.333333333333336,100.0,82.68
00ab3eff1b5192e5f1a63bcecfee11c8,1,110.08,1,3.0,-9.461099537037038,0.0,0.0392022576911096,0.0,60.0,76.02845895692907,1.762364980102331,23.592266018856925,Low,seller,99.3646,3.3333333333333335,100.0,70.68
0b3f27369a4d8df98f7eb91077e438ac,2,171.39000000000001,2,3.0,-9.130734953703705,0.0,0.06376275655726463,0.053966540744738264,60.0,75.88669015250298,1.762364980102331,23.591860483039042,Low,seller,99.3646,6.666666666666667,100.0,71.68
bab0a8cd684e41ba6e2637dca0979d3b,1,289.03999999999996,1,3.0,-9.119675925925925,0.0,0.11089279556563414,0.0,60.0,75.88194441029795,1.762364980102331,23.591795998224615,Low,seller,99.3646,3.3333333333333335,100.0,70.68
f664f98bfda2eaf266a23ff144e7a872,2,161.8,2,3.0,-9.142251157407408,0.0,0.05992104747022456,0.053966540744738264,60.0,75.89163208185305,1.762364980102331,23.591449259715443,Low,seller,99.3646,6.666666666666667,100.0,71.68
7d948535954aaf8c5d39db007f74372e,4,237.8,4,3.0,-8.551400462962963,0.0,0.09036629153852958,0.16189962223421478,60.0,75.63808130561502,1.762364980102331,23.589533486872597,Low,seller,99.3646,13.333333333333334,100.0,73.68
bba8d0c234a52b87b3957037a215d1a4,1,139.53,1,3.0,-9.351944444444445,0.0,0.0509997897675778,0.0,60.0,75.98161741351139,1.762364980102331,23.58877904696721,Low,seller,99.3646,3.3333333333333335,100.0,70.68
99a25c39b28a74d1151c35c18d178292,1,218.7,6,3.0,-9.203020833333333,0.0,0.08271492098978449,0.0,60.0,75.91771007185565,1.762364980102331,23.588707485085514,Low,seller,99.3646,3.3333333333333335,100.0,70.68
44f091b5abab8018f682fce8124b85e5,6,1787.71,6,3.0,0.4275694444444446,200.0,0.711252978826775,0.26983270372369134,60.0,71.78495087647724,5.400795906765207,23.588656291727062,Low,seller,99.3646,20.0,100.0,75.68
eb4a59a06b3948e851a7d7a830bcbc42,2,108.0,2,3.0,-9.175243055555555,0.0,0.038369019432398094,0.053966540744738264,60.0,75.90578984025747,1.762364980102331,23.587107315064756,Low,seller,99.3646,6.666666666666667,100.0,71.68
217f005bb37ff3aeef5b2ae1788e75ba,3,120.22,3,3.0,-8.935538194444444,0.0,0.04326429420232819,0.10793308148947653,60.0,75.80292569170993,1.762364980102331,23.58663791039979,Low,seller,99.3646,10.0,100.0,72.68
6d2f2e3b539480db1e0842b3a4e32e6e,3,474.26,6,3.0,-8.268180941358024,0.0,0.185091060122627,0.10793308148947653,60.0,75.51654378315138,1.762364980102331,23.586228653892096,Low,seller,99.3646,10.0,100.0,72.68
7178e1eaa97257d8b6d4b80efd77a025,1,184.71,1,3.0,-9.19732638888889,0.0,0.06909868617555176,0.0,60.0,75.91526642437802,1.762364980102331,23.5842560675196,Low,seller,99.3646,3.3333333333333335,100.0,70.68
a7c53f6b3b61adbdaa99dda97e8cbd56,1,110.3,1,3.0,-9.308217592592593,0.0,0.03929038866078101,0.0,60.0,75.96285298227059,1.762364980102331,23.582451561949057,Low,seller,99.3646,3.3333333333333335,100.0,70.68
1b0b0f4f95e962d6f32fe90c759d0479,2,163.17000000000002,2,3.0,-8.99924189814815,0.0,0.06046986305408743,0.053966540744738264,60.0,75.83026275617509,1.762364980102331,23.582408505538908,Low,seller,99.3646,6.666666666666667,100.0,71.68
8a207b6080964f3c1fc9d35bd6096ba4,2,730.0400000000001,3,3.0,-7.932511574074074,0.0,0.287555330225141,0.053966540744738264,60.0,75.37249854560757,1.762364980102331,23.581869514105094,Low,seller,99.3646,6.666666666666667,100.0,71.68
9c1c0c36cd23c20897e473901a8fb149,6,717.04,7,3.0,-7.108834325396826,0.0,0.282347591108194,0.26983270372369134,60.0,75.01903529721774,1.762364980102331,23.581254245856275,Low,seller,99.3646,20.0,100.0,75.68
f0ec78809fe0bc3edb11c9fe5b97b059,2,86.25999999999999,2,3.0,-9.11907986111111,0.0,0.029660077247596103,0.053966540744738264,60.0,75.8816886219949,1.762364980102331,23.58087944966993,Low,seller,99.3646,6.666666666666667,100.0,71.68
4a23adac87cf538689fa600d976f78b2,3,440.41,3,3.0,-8.235327932098764,0.0,0.17153090865273066,0.10793308148947653,60.0,75.50244562590495,1.762364980102331,23.580045884864163,Low,seller,99.3646,10.0,100.0,72.68
aeb36d67f1414f234d42a29e27cf1f17,4,3548.1,4,3.0,-2.218880208333333,0.0,1.4164569683715575,0.16189962223421478,60.0,72.92061741634245,1.762364980102331,23.57974110653162,Low,seller,99.3646,13.333333333333334,100.0,73.68
457fe919b032a3f7dadba6fb92cf7855,9,1246.1100000000001,12,3.0,-6.174779128086421,-25.0,0.49429055530843274,0.4317323259579061,60.0,74.61820574323049,1.3075611142694712,23.579707220993527,Low,seller,99.3646,30.0,100.0,78.68
80f2cf9abf6b5a0e5c612b5eea6646e6,7,1054.78,7,3.0,-8.12059799382716,-66.66666666666666,0.4176446533664748,0.32379924446842956,60.0,75.45321175822903,0.5495546712147056,23.579180437982874,Low,seller,99.3646,23.333333333333332,100.0,76.68
ff1e15b778c700abdd4d239b81ac466d,7,529.16,7,3.0,-7.215803571428571,0.0,0.20708374300881052,0.32379924446842956,60.0,75.06493883193465,1.762364980102331,23.579052256820184,Low,seller,99.3646,23.333333333333332,100.0,76.68
74636e24f01da9268b0ed88dacd8513e,4,1048.6100000000001,4,3.0,-4.042155671296296,100.0,0.41517298026250854,0.16189962223421478,60.0,73.70303658463114,3.581580443433769,23.578640331675352,Low,seller,99.3646,13.333333333333334,100.0,73.68
3e35a8bb43569389d3cebef0ce820f69,1,84.67999999999999,2,3.0,-9.257881944444444,0.0,0.029027136647228707,0.0,60.0,75.94125252926206,1.762364980102331,23.57613251839371,Low,seller,99.3646,3.3333333333333335,100.0,70.68
8def3db7f272735afb2ecd03aeca09a7,2,229.64,2,3.0,-8.761493055555556,0.0,0.08709743375435366,0.053966540744738264,60.0,75.72823799060258,1.762364980102331,23.575093061913112,Low,seller,99.3646,6.666666666666667,100.0,71.68
f3511c85f59f8dec53d140501ee8e7a8,1,78.01,1,3.0,-9.247685185185185,0.0,0.026355165884918264,0.0,60.0,75.93687681091289,1.762364980102331,23.574674569412643,Low,seller,99.3646,3.3333333333333335,100.0,70.68
436bf27f2f18474fc6047702e9f8a866,1,44.42,1,3.0,-9.293888888888889,0.0,0.012899169197360814,0.0,60.0,75.95670412947119,1.762364980102331,23.57361186819012,Low,seller,99.3646,3.3333333333333335,100.0,70.68
d7f1cfc638473be93baedbfd02208016,1,47.14,1,3.0,-9.282199074074073,0.0,0.013988788458752784,0.0,60.0,75.95168769867362,1.762364980102331,23.573186289348904,Low,seller,99.3646,3.3333333333333335,100.0,70.68
28a26ebce31d5918b181ede016fd693b,1,47.04,1,3.0,-9.265405092592593,0.0,0.01394872892708396,0.0,60.0,75.9444809253199,1.762364980102331,23.572093255486344,Low,seller,99.3646,3.3333333333333335,100.0,70.68
52831e5990d0771cb4951d6f12928167,1,78.12,1,3.0,-9.204918981481482,0.0,0.026399231369753962,0.0,60.0,75.91852462101485,1.762364980102331,23.571934960573387,Low,seller,99.3646,3.3333333333333335,100.0,70.68
74871d19219c7d518d0090283e03c137,6,637.9100000000001,7,3.0,-7.107976190476191,0.0,0.2506484836986549,0.26983270372369134,60.0,75.01866704720587,1.762364980102331,23.571689276131632,Low,seller,99.3646,20.0,100.0,75.68
3afc536624bc2e65bddfb5db33cc01f3,6,419.07,6,3.0,-8.926670524691358,-50.0,0.1629822045946039,0.26983270372369134,60.0,75.79912032333098,0.8527572484366117,23.571496610652613,Low,seller,99.3646,20.0,100.0,75.68
062c325cd6a2b87845fab56b4ec2eeae,2,157.08,2,3.0,-8.809195601851851,0.0,0.05803023757545613,0.053966540744738264,60.0,75.74870850499087,1.762364980102331,23.569443480217686,Low,seller,99.3646,6.666666666666667,100.0,71.68
a61cc04793308395a840807104365121,1,38.37,1,3.0,-9.234652777777777,0.0,0.010475567531397058,0.0,60.0,75.93128423558808,1.762364980102331,23.569071803607866,Low,seller,99.3646,3.3333333333333335,100.0,70.68
2e2f44824ab87a0cb961f68bf4073e7f,1,65.93,1,3.0,-9.162106481481482,0.0,0.021515974459324516,0.0,60.0,75.90015256406417,1.762364980102331,23.567714174957658,Low,seller,99.3646,3.3333333333333335,100.0,70.68
01266d4c46afa519678d16a8b683d325,3,137.48,3,3.0,-8.601331018518518,0.0,0.05017856936836693,0.10793308148947653,60.0,75.65950792191275,1.762364980102331,23.567199527480025,Low,seller,99.3646,10.0,100.0,72.68
3dfd3dc96f7f8598eca74e9ac8a2fa31,6,258.7,6,3.0,-9.630144675925926,-66.66666666666666,0.09873873365731345,0.26983270372369134,60.0,76.10100101634875,0.5495546712147056,23.567185415601898,Low,seller,99.3646,20.0,100.0,75.68
f9ec7093df3a7b346b7bcf7864069ca3,9,638.13,9,3.0,-6.970219907407408,-20.0,0.25073661466832625,0.4317323259579061,60.0,74.95955192246764,1.3985218874360432,23.56693904300372,Low,seller,99.3646,30.0,100.0,78.68
af7cdac9d9897cddead9c6b08976c642,6,694.01,6,3.0,-6.911259645061729,0.0,0.2731218809648642,0.26983270372369134,60.0,74.93425040310663,1.762364980102331,23.56576879869661,Low,seller,99.3646,20.0,100.0,75.68
0ddefe3c7a032b91f4e25b9c3a08fca1,9,552.9,10,3.0,-7.943556712962963,-50.0,0.2165938758269889,0.4317323259579061,60.0,75.3772383276968,0.8527572484366117,23.564772718235755,Low,seller,99.3646,30.0,100.0,78.68
aa17b35ce4de7b565be3249ba838944f,2,114.0,2,3.0,-8.81162037037037,0.0,0.04077259133252744,0.053966540744738264,60.0,75.74974904187414,1.762364980102331,23.564422266877298,Low,seller,99.3646,6.666666666666667,100.0,71.68
da03c298e3999e9d828591fc2179d109,4,842.48,5,3.0,-7.015178240740741,0.0,0.33259826763356487,0.16189962223421478,60.0,74.9788448173093,1.762364980102331,23.56331760645525,Low,seller,99.3646,13.333333333333334,100.0,73.68
0249d282d911d23cb8b869ab49c99f53,11,531.88,11,3.0,-7.532287457912459,-50.0,0.20817336227020247,0.5396654074473827,60.0,75.20075103599794,0.8527572484366117,23.56275674078626,Low,seller,99.3646,36.666666666666664,100.0,80.68
71271995e85f5b8530be99ed54a91b89,8,896.83,8,3.0,-6.0390625,0.0,0.3543706230955698,0.37776578521316784,60.0,74.55996589224398,1.762364980102331,23.560984015078795,Low,seller,99.3646,26.666666666666668,100.0,77.68
668bf321538e5072858eaef6087ce027,1,28.009999999999998,1,3.0,-9.118229166666667,0.0,0.006325400050507057,0.0,60.0,75.8813235649022,1.762364980102331,23.560332652760714,Low,seller,99.3646,3.3333333333333335,100.0,70.68
13dd308f81fea30cc670c656b2b46cc3,3,151.14,3,3.0,-5.63858024691358,100.0,0.05565070139432808,0.10793308148947653,60.0,74.38810760876495,3.581580443433769,23.560052666448787,Low,seller,99.3646,10.0,100.0,72.68
a2fa0bdc798ee84cdb08281337cf4fb6,10,611.02,13,3.0,-6.126130050505051,0.0,0.2398764756329085,0.48569886670264434,60.0,74.59732904544542,1.762364980102331,23.55922351419258,Low,seller,99.3646,33.33333333333333,100.0,79.68
64cc804291f90c81f02bfc2bb58ff55a,2,564.14,2,3.0,-7.8856423611111115,0.0,0.22109656718656456,0.053966540744738264,60.0,75.35238563816723,1.762364980102331,23.55891494907747,Low,seller,99.3646,6.666666666666667,100.0,71.68
52bb00821bcdd358a5a5a27e1f6be5a1,2,388.43,2,3.0,-8.21310763888889,0.0,0.15070796409127674,0.053966540744738264,60.0,75.49291026842027,1.762364980102331,23.55887706268684,Low,seller,99.3646,6.666666666666667,100.0,71.68
aa1eb17b9fdf6dfd546e25c45c7b9235,3,154.26,4,3.0,-8.428666087962963,0.0,0.05690055878239534,0.10793308148947653,60.0,75.58541250731294,1.762364980102331,23.558101812114263,Low,seller,99.3646,10.0,100.0,72.68
213fafb0ca06fb3d5886579c2565791b,3,216.86,3,3.0,-5.483043981481482,100.0,0.08197782560707817,0.10793308148947653,60.0,74.32136258975376,3.581580443433769,23.55793905086093,Low,seller,99.3646,10.0,100.0,72.68
eb1bf309f4f6af9a97e9ddac3fdbeabe,1,31.18,1,3.0,-9.048078703703704,0.0,0.007595287204408727,0.0,60.0,75.85122001335364,1.762364980102331,23.556198086174604,Low,seller,99.3646,3.3333333333333335,100.0,70.68
4c60877808f4318ef1107fbeb8f89afa,2,150.63,2,3.0,-8.613697916666666,0.0,0.05544639778281708,0.053966540744738264,60.0,75.66481490835551,1.762364980102331,23.55608428878459,Low,seller,99.3646,6.666666666666667,100.0,71.68
8dd386be0767c330276ea6a3f96532d3,1,134.48000000000002,2,3.0,-8.821863425925926,0.0,0.04897678341830228,0.0,60.0,75.75414462727596,1.762364980102331,23.55405122712712,Low,seller,99.3646,3.3333333333333335,100.0,70.68
cb32766839f443db85c82a43c4a6c19e,2,265.51,2,3.0,-8.363871527777778,0.0,0.10146678776396026,0.053966540744738264,60.0,75.55760732541938,1.762364980102331,23.55380926833851,Low,seller,99.3646,6.666666666666667,100.0,71.68
c716e0b86ed568878475b60fbb6323ad,1,50.230000000000004,1,3.0,-8.9753125,0.0,0.015226627987319398,0.0,60.0,75.81999397332957,1.762364980102331,23.553803582405866,Low,seller,99.3646,3.3333333333333335,100.0,70.68
b5abf4f36adc043117b4fca82c22984c,11,1531.79,12,3.0,-1.2818004115226336,100.0,0.6087326253799246,0.5396654074473827,60.0,72.51848992099994,3.581580443433769,23.55346767196919,Low,seller,99.3646,36.666666666666664,100.0,80.68
e1b12447a7563944843191754aeb5562,9,599.13,10,3.0,-6.265219907407408,0.0,0.23511339731748554,0.4317323259579061,60.0,74.65701644450583,1.762364980102331,23.55325606537083,Low,seller,99.3646,30.0,100.0,78.68
48b6c3f4c6a93171da04b75313f2130f,2,328.05999999999995,2,3.0,-8.226244212962964,0.0,0.12652402482280864,0.053966540744738264,60.0,75.49854754461359,1.762364980102331,23.552467472335298,Low,seller,99.3646,6.666666666666667,100.0,71.68
a99504ac23ed125aaf5302af6cc30af9,1,1025.24,1,3.0,-7.129201388888889,0.0,0.40581106771150466,0.0,60.0,75.02777538131454,1.762364980102331,23.552146125520864,Low,seller,99.3646,3.3333333333333335,100.0,70.68
5cf1ec37aea089f45110c70653a166ab,3,93.1,3,3.0,-8.443744212962963,0.0,0.032400149213743554,0.10793308148947653,60.0,75.59188295802733,1.762364980102331,23.551722256850823,Low,seller,99.3646,10.0,100.0,72.68
9485a23c0430ba1d58d359391606fce6,5,1195.15,5,3.0,-7.357714120370369,-50.0,0.4738762179700009,0.21586616297895306,60.0,75.12583666988066,0.8527572484366117,23.550280631461497,Low,seller,99.3646,16.666666666666664,100.0,74.68
3442f8959a84dea7ee197c632cb2df15,3,246.60000000000002,3,3.0,-5.3063927469135805,100.0,0.09389153032538596,0.10793308148947653,60.0,74.24555653914021,3.581580443433769,23.550142254684392,Low,seller,99.3646,10.0,100.0,72.68
3ef37b7ca6dd2b80bd8af81a62504996,2,740.97,2,3.0,-7.4165682870370375,0.0,0.29193383703654324,0.053966540744738264,60.0,75.15109266057931,1.762364980102331,23.549972183394274,Low,seller,99.3646,6.666666666666667,100.0,71.68
c1ed9e3daf6154542826a6996af0fb8c,9,1300.64,17,3.0,-6.2998242187499995,-50.0,0.5161350179274415,0.4317323259579061,60.0,74.67186613510381,0.8527572484366117,23.548829231976942,Low,seller,99.3646,30.0,100.0,78.68
b67d6c666e8dce1d078c882825e12704,7,457.03,8,3.0,-8.575837673611112,-60.0,0.1781888028160889,0.32379924446842956,60.0,75.64856800519443,0.6708357021034679,23.548775222951445,Low,seller,99.3646,23.333333333333332,100.0,76.68
1d2732ef8321502ee8488e8bed1ab8cd,4,1228.1799999999998,5,3.0,-6.033747685185185,0.0,0.48710788128021276,0.16189962223421478,60.0,74.5576851545982,1.762364980102331,23.54649654114258,Low,seller,99.3646,13.333333333333334,100.0,73.68
a7ecf689b40a44361e259b28939023e4,1,410.91,1,3.0,-8.15638888888889,0.0,0.15971334681042804,0.0,60.0,75.46857064552574,1.762364980102331,23.544436098882223,Low,seller,99.3646,3.3333333333333335,100.0,70.68
e4ebd3f87bf70440014f07ddda7fbe03,7,787.26,7,3.0,-7.608870701058201,-50.0,0.31047739424604115,0.32379924446842956,60.0,75.23361507581207,0.8527572484366117,23.544411015606393,Low,seller,99.3646,23.333333333333332,100.0,76.68
03bd479e1d9484cdb14104d3023f7321,3,417.4200000000001,3,3.0,-4.887588734567902,100.0,0.1623212223220684,0.10793308148947653,60.0,74.06583586956955,3.581580443433769,23.5437130618478,Low,seller,99.3646,10.0,100.0,72.68
09883d9ab71c8fe8a9bfc7fc3075b07e,5,406.17,5,3.0,-4.489267939814814,100.0,0.15781452500932586,0.21586616297895306,60.0,73.89490512911175,3.581580443433769,23.543704711957673,Low,seller,99.3646,16.666666666666664,100.0,74.68
fc6295add6f51a0936407ead70c1001d,1,230.51999999999998,4,3.0,-8.3940625,0.0,0.0874499576330393,0.0,60.0,75.57056312713766,1.762364980102331,23.538055954370794,Low,seller,99.3646,3.3333333333333335,100.0,70.68
1e9d5a33694bddb76316fd1f54734d20,2,468.94,2,3.0,-7.723489583333333,0.0,0.18295989303784566,0.053966540744738264,60.0,75.28280128621286,1.762364980102331,23.5370362940397,Low,seller,99.3646,6.666666666666667,100.0,71.68
2379bdc3888025689a9deb7b141507d5,9,1125.61,9,3.0,-5.024538323045268,0.0,0.44601881964750173,0.4317323259579061,60.0,74.12460481879887,1.762364980102331,23.536665948213788,Low,seller,99.3646,30.0,100.0,78.68
4dc2e811a1760953cb7c6a590b498943,1,199.84,1,3.0,-8.389097222222222,0.0,0.0751596933170446,0.0,60.0,75.56843238573948,1.762364980102331,23.53404926386627,Low,seller,99.3646,3.3333333333333335,100.0,70.68
3c88ed2e76a2247933a15daa7161eb1c,1,306.2,1,3.0,-8.185439814814815,0.0,0.11776701120000407,0.0,60.0,75.48103722107217,1.762364980102331,23.533722184531058,Low,seller,99.3646,3.3333333333333335,100.0,70.68
f266295f49a28eee21f413e0cbb0521d,2,177.94,2,3.0,-8.215231481481482,0.0,0.06638665588157248,0.053966540744738264,60.0,75.49382166946121,1.762364980102331,23.533717380380068,Low,seller,99.3646,6.666666666666667,100.0,71.68
43b2c864251aa0ce4030c746984e088a,2,129.32,2,3.0,-8.292193287037037,0.0,0.04690971158419103,0.053966540744738264,60.0,75.52684816113292,1.762364980102331,23.532828270841613,Low,seller,99.3646,6.666666666666667,100.0,71.68
52956b80ae65fda598f06f6b9943e7a9,3,858.85,3,3.0,-6.671385030864198,0.0,0.3391560129677511,0.10793308148947653,60.0,74.83131340869933,1.762364980102331,23.52966358357783,Low,seller,99.3646,10.0,100.0,72.68
e83e93b71371817b11d78a63ff156aee,2,373.38,3,3.0,-7.725192901234569,0.0,0.14467900457511898,0.053966540744738264,60.0,75.28353222819212,1.762364980102331,23.52566166879777,Low,seller,99.3646,6.666666666666667,100.0,71.68
51e0557bc7b86de13e946c60ee91ce39,1,63.4,1,3.0,-8.508263888888889,0.0,0.020502468308103306,0.0,60.0,75.61957017929568,1.762364980102331,23.525322765397014,Low,seller,99.3646,3.3333333333333335,100.0,70.68
6c17baf138731a4aaacc3210adf2037b,4,628.72,5,3.0,-6.821344907407408,0.0,0.24696701273829008,0.16189962223421478,60.0,74.89566544121719,1.762364980102331,23.52515132357285,Low,seller,99.3646,13.333333333333334,100.0,73.68
baa49d93c8c8841e27400a300f5d74b2,6,334.42,6,3.0,-9.198852237654322,-80.0,0.12907181103694576,0.26983270372369134,60.0,75.91592120932206,0.3069926094371802,23.52426716158403,Low,seller,99.3646,20.0,100.0,75.68
5b92bfa4120daa27c574daa2e386c693,1,24.96,1,3.0,-8.559166666666666,0.0,0.005103584334607974,0.0,60.0,75.64141400369934,1.762364980102331,23.52397967386552,Low,seller,99.3646,3.3333333333333335,100.0,70.68
ef728fa1f17436c91ed1ccd03dcf9631,3,186.82,4,3.0,-9.249707754629629,-50.0,0.06994394229376391,0.10793308148947653,60.0,75.93774475277613,0.8527572484366117,23.523903890820577,Low,seller,99.3646,10.0,100.0,72.68
63272377184e969942f7fff221be858d,2,216.23,2,3.0,-7.991232638888889,0.0,0.08172545055756458,0.053966540744738264,60.0,75.39769741852982,1.762364980102331,23.523900381143157,Low,seller,99.3646,6.666666666666667,100.0,71.68
cf654707ed6a99f112c7ec3d6f314b8b,3,789.54,4,3.0,-6.704409722222222,0.0,0.31139075156809026,0.10793308148947653,60.0,74.84548523959938,1.762364980102331,23.523459779792937,Low,seller,99.3646,10.0,100.0,72.68
9539213aa8e023c01937bef95dc006da,9,319.03999999999996,9,3.0,-3.486878858024691,100.0,0.12291065506628088,0.4317323259579061,60.0,73.46475156888044,3.581580443433769,23.522677057684803,Low,seller,99.3646,30.0,100.0,78.68
8a40ae794fa3f9892cee24bd5af0488b,6,946.26,6,3.0,-5.770414737654321,0.0,0.37417204959946876,0.26983270372369134,60.0,74.44468152460622,1.762364980102331,23.522648517511932,Low,seller,99.3646,20.0,100.0,75.68
baf15155e37ef5492731459bdc05be8a,1,55.72,1,3.0,-8.47585648148148,0.0,0.017425896275937745,0.0,60.0,75.60566324243113,1.762364980102331,23.522313753257684,Low,seller,99.3646,3.3333333333333335,100.0,70.68
79a679c36c08d606b3fd47ead9de109b,3,1072.22,7,3.0,-6.1576074735449735,0.0,0.42463103568951743,0.10793308148947653,60.0,74.6108368996644,1.762364980102331,23.522234614039117,Low,seller,99.3646,10.0,100.0,72.68
656591be56071d4c9ef4e5fee78a578a,7,2021.2,11,3.0,-4.954296085858586,-50.0,0.8047879793203082,0.32379924446842956,60.0,74.09446188433026,0.8527572484366117,23.521831212406397,Low,seller,99.3646,23.333333333333332,100.0,76.68
1927cdb9fa74f5270097f6250e8e8f34,1,178.92000000000002,1,3.0,-8.212916666666667,0.0,0.06677923929192696,0.0,60.0,75.49282831682802,1.762364980102331,23.520194517322015,Low,seller,99.3646,3.3333333333333335,100.0,70.68
131fcb0a0c9a47bba4474aacff0f14b7,4,406.41,4,3.0,-7.159372106481481,0.0,0.157910667885331,0.16189962223421478,60.0,75.04072249119729,1.762364980102331,23.52019297761398,Low,seller,99.3646,13.333333333333334,100.0,73.68
d58d521f3789def2e7a22715e0badd93,2,84.2,2,3.0,-8.17546875,0.0,0.028834850895218367,0.053966540744738264,60.0,75.47675835460474,1.762364980102331,23.519892341655694,Low,seller,99.3646,6.666666666666667,100.0,71.68
b452cb0ae35044c4a53179c39f49fb06,2,101.98999999999998,2,3.0,-8.14185763888889,0.0,0.03596144157910186,0.053966540744738264,60.0,75.46233487437094,1.762364980102331,23.519866796825788,Low,seller,99.3646,6.666666666666667,100.0,71.68
3d68c634a99a1ba46dbca3967a69c623,2,857.7,2,3.0,-6.72546875,0.0,0.33869532835355964,0.053966540744738264,60.0,74.85452226517975,1.762364980102331,23.519515071479447,Low,seller,99.3646,6.666666666666667,100.0,71.68
d5b9a084373da994a6e37f732169a853,7,1945.29,7,3.0,-5.522440476190476,-66.66666666666666,0.7743787888305053,0.32379924446842956,60.0,74.33826874203291,0.5495546712147056,23.518959226192667,Low,seller,99.3646,23.333333333333332,100.0,76.68
db7ed69a53aa9fb1c01930ba54a88bbe,1,120.78,1,3.0,-8.258472222222222,0.0,0.0434886275796736,0.0,60.0,75.51237749664905,1.762364980102331,23.516139710781495,Low,seller,99.3646,3.3333333333333335,100.0,70.68
1acde099eb406aa220b1169b188b42da,9,458.5,10,3.0,-7.36241087962963,-50.0,0.1787776779316206,0.4317323259579061,60.0,75.12785218237339,0.8527572484366117,23.516019937068634,Low,seller,99.3646,30.0,100.0,78.68
88cd3681e0a2ba85e190f7d817629c4c,1,199.36,1,3.0,-8.10275462962963,0.0,0.07496740756503426,0.0,60.0,75.44555466501492,1.762364980102331,23.515559920031983,Low,seller,99.3646,3.3333333333333335,100.0,70.68
7b8e8ec35bad4b0ef7e3963650b0a87b,5,2616.3,5,3.0,0.10056712962963026,100.0,1.0431822522814704,0.21586616297895306,60.0,71.92527683620365,3.581580443433769,23.513870786203103,Low,seller,99.3646,16.666666666666664,100.0,74.68
a56a8043ebf66e42119618fb8cf232c6,1,106.73,1,3.0,-8.238402777777777,0.0,0.037860263380204054,0.0,60.0,75.50376512931936,1.762364980102331,23.5131593464222,Low,seller,99.3646,3.3333333333333335,100.0,70.68
48328ec9a579151d9cc6a86d4a59336c,1,1196.78,1,3.0,-6.174201388888889,0.0,0.4745291883362026,0.0,60.0,74.61795781896913,1.762364980102331,23.51128892735646,Low,seller,99.3646,3.3333333333333335,100.0,70.68
5a413ade68e8f8d93071a7f52a64cb9e,14,932.67,14,3.0,-3.9347329695767193,0.0,0.36872795924567575,0.7015650296815974,60.0,73.65693845922875,1.762364980102331,23.510786912088648,Low,seller,99.3646,46.666666666666664,100.0,83.68
466222e777149751370e7e98fb623b0c,1,105.45,1,3.0,-8.202314814814814,0.0,0.03734750137484313,0.0,60.0,75.48827876176806,1.762364980102331,23.510682562687894,Low,seller,99.3646,3.3333333333333335,100.0,70.68
e9e446d01bd10a97a8ffcfc4a3a20cb2,4,89.61,4,3.0,-7.599548611111111,0.0,0.031002071558501657,0.16189962223421478,60.0,75.22961470285072,1.762364980102331,23.510454230463946,Low,seller,99.3646,13.333333333333334,100.0,73.68
3e46a38ee171c503c3b4a3f23fe3bf0c,1,69.00999999999999,1,3.0,-8.259328703703703,0.0,0.02274980803472424,0.0,60.0,75.51274503712332,1.762364980102331,23.509973195989147,Low,seller,99.3646,3.3333333333333335,100.0,70.68
5305693ffae2d3463377b1f6fe67b15a,1,106.55,1,3.0,-8.185578703703703,0.0,0.03778815622320017,0.0,60.0,75.48109682223016,1.762364980102331,23.509737468211718,Low,seller,99.3646,3.3333333333333335,100.0,70.68
9da1ca0bef29ee170e541927a5aeabdc,6,1612.03,6,3.0,-5.728290895061728,-50.0,0.6408763935909876,0.26983270372369134,60.0,74.42660499006391,0.8527572484366117,23.508987567361466,Low,seller,99.3646,20.0,100.0,75.68
76c47a299e4a8fe992316a85865acbe9,6,1246.34,10,3.0,-6.408039351851852,-50.0,0.49438269223127096,0.26983270372369134,60.0,74.71830431526787,0.8527572484366117,23.508794355734146,Low,seller,99.3646,20.0,100.0,75.68
fcba71d4d5db057f43249145e4eb1e27,3,548.27,3,3.0,-6.908395061728395,0.0,0.2147391195107225,0.10793308148947653,60.0,74.93302112922308,1.762364980102331,23.50759467361928,Low,seller,99.3646,10.0,100.0,72.68
f4ce8ca9fa7157e3b33f536ac9a4487d,4,507.13,4,3.0,-6.740509259259259,0.0,0.19825862818216894,0.16189962223421478,60.0,74.86097657391386,1.762364980102331,23.505335478110517,Low,seller,99.3646,13.333333333333334,100.0,73.68
8e34331b7eedd03be4e5d965c1956225,5,210.44,5,3.0,-7.075113425925926,0.0,0.07940600367393977,0.21586616297895306,60.0,75.00456470368763,1.762364980102331,23.5047095454103,Low,seller,99.3646,16.666666666666664,100.0,74.68
0761743cbffb25d7148189e9f1a5f03a,3,327.4,7,3.0,-7.259859457671958,0.0,0.12625963191379444,0.10793308148947653,60.0,75.08384446115689,1.762364980102331,23.503674327130273,Low,seller,99.3646,10.0,100.0,72.68
cecd97bc34ed8330bd4cd15713eda670,1,76.5,1,3.0,-8.146608796296297,0.0,0.025750266956719038,0.0,60.0,75.46437373065055,1.762364980102331,23.50361763769483,Low,seller,99.3646,3.3333333333333335,100.0,70.68
f7c31656c19db6275a8acadca289f426,1,77.75,1,3.0,-8.14175925925926,0.0,0.026251011102579318,0.0,60.0,75.46229265688403,1.762364980102331,23.503455699873612,Low,seller,99.3646,3.3333333333333335,100.0,70.68
0af977692321d895349eded183341d28,2,277.22,2,3.0,-7.558622685185185,0.0,0.10615775892237936,0.053966540744738264,60.0,75.21205222829607,1.762364980102331,23.503383295117544,Low,seller,99.3646,6.666666666666667,100.0,71.68
baeda7047354773262ba2405f97038ba,1,50.1,1,3.0,-8.190833333333334,0.0,0.015174550596149926,0.0,60.0,75.48335173270748,1.762364980102331,23.5032916230952,Low,seller,99.3646,3.3333333333333335,100.0,70.68
c18309219e789960add0b2255ca4b091,1,24.0,1,3.0,-8.236585648148148,0.0,0.004719012830587279,0.0,60.0,75.50298534750232,1.762364980102331,23.503100003984756,Low,seller,99.3646,3.3333333333333335,100.0,70.68
74c7dec0a384d8a05950e629bd23bde9,5,248.88,5,3.0,-8.390159143518519,-50.0,0.0948048876474351,0.21586616297895306,60.0,75.56888808625996,0.8527572484366117,23.503016944821624,Low,seller,99.3646,16.666666666666664,100.0,74.68
2b5ed0c9139dae8883a200dfcb272ece,4,144.75,4,3.0,-4.531976273148148,100.0,0.053090897320690326,0.16189962223421478,60.0,73.91323248519396,3.581580443433769,23.50154509187723,Low,seller,99.3646,13.333333333333334,100.0,73.68
9599519be538b98748162a2b48248960,1,630.0600000000001,3,3.0,-7.050856481481482,0.0,0.24750381046265232,0.0,60.0,74.99415536144451,1.762364980102331,23.499610945365703,Low,seller,99.3646,3.3333333333333335,100.0,70.68
8e4f041ff58e7845456d3482524014b3,2,182.39000000000001,2,3.0,-7.676157407407407,0.0,0.0681693050408351,0.053966540744738264,60.0,75.26248970824588,1.762364980102331,23.499552380945552,Low,seller,99.3646,6.666666666666667,100.0,71.68
d85efbc8eff2b7adf524e2820569adc8,1,63.29,1,3.0,-8.10226851851852,0.0,0.0204584028232676,0.0,60.0,75.44534606096195,1.762364980102331,23.499175928001506,Low,seller,99.3646,3.3333333333333335,100.0,70.68
60da8bfa7eebe230b7d66ac4082d79b3,3,125.27,3,3.0,-7.562827932098766,0.0,0.045287300551603724,0.10793308148947653,60.0,75.21385681891303,1.762364980102331,23.49888448138504,Low,seller,99.3646,10.0,100.0,72.68
809413606dbfe5deefd2db646693ef67,3,247.05,5,3.0,-7.334104166666667,0.0,0.09407179821789566,0.10793308148947653,60.0,75.11570496969853,1.762364980102331,23.498797053302752,Low,seller,99.3646,10.0,100.0,72.68
feb793c88d836c3a75efa4b5a3465d70,1,530.17,1,3.0,-7.203784722222222,0.0,0.20748834427866558,0.0,60.0,75.05978120315567,1.762364980102331,23.497450181767185,Low,seller,99.3646,3.3333333333333335,100.0,70.68
96e5dc09087bad639b4ee193104ec2e5,2,154.44,2,3.0,-7.678518518518519,0.0,0.056972665939399224,0.053966540744738264,60.0,75.26350292793171,1.762364980102331,23.496345372167994,Low,seller,99.3646,6.666666666666667,100.0,71.68
aa762680c40618316a896838866140ea,3,323.46,3,3.0,-8.556616512345679,-50.0,0.12468128636604282,0.10793308148947653,60.0,75.64031966021511,0.8527572484366117,23.49571133015811,Low,seller,99.3646,10.0,100.0,72.68
4dc646b9b9e8e411ef48ba000ea3ac6f,4,353.26,5,3.0,-6.872196759259259,0.0,0.1366190268033519,0.16189962223421478,60.0,74.91748741186292,1.762364980102331,23.49532022338923,Low,seller,99.3646,13.333333333333334,100.0,73.68
1c56ffe0e9dea2657fc6e95b53f40b13,3,267.39,3,3.0,-8.654961419753088,-50.0,0.10221990695933411,0.10793308148947653,60.0,75.68252224683584,0.8527572484366117,23.495303304329205,Low,seller,99.3646,10.0,100.0,72.68
a69aa24cec11168e7e39a3fbc727e925,3,140.29000000000002,3,3.0,-8.887060185185186,-50.0,0.05130424220826086,0.10793308148947653,60.0,75.78212240418952,0.8527572484366117,23.49496862850694,Low,seller,99.3646,10.0,100.0,72.68
265fdc289dffa9f1ad801c74f7d0de47,1,546.55,1,3.0,-7.127997685185186,0.0,0.21405009556601873,0.0,60.0,75.0272588379453,1.762364980102331,23.494540352371832,Low,seller,99.3646,3.3333333333333335,100.0,70.68
166e8f1381e09651983c38b1f6f91c11,2,109.0,2,3.0,-7.722372685185185,0.0,0.03876961474908632,0.053966540744738264,60.0,75.28232199356734,1.762364980102331,23.49370731665624,Low,seller,99.3646,6.666666666666667,100.0,71.68
b416191c9813d821a295cfabafff4161,2,150.14,2,3.0,-7.61478587962963,0.0,0.05525010607763985,0.053966540744738264,60.0,75.23615344655865,1.762364980102331,23.491726182003507,Low,seller,99.3646,6.666666666666667,100.0,71.68
25debeafbce801fdd479539350185eee,6,402.85,7,3.0,-8.166766975308642,-66.66666666666666,0.15648454855792096,0.26983270372369134,60.0,75.47302417649783,0.5495546712147056,23.490312634094444,Low,seller,99.3646,20.0,100.0,75.68
ca7c6bd577e559472af1c699de9e764e,6,218.82,8,3.0,-8.027485532407407,-50.0,0.08276299242778708,0.26983270372369134,60.0,75.41325456245623,0.8527572484366117,23.489550982871357,Low,seller,99.3646,20.0,100.0,75.68
8d899e15a5925f097cca50faa49b15e3,4,795.98,10,3.0,-3.1216365740740737,100.0,0.31397058540756245,0.16189962223421478,60.0,73.30801575477143,3.581580443433769,23.489026488739913,Low,seller,99.3646,13.333333333333334,100.0,73.68
c1dde11f12d05c478f5de2d7319ad3b2,1,19.89,1,3.0,-8.005775462962964,0.0,0.0030725660789986784,0.0,60.0,75.40393815644778,1.762364980102331,23.4877489913011,Low,seller,99.3646,3.3333333333333335,100.0,70.68
f1198c871e0171278b63f40d112caeec,2,558.0699999999999,2,3.0,-6.769826388888888,0.0,0.21866495361426702,0.053966540744738264,60.0,74.8735573850131,1.762364980102331,23.48636122703266,Low,seller,99.3646,6.666666666666667,100.0,71.68
f1ce5fdecd64935c28b9ff932751d0dc,2,180.53,2,3.0,-7.44863425925926,0.0,0.06742419775179498,0.053966540744738264,60.0,75.16485307793045,1.762364980102331,23.484683354211523,Low,seller,99.3646,6.666666666666667,100.0,71.68
4ef4c39cf3c24f326434cf0b2e48046a,8,1017.17,9,3.0,-4.536041666666667,0.0,0.40257826350583065,0.37776578521316784,60.0,73.91497706075597,1.762364980102331,23.47869798247867,Low,seller,99.3646,26.666666666666668,100.0,77.68
939e6227d6964a11a70aa91243e418f2,4,488.25,4,3.0,-6.3007204861111115,0.0,0.19069538860309526,0.16189962223421478,60.0,74.67225074882646,1.762364980102331,23.474757632473683,Low,seller,99.3646,13.333333333333334,100.0,73.68
f9d010e39375d9c91dce3f40b73a2f84,4,1350.1399999999999,5,3.0,-4.677266203703704,0.0,0.5359644861035087,0.16189962223421478,60.0,73.97558051155376,1.762364980102331,23.4738378261329,Low,seller,99.3646,13.333333333333334,100.0,73.68
b87a7ea0c30fad2dd6781b74a0064859,9,637.75,9,3.0,-6.3422440843621395,-50.0,0.25058438844798475,0.4317323259579061,60.0,74.69006970151237,0.8527572484366117,23.47189457809439,Low,seller,99.3646,30.0,100.0,78.68
10264f60a8f0a4d2f30810f5c661c673,4,326.46000000000004,4,3.0,-7.955245949074074,-50.0,0.1258830723161075,0.16189962223421478,60.0,75.3822545101562,0.8527572484366117,23.470853728620476,Low,seller,99.3646,13.333333333333334,100.0,73.68
ea1776927851da2532aa70d6a32c095a,3,372.31999999999994,3,3.0,-8.03771412037037,-50.0,0.14425437353942944,0.10793308148947653,60.0,75.4176439394041,0.8527572484366117,23.468181898188476,Low,seller,99.3646,10.0,100.0,72.68
ea846a0e7ad98a741783e886d89dfa44,2,192.26,3,3.0,-7.169633487654321,0.0,0.07212318081654785,0.053966540744738264,60.0,75.04512594064079,1.762364980102331,23.4681339785375,Low,seller,99.3646,6.666666666666667,100.0,71.68
7d7866a99a8656a42c7ff6352a433410,5,207.38,5,3.0,-7.45038888888889,-33.33333333333333,0.0781801820048738,0.21586616297895306,60.0,75.1656060392264,1.1559598256585182,23.467857483796013,Low,seller,99.3646,16.666666666666664,100.0,74.68
61c36f0fc4a47f9532e5512b66668e62,1,767.69,1,3.0,-6.291724537037037,0.0,0.3026377438984526,0.0,60.0,74.66839033215577,1.762364980102331,23.467286371003134,Low,seller,99.3646,3.3333333333333335,100.0,70.68
5011f0d93373a4c5753adf58ca77af8d,12,1390.85,22,3.0,-3.3855957892416226,-20.0,0.5522727214458862,0.5936319481921208,60.0,73.42128813395318,1.3985218874360432,23.467135212318375,Low,seller,99.3646,40.0,100.0,81.68
f18112da765e0971ca5d510dec322bdd,2,410.75,2,3.0,-6.736521990740741,0.0,0.1596492515597579,0.053966540744738264,60.0,74.8592655240032,1.762364980102331,23.46651273726483,Low,seller,99.3646,6.666666666666667,100.0,71.68
0743a0239d764b9a0f959a57d07e36ab,4,403.21999999999997,4,3.0,-6.329782986111111,0.0,0.15663276882509558,0.16189962223421478,60.0,74.68472229113605,1.762364980102331,23.466409577886722,Low,seller,99.3646,13.333333333333334,100.0,73.68
2d20f1cd18725c91147da0791d498022,1,119.69,1,3.0,-7.45855324074074,0.0,0.04305197868448343,0.0,60.0,75.16910959396364,1.762364980102331,23.464518530710123,Low,seller,99.3646,3.3333333333333335,100.0,70.68
c7fdb77fdbff3c41981bc52f787e959e,10,871.88,12,3.0,-5.580013678451179,-50.0,0.34437576994419866,0.48569886670264434,60.0,74.36297503460558,0.8527572484366117,23.46445942769342,Low,seller,99.3646,33.33333333333333,100.0,79.68
c6381b1321d7d97717a5bb4ed5b77882,2,100.00999999999999,3,3.0,-7.27221450617284,0.0,0.035168262852059186,0.053966540744738264,60.0,75.08914636258024,1.762364980102331,23.46365056643907,Low,seller,99.3646,6.666666666666667,100.0,71.68
19d62d484cba71963c93f0f00ab42013,1,162.59,1,3.0,-7.352303240740741,0.0,0.06023751777040825,0.0,60.0,75.1235147081006,1.762364980102331,23.462834959556446,Low,seller,99.3646,3.3333333333333335,100.0,70.68
913fd0ebba70bb919f7254a02239173c,1,179.12,1,3.0,-7.306354166666667,0.0,0.06685935835526459,0.0,60.0,75.10379665833194,1.762364980102331,23.461863804266606,Low,seller,99.3646,3.3333333333333335,100.0,70.68
2d2322d842118867781fc737e96d59a1,8,281.37,10,3.0,-5.64734375,0.0,0.10782022948663547,0.37776578521316784,60.0,74.3918682762754,1.762364980102331,23.46180425460083,Low,seller,99.3646,26.666666666666668,100.0,77.68
695051e2981c8b19e77cafe450d5bdf3,1,182.45,1,3.0,-7.295914351851851,0.0,0.06819334075983637,0.0,60.0,75.09931663795629,1.762364980102331,23.461591995931627,Low,seller,99.3646,3.3333333333333335,100.0,70.68
bd43e172d599bed47a85da877172ca8c,1,42.19,1,3.0,-7.547418981481481,0.0,0.012005841641146073,0.0,60.0,75.20724440155148,1.762364980102331,23.4609249107353,Low,seller,99.3646,3.3333333333333335,100.0,70.68
dd4d95ba2d15c071e6c695e2ef6ce169,4,1962.41,4,3.0,-3.3104861111111106,0.0,0.7812369806522076,0.16189962223421478,60.0,73.38905644264429,1.762364980102331,23.459440964161093,Low,seller,99.3646,13.333333333333334,100.0,73.68
cb162c8eef257253782d245c08d9097c,1,49.120000000000005,1,3.0,-7.498101851851852,0.0,0.014781967185795468,0.0,60.0,75.18608102370155,1.762364980102331,23.458583241721204,Low,seller,99.3646,3.3333333333333335,100.0,70.68
700f03c207639c22d933381ff60b35c2,4,1326.31,4,3.0,1.1875173611111105,200.0,0.5264182997068283,0.16189962223421478,60.0,71.4588356903853,5.400795906765207,23.457305339704916,Low,seller,99.3646,13.333333333333334,100.0,73.68
3a79f35a2344ede41af21267f61d5ec6,1,217.71,1,3.0,-7.156099537037037,0.0,0.08231833162626316,0.0,60.0,75.03931813891212,1.762364980102331,23.45682971833493,Low,seller,99.3646,3.3333333333333335,100.0,70.68
a353b1083c9863d756d9404695016d64,1,137.09,1,3.0,-7.30224537037037,0.0,0.05002233719485854,0.0,60.0,75.10203345740804,1.762364980102331,23.456548217779897,Low,seller,99.3646,3.3333333333333335,100.0,70.68
f410c8873029fcc3809b9df6d0b28914,2,327.1,2,3.0,-6.7201967592592595,0.0,0.12613945331878798,0.053966540744738264,60.0,74.85225990455768,1.762364980102331,23.455408954875708,Low,seller,99.3646,6.666666666666667,100.0,71.68
bbd3acfe6de99892e73940d3fdceaf68,2,93.55000000000001,2,3.0,-7.150225694444444,0.0,0.032580417106253264,0.053966540744738264,60.0,75.03679750660542,1.762364980102331,23.45502188431911,Low,seller,99.3646,6.666666666666667,100.0,71.68
2c9005d8043aff18b8557ffb7b13cda4,1,129.64000000000001,1,3.0,-7.2723148148148145,0.0,0.04703790208553127,0.0,60.0,75.089189407861,1.762364980102331,23.453726279815044,Low,seller,99.3646,3.3333333333333335,100.0,70.68
2039c5e51785b5dde7cf93ccb3b7be2c,1,173.68,1,3.0,-7.188472222222222,0.0,0.06468011983248066,0.0,60.0,75.05321017548717,1.762364980102331,23.453622060283053,Low,seller,99.3646,3.3333333333333335,100.0,70.68
c5e60e39c0f42b8e827daa13cff74afa,6,223.1,8,3.0,-6.009978298611111,0.0,0.08447754038321267,0.26983270372369134,60.0,74.54748503725345,1.762364980102331,23.451160691644137,Low,seller,99.3646,20.0,100.0,75.68
6bd503a8230299c9316fb0f726933927,4,453.89,5,3.0,-5.98963425925926,0.0,0.1769309335216879,0.16189962223421478,60.0,74.53875483346766,1.762364980102331,23.45060390864544,Low,seller,99.3646,13.333333333333334,100.0,73.68
5f57db27027655e6c6a391601daa0258,1,151.04,1,3.0,-7.180821759259259,0.0,0.05561064186265926,0.0,60.0,75.0499271450345,1.762364980102331,23.45040876232421,Low,seller,99.3646,3.3333333333333335,100.0,70.68
bd0a1b0aadca9a83d9304f7e8ff5fbd5,4,205.19,4,3.0,-6.449945023148149,0.0,0.07730287826132659,0.16189962223421478,60.0,74.73628722632452,1.762364980102331,23.45034535099586,Low,seller,99.3646,13.333333333333334,100.0,73.68
f3862c2188522d89860c38a3ea8b550d,1,28.29,1,3.0,-7.394664351851852,0.0,0.0064375667391797595,0.0,60.0,75.14169306128782,1.762364980102331,23.449421727225157,Low,seller,99.3646,3.3333333333333335,100.0,70.68
2c00c85d30361cd2ced2969cffbbffa3,1,57.51,1,3.0,-7.314872685185185,0.0,0.018142961892809666,0.0,60.0,75.10745219602205,1.762364980102331,23.447797215981385,Low,seller,99.3646,3.3333333333333335,100.0,70.68
392f7f2c797e4dc077e4311bde2ab8ce,2,88.56,2,3.0,-7.03771412037037,0.0,0.030581446475979022,0.053966540744738264,60.0,74.98851560186962,1.762364980102331,23.447179907419656,Low,seller,99.3646,6.666666666666667,100.0,71.68
2075d8cd4dd63ff12df0749a5866bb06,3,242.23000000000002,3,3.0,-6.508051697530864,0.0,0.09214092879145842,0.10793308148947653,60.0,74.76122244690202,1.762364980102331,23.445045414055343,Low,seller,99.3646,10.0,100.0,72.68
c026ef0d72e9132d9fa112308090c8dc,1,557.72,1,3.0,-6.3340625,0.0,0.21852474525342622,0.0,60.0,74.68655875181665,1.762364980102331,23.44477773435876,Low,seller,99.3646,3.3333333333333335,100.0,70.68
4a5b36211b1f51bf7eaa5c10a57fa483,1,155.26,1,3.0,-7.075347222222222,0.0,0.05730115409908356,0.0,60.0,75.00466503230358,1.762364980102331,23.444126599085493,Low,seller,99.3646,3.3333333333333335,100.0,70.68
9e94fa26a70ede4d26226e918e8706a2,1,72.74,1,3.0,-7.22619212962963,0.0,0.024244028565971316,0.0,60.0,75.06939685664486,1.762364980102331,23.443919235076756,Low,seller,99.3646,3.3333333333333335,100.0,70.68
9200e6ce317b67196b6b0bad4d4bd567,1,51.42,1,3.0,-7.265127314814815,0.0,0.015703336414178384,0.0,60.0,75.08610504793498,1.762364980102331,23.443863256124732,Low,seller,99.3646,3.3333333333333335,100.0,70.68
adbe70ab2c97442046d393988c8d1d27,5,354.65,5,3.0,-7.971451388888889,-75.0,0.13717585429354853,0.21586616297895306,60.0,75.38920872360296,0.3979533826037522,23.443295943833622,Low,seller,99.3646,16.666666666666664,100.0,74.68
c990d6cf976a5718aaedc539f383ab88,10,341.99,11,3.0,0.8445846193415638,200.0,0.13210431758427563,0.48569886670264434,60.0,71.605997847747,5.400795906765207,23.442035279789515,Low,seller,99.3646,33.33333333333333,100.0,79.68
94d76e96eedd976258cd3278ce56d5f2,1,454.17,1,3.0,-6.479988425925926,0.0,0.1770431002103606,0.0,60.0,74.74917970181242,1.762364980102331,23.441726383345205,Low,seller,99.3646,3.3333333333333335,100.0,70.68
3aa3c89ae3cd482385568be76120f63c,1,48.94,1,3.0,-7.22650462962963,0.0,0.014709860028791585,0.0,60.0,75.06953095925034,1.762364980102331,23.441079099906425,Low,seller,99.3646,3.3333333333333335,100.0,70.68
b3809b8d4394588a47c8470ea331e135,1,96.88,1,3.0,-7.1260763888888885,0.0,0.03391439951082505,0.0,60.0,75.02643435525975,1.762364980102331,23.44037597115244,Low,seller,99.3646,3.3333333333333335,100.0,70.68
80ceebb4ee9b31afb6c6a916a574a1e2,1,6922.21,1,3.0,5.62349537037037,0.0,2.768109632362461,0.0,60.0,69.55523182193241,1.762364980102331,23.439954161008835,Low,seller,99.3646,3.3333333333333335,100.0,70.68
52b53f7061969fe471d119b6195da864,1,98.37,1,3.0,-7.114537037037037,0.0,0.034511286532690505,0.0,60.0,75.02148249238334,1.762364980102331,23.43981225782754,Low,seller,99.3646,3.3333333333333335,100.0,70.68
69b5eaa096c3f9d1e5c398c597f567d6,2,987.02,2,3.0,-5.2340625,0.0,0.39050031470768076,0.053966540744738264,60.0,74.21451758052874,1.762364980102331,23.439055864688033,Low,seller,99.3646,6.666666666666667,100.0,71.68
dd88d13bea9e4c2bf47daf224f8141e5,1,487.38,1,3.0,-6.359247685185185,0.0,0.1903468706775765,0.0,60.0,74.69736642846567,1.762364980102331,23.437945523483357,Low,seller,99.3646,3.3333333333333335,100.0,70.68
741f8c587cb4248ebc5b779a0e8e0e51,5,157.64,5,3.0,-7.058583333333334,-33.33333333333333,0.05825457095280153,0.21586616297895306,60.0,74.99747117253408,1.1559598256585182,23.436659570476543,Low,seller,99.3646,16.666666666666664,100.0,74.68
eb9cd5b35d95206585e2185318cb5c61,2,611.55,3,3.0,-5.895293209876544,0.0,0.24008879115075327,0.053966540744738264,60.0,74.49827041578479,1.762364980102331,23.436495332909363,Low,seller,99.3646,6.666666666666667,100.0,71.68
cd52a8efd71af3336b14b5039b951cc1,3,230.54,3,3.0,-7.806776620370371,-50.0,0.08745796953937307,0.10793308148947653,60.0,75.31854211395473,0.8527572484366117,23.43627770317105,Low,seller,99.3646,10.0,100.0,72.68
7963e546f34e098b578f9ad102494601,1,82.22,1,3.0,-7.089247685185185,0.0,0.02804167216817568,0.0,60.0,75.01063011486583,1.762364980102331,23.43624351689056,Low,seller,99.3646,3.3333333333333335,100.0,70.68
1bc2e21de46adfea6b98cc96b00f3b40,3,1142.55,5,3.0,-4.660277777777777,0.0,0.4528049043122003,0.10793308148947653,60.0,73.96829029657883,1.762364980102331,23.434304784163086,Low,seller,99.3646,10.0,100.0,72.68
35857757f553273b1056c1cabdace7fb,6,573.34,6,3.0,-5.092432484567902,0.0,0.22478204410009625,0.26983270372369134,60.0,74.15374012746139,1.762364980102331,23.434190306290393,Low,seller,99.3646,20.0,100.0,75.68
7daca0837f033a41a6f3428c18657533,7,1397.14,7,3.0,-4.736638558201058,-50.0,0.5547924659878553,0.32379924446842956,60.0,74.00105887133472,0.8527572484366117,23.432822106457333,Low,seller,99.3646,23.333333333333332,100.0,76.68
e433f5fd4050e3352b5d83522b7fe24b,1,596.77,1,3.0,-6.061400462962963,0.0,0.23416799237010133,0.0,60.0,74.56955174515419,1.762364980102331,23.43191965749439,Low,seller,99.3646,3.3333333333333335,100.0,70.68
b4b447d715f9ab302a188fb43d3e96b3,5,779.6600000000001,5,3.0,-5.815983796296297,-33.33333333333333,0.30743286983921064,0.21586616297895306,60.0,74.46423649898426,1.1559598256585182,23.431427859109995,Low,seller,99.3646,16.666666666666664,100.0,74.68
44ed138eca6214d572ce1d813fb0049b,2,185.8,3,3.0,-6.595883487654322,0.0,0.06953533507074193,0.053966540744738264,60.0,74.79891355698038,1.762364980102331,23.430425767264698,Low,seller,99.3646,6.666666666666667,100.0,71.68
eae9af4811c294c56795d70e715b7337,1,27.009999999999998,1,3.0,-7.097395833333334,0.0,0.005924804733818832,0.0,60.0,75.01412671613464,1.762364980102331,23.430132946850577,Low,seller,99.3646,3.3333333333333335,100.0,70.68
da3fede3469bf49b7293ce3fc45b294d,1,57.69,1,3.0,-7.002199074074074,0.0,0.018215069049813546,0.0,60.0,74.97327508909504,1.762364980102331,23.42769228208943,Low,seller,99.3646,3.3333333333333335,100.0,70.68
1782ce2db72c3dda627d5e7c898104e1,9,2218.17,10,3.0,-1.236973379629629,0.0,0.8836932388483879,0.4317323259579061,60.0,72.49925337132709,1.762364980102331,23.42416555685329,Low,seller,99.3646,30.0,100.0,78.68
6e4a902d1054e4e17aa6eab87fac1c75,7,695.7,8,3.0,-4.490364583333333,0.0,0.27379888705006733,0.32379924446842956,60.0,73.89537572992172,1.762364980102331,23.42363233473062,Low,seller,99.3646,23.333333333333332,100.0,76.68
1d0646a72178a6fb37ee8082140e06ec,2,97.62,2,3.0,-6.654791666666666,0.0,0.03421084004517433,0.053966540744738264,60.0,74.82419272590714,1.762364980102331,23.42362029409604,Low,seller,99.3646,6.666666666666667,100.0,71.68
e64ddbe1cbcf4f2fc3092b7c481f3f9d,1,28.29,1,3.0,-6.987222222222222,0.0,0.0064375667391797595,0.0,60.0,74.96684809755835,1.762364980102331,23.42319498266574,Low,seller,99.3646,3.3333333333333335,100.0,70.68
9bc484c87d79cd4874e05ca182658045,9,1269.87,9,3.0,-4.370026041666667,-50.0,0.503808700032945,0.4317323259579061,60.0,73.84373505159499,0.8527572484366117,23.42091167408227,Low,seller,99.3646,30.0,100.0,78.68
45a3d05fb00435e52a28859dd03703b3,1,1323.79,1,3.0,-4.524479166666667,0.0,0.525408799508774,0.0,60.0,73.91001526435323,1.762364980102331,23.42036142751585,Low,seller,99.3646,3.3333333333333335,100.0,70.68
56f413900b5166ab4d730e9ac0b12cb0,3,194.24,3,3.0,-7.624656635802469,-50.0,0.07291635954359055,0.10793308148947653,60.0,75.2403892677453,0.8527572484366117,23.420192293240902,Low,seller,99.3646,10.0,100.0,72.68
e819bcfade7b5d88a27325eb6cfd62c5,5,338.25,11,3.0,-6.434808501683502,-33.33333333333333,0.13060609109986168,0.21586616297895306,60.0,74.72979171603234,1.1559598256585182,23.418213108045403,Low,seller,99.3646,16.666666666666664,100.0,74.68
5741dc2bf5044c34d0698681c5081bed,3,123.74999999999999,3,3.0,-7.7127584876543205,-50.0,0.04467839567023762,0.10793308148947653,60.0,75.2781962689642,0.8527572484366117,23.41739195426173,Low,seller,99.3646,10.0,100.0,72.68
83b08de96980757220871b31bf6cffca,5,1758.38,7,3.0,-4.236382275132276,-50.0,0.6995035181883092,0.21586616297895306,60.0,73.78638472424024,0.8527572484366117,23.417051029680927,Low,seller,99.3646,16.666666666666664,100.0,74.68
e3dd723429d1b23614b7fa85e2c7a853,7,597.62,8,3.0,-6.447835648148148,-66.66666666666666,0.23450849838928634,0.32379924446842956,60.0,74.73538203373754,0.5495546712147056,23.416565132815993,Low,seller,99.3646,23.333333333333332,100.0,76.68
c4fabeea6e569d42d02993bb1f4f1cbc,11,1136.52,11,3.0,-4.543681607744108,-66.66666666666666,0.45038931455257025,0.5396654074473827,60.0,73.9182555759694,0.5495546712147056,23.412726949744496,Low,seller,99.3646,36.666666666666664,100.0,80.68
0e44d110fa6a54e121cb2c095a77762f,6,293.38,6,3.0,-6.673611111111111,-50.0,0.11263137924006104,0.26983270372369134,60.0,74.83226868281491,0.8527572484366117,23.411363616968842,Low,seller,99.3646,20.0,100.0,75.68
89dda63a3c907c468ec88c310ed91213,2,777.13,2,3.0,-5.155752314814815,0.0,0.3064193636879894,0.053966540744738264,60.0,74.1809124609482,1.762364980102331,23.408790811445044,Low,seller,99.3646,6.666666666666667,100.0,71.68
a7dc4098e4da6e41b426269d12ae7e91,2,554.45,3,3.0,-5.555748456790123,0.0,0.21721479856785572,0.053966540744738264,60.0,74.35256214037426,1.762364980102331,23.407776893822913,Low,seller,99.3646,6.666666666666667,100.0,71.68
d149de2f383552baea37a7198c2296ce,3,354.37,3,3.0,-5.710385802469136,0.0,0.13706368760487583,0.10793308148947653,60.0,74.41892140744625,1.762364980102331,23.407177085781,Low,seller,99.3646,10.0,100.0,72.68
a89e143d5211473ae18db9577ee34b64,2,159.68,2,3.0,-6.282037037037037,0.0,0.05907178539884552,0.053966540744738264,60.0,74.6642331513859,1.762364980102331,23.40708464152396,Low,seller,99.3646,6.666666666666667,100.0,71.68
2ea0861cc19e94cad86438c984c52da4,6,228.05,6,3.0,-7.194413580246914,-66.66666666666666,0.0864604872008194,0.26983270372369134,60.0,75.055759780579,0.5495546712147056,23.406715756299487,Low,seller,99.3646,20.0,100.0,75.68
6a53b90c3ad9e0b56d9fe5c69165fff5,2,194.77999999999997,4,3.0,-6.208570601851852,0.0,0.07313268101460217,0.053966540744738264,60.0,74.63270662219028,1.762364980102331,23.40657393082934,Low,seller,99.3646,6.666666666666667,100.0,71.68
81ed90f07c0bacb7594940ba2ef676aa,2,257.46,2,3.0,-6.06578125,0.0,0.09824199546462004,0.053966540744738264,60.0,74.57143166501248,1.762364980102331,23.404915481587675,Low,seller,99.3646,6.666666666666667,100.0,71.68
a7b7354cc588f7566a848bcbb1ce3d96,2,104.87,2,3.0,-6.342800925925926,0.0,0.037115156091163955,0.053966540744738264,60.0,74.69030865800691,1.762364980102331,23.404408978724803,Low,seller,99.3646,6.666666666666667,100.0,71.68
dbc51f5e45d654ecc16cb68e6817ecea,1,218.13,1,3.0,-6.320844907407407,0.0,0.08248658165927221,0.0,60.0,74.68088670828118,1.762364980102331,23.40311547875019,Low,seller,99.3646,3.3333333333333335,100.0,70.68
f7315bb81aea4ddca2d39e249a801c98,2,430.08000000000004,2,3.0,-5.7138020833333325,0.0,0.1673927590313413,0.053966540744738264,60.0,74.42038743037405,1.762364980102331,23.403004075461926,Low,seller,99.3646,6.666666666666667,100.0,71.68
253c025bab43881055aeecde5e2d8b77,2,124.33,2,3.0,-6.271886574074074,0.0,0.0449107409539168,0.053966540744738264,60.0,74.65987730008939,1.762364980102331,23.402182950496,Low,seller,99.3646,6.666666666666667,100.0,71.68
a13aaf2d2886ab9fb30fb9a920160b8f,4,1085.83,4,3.0,-5.9266579861111115,-66.66666666666666,0.4300831379496442,0.16189962223421478,60.0,74.51172993006747,0.5495546712147056,23.401214803575037,Low,seller,99.3646,13.333333333333334,100.0,73.68
5236605f4d4b0b3e4df85b850393fca0,5,347.48,5,3.0,-5.193824074074074,0.0,0.13430358587289398,0.21586616297895306,60.0,74.19725013170614,1.762364980102331,23.40008163427276,Low,seller,99.3646,16.666666666666664,100.0,74.68
630008e0f062605a415d694489f6f82e,2,135.5,3,3.0,-6.21449074074074,0.0,0.04938539064132426,0.053966540744738264,60.0,74.63524712154965,1.762364980102331,23.39983081862126,Low,seller,99.3646,6.666666666666667,100.0,71.68
1fbe10c70e30765ed1de86d9f7e98409,2,158.10999999999999,6,3.0,-6.148929398148148,0.0,0.058442850751645,0.053966540744738264,60.0,74.60711289159636,1.762364980102331,23.398327922161364,Low,seller,99.3646,6.666666666666667,100.0,71.68
119c7f1a00ef43fad0e57604e76a747c,2,206.82000000000002,2,3.0,-6.046383101851852,0.0,0.0779558486275284,0.053966540744738264,60.0,74.56310736994642,1.762364980102331,23.39758099327664,Low,seller,99.3646,6.666666666666667,100.0,71.68
4e85b538b0dad58852641540686d0e14,4,436.34,4,3.0,-5.189976851851853,0.0,0.16990048571380956,0.16189962223421478,60.0,74.1955991796298,1.762364980102331,23.397021426227397,Low,seller,99.3646,13.333333333333334,100.0,73.68
64b87978a11c1ea7501a89eabe8c2c1a,7,591.8299999999999,7,3.0,0.0,150.0,0.2321890515056615,0.32379924446842956,60.0,71.96843304135223,4.491188175099489,23.394990300281588,Low,seller,99.3646,23.333333333333332,100.0,76.68
c2bda99904207edd1834f03e0022b007,2,101.68,2,3.0,-6.185451388888889,0.0,0.03583725703092852,0.053966540744738264,60.0,74.6227855127664,1.762364980102331,23.393897137220655,Low,seller,99.3646,6.666666666666667,100.0,71.68
299c89a525fee36c567f4fe72f038100,2,757.75,2,3.0,-4.946851851851852,0.0,0.29865582645057165,0.053966540744738264,60.0,74.09126735256672,1.762364980102331,23.393014984016595,Low,seller,99.3646,6.666666666666667,100.0,71.68
a663d9c3797e90eac99ff60939416a56,1,249.08,1,3.0,-6.075983796296296,0.0,0.09488500671077274,0.0,60.0,74.57580986674323,1.762364980102331,23.391073480034947,Low,seller,99.3646,3.3333333333333335,100.0,70.68
5a32c398a06c345440bf2a683b017ad3,2,102.97,2,3.0,-6.135451388888889,0.0,0.03635402498945633,0.053966540744738264,60.0,74.60132909588967,1.762364980102331,23.3908337050767,Low,seller,99.3646,6.666666666666667,100.0,71.68
32e5635e63cb374eb63afdd242fb6134,1,927.82,1,3.0,-4.795115740740741,0.0,0.3667850719597379,0.0,60.0,74.02615308746167,1.762364980102331,23.390194982717404,Low,seller,99.3646,3.3333333333333335,100.0,70.68
7c4adcc13272c0e26fa23aac642adb7b,2,165.63,2,3.0,-6.000538194444445,0.0,0.061455327533140446,0.053966540744738264,60.0,74.54343402104627,1.762364980102331,23.3896798346133,Low,seller,99.3646,6.666666666666667,100.0,71.68
a11a0e0ca67423425691db355cff69b0,2,476.97999999999996,2,3.0,-5.418240740740741,0.0,0.18618067938401897,0.053966540744738264,60.0,74.29355368278783,1.762364980102331,23.3896153894298,Low,seller,99.3646,6.666666666666667,100.0,71.68
edb65fe661681b1c0de8bd47c8655855,1,84.24,1,3.0,-6.3596875,0.0,0.028850874707885894,0.0,60.0,74.69755516546597,1.762364980102331,23.389525035242496,Low,seller,99.3646,3.3333333333333335,100.0,70.68
2f9b7ce230a057a98a9f5df5893ee36c,2,171.85000000000002,2,3.0,-5.979641203703704,0.0,0.06394703040294121,0.053966540744738264,60.0,74.53446653015021,1.762364980102331,23.389082221839832,Low,seller,99.3646,6.666666666666667,100.0,71.68
3a3c180dd702a725bd0ba4117689239e,1,77.38,1,3.0,-6.331168981481482,0.0,0.026102790835404677,0.0,60.0,74.68531706102517,1.762364980102331,23.38686489441463,Low,seller,99.3646,3.3333333333333335,100.0,70.68
720e6cf846ea7572cbb66b743fb91e6c,1,68.55,1,3.0,-6.337164351851852,0.0,0.022565534189047658,0.0,60.0,74.68788984434512,1.762364980102331,23.386189634918715,Low,seller,99.3646,3.3333333333333335,100.0,70.68
4be9ae93c4fc0f41713d71a4194ee1b3,1,136.97,1,3.0,-6.1844675925925925,0.0,0.04997426575685594,0.0,60.0,74.6223633378973,1.762364980102331,23.384583278421886,Low,seller,99.3646,3.3333333333333335,100.0,70.68
c37b2059d4f90d4feead554e5246565e,12,1061.28,16,3.0,-3.5648502604166667,-50.0,0.4202485229249483,0.5936319481921208,60.0,73.49821130716415,0.8527572484366117,23.3844899648438,Low,seller,99.3646,40.0,100.0,81.68
553a440137d6e0cf776aee0bb83ac9f5,2,175.14,2,3.0,-5.876875,0.0,0.06526498899484545,0.053966540744738264,60.0,74.4903666400001,1.762364980102331,23.382862625894887,Low,seller,99.3646,6.666666666666667,100.0,71.68
c8143b3069f6746a77421b5ce30a450c,1,185.88,1,3.0,-6.046296296296297,0.0,0.06956738269607698,0.0,60.0,74.56307011922269,1.762364980102331,23.38156723070246,Low,seller,99.3646,3.3333333333333335,100.0,70.68
4091f77d8c768fc3e81c20761471761d,8,1309.8700000000001,8,3.0,-4.733638599537037,-80.0,0.5198325127004739,0.37776578521316784,60.0,73.99977150406055,0.3069926094371802,23.381056186666232,Low,seller,99.3646,26.666666666666668,100.0,77.68
5def4c3732941a971cba8fdee992ede1,5,201.04,6,3.0,-5.163497299382716,0.0,0.07564040769707045,0.21586616297895306,60.0,74.18423605330005,1.762364980102331,23.3805305690591,Low,seller,99.3646,16.666666666666664,100.0,74.68
ba6ce6de456f6c11d08c17701ba5c26f,6,874.51,7,3.0,-3.6823809523809525,0.0,0.34542933562708866,0.26983270372369134,60.0,73.54864705761607,1.762364980102331,23.37962053327169,Low,seller,99.3646,20.0,100.0,75.68
749e7cdabbaf72f16677859e27874ba5,1,61.739999999999995,1,3.0,-6.24068287037037,0.0,0.019837480082400855,0.0,60.0,74.6464869065941,1.762364980102331,23.37916077802407,Low,seller,99.3646,3.3333333333333335,100.0,70.68
5e063e85d44b0f5c3e6ec3131103a57e,1,30.32,1,3.0,-6.2855439814814815,0.0,0.007250775232056856,0.0,60.0,74.66573808062516,1.762364980102331,23.378272442673623,Low,seller,99.3646,3.3333333333333335,100.0,70.68
9b1f656ca3060f8af17a50d8a024b533,2,88.68,2,3.0,-5.94769675925926,0.0,0.030629517913981608,0.053966540744738264,60.0,74.5207582638123,1.762364980102331,23.377030728142458,Low,seller,99.3646,6.666666666666667,100.0,71.68
a3b0df0065e264a91b7bbf5f844af5cd,2,218.75,2,3.0,-5.690358796296296,0.0,0.0827349507556189,0.053966540744738264,60.0,74.4103272515815,1.762364980102331,23.37609770616033,Low,seller,99.3646,6.666666666666667,100.0,71.68
6561d6bf844e464b4019442692b40e02,1,49.449999999999996,1,3.0,-6.17224537037037,0.0,0.014914163640302578,0.0,60.0,74.61711843599409,1.762364980102331,23.373278512501436,Low,seller,99.3646,3.3333333333333335,100.0,70.68
ba6b4a237f92479743cf0ca06b67a9ac,8,913.71,8,3.0,-4.501802662037037,-50.0,0.3611326720412671,0.37776578521316784,60.0,73.90028413362043,0.8527572484366117,23.373099592802397,Low,seller,99.3646,26.666666666666668,100.0,77.68
a45314082d50d578a4721c9787ce09ab,2,453.92,2,3.0,-5.201302083333333,0.0,0.17694295138118854,0.053966540744738264,60.0,74.20045915738763,1.762364980102331,23.37287989221892,Low,seller,99.3646,6.666666666666667,100.0,71.68
dc120d932ddf9d4dfb6fd68beefda622,1,144.44,1,3.0,-5.982326388888889,0.0,0.05296671277251698,0.0,60.0,74.5356188192047,1.762364980102331,23.372469334722695,Low,seller,99.3646,3.3333333333333335,100.0,70.68
d8d9567d0bfb0bc7eb845a205ba42657,4,134.31,4,3.0,-2.5261313657407403,100.0,0.048908682214465274,0.16189962223421478,60.0,73.05246759472622,3.581580443433769,23.371175693775204,Low,seller,99.3646,13.333333333333334,100.0,73.68
389e45560e33d2d0747f949dcddbc08e,1,47.43,1,3.0,-6.134884259259259,0.0,0.014104961100592367,0.0,60.0,74.60108572449454,1.762364980102331,23.37063084501459,Low,seller,99.3646,3.3333333333333335,100.0,70.68
77128dec4bec4878c37ab7d6169d6f26,1,15.22,1,3.0,-6.164027777777778,0.0,0.001201785950064672,0.0,60.0,74.6135920341463,1.762364980102331,23.368635838917196,Low,seller,99.3646,3.3333333333333335,100.0,70.68
910a922b426b7ff95eaee129ad6c0e1f,2,150.95999999999998,2,3.0,-5.6663194444444445,0.0,0.05557859423732419,0.053966540744738264,60.0,74.40001128448591,1.762364980102331,23.366403404140502,Low,seller,99.3646,6.666666666666667,100.0,71.68
07e8e8fc5222bb358e6f259da3197074,2,74.86,2,3.0,-5.764548611111111,0.0,0.025093290637350354,0.053966540744738264,60.0,74.44216420347497,1.762364980102331,23.363580750908866,Low,seller,99.3646,6.666666666666667,100.0,71.68
c24173065483e421f9e5e7f599de101d,9,491.21,9,3.0,-5.346283436213991,-66.66666666666666,0.1918811507404924,0.4317323259579061,60.0,74.26267476432281,0.5495546712147056,23.359854108481517,Low,seller,99.3646,30.0,100.0,78.68
3903c788ded8dc03b5ebab37a2f3e9a1,5,171.25,5,3.0,-4.870601851851852,0.0,0.06370667321292826,0.21586616297895306,60.0,74.05854631682972,1.762364980102331,23.358096988243307,Low,seller,99.3646,16.666666666666664,100.0,74.68
7b7ed56ae755e2880f2b69632e839c1e,5,456.6,5,3.0,-4.336277777777778,0.0,0.178016546829913,0.21586616297895306,60.0,73.82925271521768,1.762364980102331,23.357995910086593,Low,seller,99.3646,16.666666666666664,100.0,74.68
0d4c8269e7f0401201794deef160edd6,3,892.03,4,3.0,-5.3515422453703705,-50.0,0.35244776557546637,0.10793308148947653,60.0,74.2649314683535,0.8527572484366117,23.357733045141693,Low,seller,99.3646,10.0,100.0,72.68
f1fdf2d13186575751aa25876536d85c,1,34.59,1,3.0,-5.955925925925926,0.0,0.008961317234315574,0.0,60.0,74.52428963242326,1.762364980102331,23.357568338044018,Low,seller,99.3646,3.3333333333333335,100.0,70.68
b76f4d90e85657a240495c876313adc5,1,318.3,1,3.0,-5.402083333333334,0.0,0.1226142145319316,0.0,60.0,74.28662008140823,1.762364980102331,23.356013774581044,Low,seller,99.3646,3.3333333333333335,100.0,70.68
c3f5668699a1b04c0fa61ecea1e2bff6,3,514.9300000000001,3,3.0,-4.600208333333334,0.0,0.2013832716523371,0.10793308148947653,60.0,73.94251279574777,1.762364980102331,23.35501166924047,Low,seller,99.3646,10.0,100.0,72.68
11742f81550ac064cc9a40f67151d9ad,2,831.01,2,3.0,-4.203096064814815,0.0,0.32800343935115095,0.053966540744738264,60.0,73.77210066814388,1.762364980102331,23.353944265223344,Low,seller,99.3646,6.666666666666667,100.0,71.68
32f1bb9dfa65bc7df5c0d9d95a616be4,5,332.17,6,3.0,-4.472756944444444,0.0,0.12817047157439726,0.21586616297895306,60.0,73.88781979311743,1.762364980102331,23.351827149194904,Low,seller,99.3646,16.666666666666664,100.0,74.68
83f2b4881141ce3fcd4e985125d3279e,3,101.38,3,3.0,-2.496261574074074,100.0,0.03571707843592205,0.10793308148947653,60.0,73.03964962068582,3.581580443433769,23.351803881349397,Low,seller,99.3646,10.0,100.0,72.68
52454f90d4c30c016768db02f88c1a74,3,147.67,5,3.0,-6.6440023148148155,-50.0,0.05426063564541994,0.10793308148947653,60.0,74.81956270928387,0.8527572484366117,23.35147159230224,Low,seller,99.3646,10.0,100.0,72.68
8fff28c4263ddec387f28d237fb42773,4,421.68,6,3.0,-4.48451099537037,0.0,0.16402775837116018,0.16189962223421478,60.0,73.89286378945056,1.762364980102331,23.34984929949772,Low,seller,99.3646,13.333333333333334,100.0,73.68
528bcf6680c36dddf07620bd35b33a6f,2,1013.84,2,3.0,-3.7398553240740737,0.0,0.4012442811012589,0.053966540744738264,60.0,73.57331093919157,1.762364980102331,23.34609805840553,Low,seller,99.3646,6.666666666666667,100.0,71.68
2c3d56f92f360fb89d849b84e8f50eae,8,590.44,8,3.0,-4.674560185185185,-50.0,0.23163222401546493,0.37776578521316784,60.0,73.97441928232557,0.8527572484366117,23.345369730700426,Low,seller,99.3646,26.666666666666668,100.0,77.68
9dd459b29a14bf89d47183cf2cd0e4c7,2,198.82000000000002,2,3.0,-5.230966435185185,0.0,0.0747510860940226,0.053966540744738264,60.0,74.21318897138187,1.762364980102331,23.344131804731905,Low,seller,99.3646,6.666666666666667,100.0,71.68
20b54c376b794ed028df09a3cd88e8dc,11,1506.55,11,3.0,-2.269943783068783,-50.0,0.5986215995867138,0.5396654074473827,60.0,72.94253024327723,0.8527572484366117,23.341158093073105,Low,seller,99.3646,36.666666666666664,100.0,80.68
1961c3e1272bfeceb05d0b78b5bbfdaf,3,945.43,4,3.0,-4.936435185185186,-50.0,0.3738395554866175,0.10793308148947653,60.0,74.08679726571741,0.8527572484366117,23.337430451719626,Low,seller,99.3646,10.0,100.0,72.68
5db42a6cd9bf1bf0d3aab9582767f168,1,219.32999999999998,1,3.0,-5.286215277777778,0.0,0.08296729603929807,0.0,60.0,74.23689781535433,1.762364980102331,23.336661359125173,Low,seller,99.3646,3.3333333333333335,100.0,70.68
788f22bafdd7ab0e1e79f19db72f16a4,2,152.04000000000002,2,3.0,-5.17072337962963,0.0,0.05601123717934749,0.053966540744738264,60.0,74.1873369691033,1.762364980102331,23.334632049715715,Low,seller,99.3646,6.666666666666667,100.0,71.68
269c5fc9fcadee614364c3620c30a1f9,3,254.71999999999997,6,3.0,-1.9217476851851851,100.0,0.09714436429689431,0.10793308148947653,60.0,72.79310943065646,3.581580443433769,23.333251038603283,Low,seller,99.3646,10.0,100.0,72.68
2d9e8987a2ea5cf88dce330249043ff1,2,344.17,2,3.0,-4.77328125,0.0,0.13297761537465594,0.053966540744738264,60.0,74.01678328874918,1.762364980102331,23.33213891112119,Low,seller,99.3646,6.666666666666667,100.0,71.68
09bad886111255c5b5030314fc7f1a4a,5,560.36,5,3.0,-3.648627314814815,0.0,0.21958231688948313,0.21586616297895306,60.0,73.53416241524157,1.762364980102331,23.32620209610805,Low,seller,99.3646,16.666666666666664,100.0,74.68
c52c644cc0dc85121207a27013efc6af,1,680.96,2,3.0,-4.2559606481481485,0.0,0.2678941120820829,0.0,60.0,73.79478635890416,1.762364980102331,23.325822685470484,Low,seller,99.3646,3.3333333333333335,100.0,70.68
751e274377499a8503fd6243ad9c56f6,1,235.84,2,3.0,-5.081585648148148,0.0,0.08958112471782065,0.0,60.0,74.14908544258107,1.762364980102331,23.32547365181274,Low,seller,99.3646,3.3333333333333335,100.0,70.68
fc0b214b59a83615fea981c6424a02ae,1,172.04000000000002,1,3.0,-5.188159722222222,0.0,0.06402314351311197,0.0,60.0,74.19481939781275,1.762364980102331,23.32466635073608,Low,seller,99.3646,3.3333333333333335,100.0,70.68
483ca627d131e18f988349b1655c0acd,1,283.73,1,3.0,-4.96425925925926,0.0,0.1087656344340197,0.0,60.0,74.09873736436825,1.762364980102331,23.323676792995677,Low,seller,99.3646,3.3333333333333335,100.0,70.68
a4fc6eadaff1576af888509a53420f6a,1,121.62,1,3.0,-5.253831018518518,0.0,0.043825127645691714,0.0,60.0,74.22300081201611,1.762364980102331,23.32283415810636,Low,seller,99.3646,3.3333333333333335,100.0,70.68
0daf5180aa44356f60f8effa533b55a2,2,183.63,2,3.0,-4.919953703703704,0.0,0.06866604323352848,0.053966540744738264,60.0,74.07972459496915,1.762364980102331,23.32228663541185,Low,seller,99.3646,6.666666666666667,100.0,71.68
6cf476a4ca74498db55cbccdaa9dcfb6,6,1125.5,7,3.0,-2.299810956790123,0.0,0.445974754162666,0.26983270372369134,60.0,72.95534709388313,1.762364980102331,23.320789164272426,Low,seller,99.3646,20.0,100.0,75.68
46ef1a25845fc051c2998d878354810c,5,348.45000000000005,5,3.0,-3.947131944444444,0.0,0.13469216333008158,0.21586616297895306,60.0,73.66225921070087,1.762364980102331,23.319949569359125,Low,seller,99.3646,16.666666666666664,100.0,74.68
f3975e8a41157005d4bcbb358678cd9b,2,262.78,2,3.0,-4.703454861111111,0.0,0.10037316254940139,0.053966540744738264,60.0,73.98681880656926,1.762364980102331,23.31786290294663,Low,seller,99.3646,6.666666666666667,100.0,71.68
0b1ca3ef18a63d7eb0c8897fa0849c08,1,62.87,1,3.0,-5.282650462962963,0.0,0.020290152790258545,0.0,60.0,74.23536805229922,1.762364980102331,23.317628751692194,Low,seller,99.3646,3.3333333333333335,100.0,70.68
0af2ab31141893d26aca5a404a537dab,1,74.51,1,3.0,-5.24761574074074,0.0,0.024953082276509476,0.0,60.0,74.22033366019602,1.762364980102331,23.316772471722587,Low,seller,99.3646,3.3333333333333335,100.0,70.68
b5dd7151a92ccaaa282cbe9681a05f44,1,103.7,1,3.0,-5.139826388888889,0.0,0.03664645957063874,0.0,60.0,74.17407819483192,1.762364980102331,23.313342165106214,Low,seller,99.3646,3.3333333333333335,100.0,70.68
7d81e74a4755b552267cd5e081563028,1,39.99,1,3.0,-5.226967592592593,0.0,0.011124531944431982,0.0,60.0,74.21147295470803,1.762364980102331,23.311294800799768,Low,seller,99.3646,3.3333333333333335,100.0,70.68
59de1d4c8c057c2a53acd4ca66531af2,1,156.75,1,3.0,-4.98755787037037,0.0,0.05789804112094902,0.0,60.0,74.10873545862123,1.762364980102331,23.309916229139702,Low,seller,99.3646,3.3333333333333335,100.0,70.68
9fbd5666d8618fa571c4230fafa09bd6,1,96.71000000000001,1,3.0,-5.096400462962963,0.0,0.03384629830698805,0.0,60.0,74.15544289943342,1.762364980102331,23.309706822417343,Low,seller,99.3646,3.3333333333333335,100.0,70.68
3e51f9cbe317bc3a88f2c76583811ee4,1,84.78,1,3.0,-5.113287037037037,0.0,0.029067196178897532,0.0,60.0,74.16268940689248,1.762364980102331,23.309360067897778,Low,seller,99.3646,3.3333333333333335,100.0,70.68
95b293867b5862941c9cd74f756a3c68,9,746.22,9,3.0,3.4692116769547323,200.0,0.29403696244915645,0.4317323259579061,60.0,70.47969600186548,5.400795906765207,23.308178161180564,Low,seller,99.3646,30.0,100.0,78.68
a67780aba9dd436e7ac0aa1f889e73ec,6,1041.04,6,3.0,-3.6513753858024693,-50.0,0.4121404737151786,0.26983270372369134,60.0,73.53534169037593,0.8527572484366117,23.306677296445528,Low,seller,99.3646,20.0,100.0,75.68
cc1f04647be106ba74e62b21f358af25,1,20.189999999999998,1,3.0,-5.170381944444444,0.0,0.003192744674005144,0.0,60.0,74.1871904495899,1.762364980102331,23.305272888850922,Low,seller,99.3646,3.3333333333333335,100.0,70.68
a20d8058c866dbaeca014d2cd20ac62e,2,1238.9,2,3.0,-2.6066493055555555,0.0,0.49140226307511065,0.053966540744738264,60.0,73.08702012438067,1.762364980102331,23.300201830776054,Low,seller,99.3646,6.666666666666667,100.0,71.68
3ac588cd562971392504a9e17130c40b,1,19.29,1,3.0,-5.030069444444444,0.0,0.002832208888985743,0.0,60.0,74.12697837972961,1.762364980102331,23.29613291763637,Low,seller,99.3646,3.3333333333333335,100.0,70.68
9996ae921c50e8dff411ac69c0b4bb8b,2,73.37,3,3.0,-4.704043209876543,0.0,0.0244964036154849,0.053966540744738264,60.0,73.98707128369686,1.762364980102331,23.295137746835593,Low,seller,99.3646,6.666666666666667,100.0,71.68
0692610d8abe24f287e9fae90ea0bbee,4,205.72,4,3.0,-5.438012152777778,-50.0,0.07751519377917135,0.16189962223421478,60.0,74.302038155966,0.8527572484366117,23.294310911930864,Low,seller,99.3646,13.333333333333334,100.0,73.68
88ae906ea2acf6971f26c3e8b7cb4357,3,288.01,3,3.0,-1.226057098765432,100.0,0.11048018238944529,0.10793308148947653,60.0,72.49456888586778,3.581580443433769,23.292470702312748,Low,seller,99.3646,10.0,100.0,72.68
513a54369b6a8a6602fcb0e129c6d78d,2,62.66,2,3.0,-4.670353009259259,0.0,0.020206027773754017,0.053966540744738264,60.0,73.97261386391476,1.762364980102331,23.291682021115758,Low,seller,99.3646,6.666666666666667,100.0,71.68
72146da5774cabf2632faedcae097a76,4,311.43,6,3.0,-3.7442997685185193,0.0,0.1198621247062835,0.16189962223421478,60.0,73.57521817624728,1.762364980102331,23.28895276741776,Low,seller,99.3646,13.333333333333334,100.0,73.68
5659d77e8d90378e39b960ad5956f64e,2,213.13,2,3.0,-4.285266203703704,0.0,0.08048360507583108,0.053966540744738264,60.0,73.80736220324025,1.762364980102331,23.2849775452052,Low,seller,99.3646,6.666666666666667,100.0,71.68
15b3b1b81484422eb41df68ac87f1f50,2,102.89,2,3.0,-4.411273148148148,0.0,0.03632197736412127,0.053966540744738264,60.0,73.86143535382749,1.762364980102331,23.27984002947978,Low,seller,99.3646,6.666666666666667,100.0,71.68
a3b42d266fa8afc874b909422ce88582,1,921.2400000000001,6,3.0,-3.057060185185185,0.0,0.3641491547759294,0.0,60.0,73.28030419636356,1.762364980102331,23.277526873897546,Low,seller,99.3646,3.3333333333333335,100.0,70.68
07a9bc7f61396b658ddf3ac534efe44c,1,135.49,1,3.0,-4.515717592592592,0.0,0.049381384688157386,0.0,60.0,73.90625542463664,1.762364980102331,23.276989227112175,Low,seller,99.3646,3.3333333333333335,100.0,70.68
0d83f8e03188682112cc0d93523705cc,4,820.57,8,3.0,0.2537557870370373,100.0,0.3238212242449259,0.16189962223421478,60.0,71.85953924232126,3.581580443433769,23.274710203523597,Low,seller,99.3646,13.333333333333334,100.0,73.68
4b98b0428fc1932cc2514ef9ce2505e6,2,363.42999999999995,2,3.0,-3.832430555555555,0.0,0.14069308117407114,0.053966540744738264,60.0,73.61303759437409,1.762364980102331,23.27389169670475,Low,seller,99.3646,6.666666666666667,100.0,71.68
8fbe2ee446b97e128471be4ce983dc0d,3,188.5,3,3.0,-3.8550925925925923,0.0,0.07061694242580013,0.10793308148947653,60.0,73.62276251665293,1.762364980102331,23.267819228608282,Low,seller,99.3646,10.0,100.0,72.68
5f67c6082caacb26e431a7b17940cece,13,1871.03,14,3.0,-1.1207051917989421,-88.88888888888889,0.7446305806132376,0.6475984889368591,60.0,72.44935939717516,0.14528456825216352,23.267221162819677,Low,seller,99.3646,43.333333333333336,100.0,82.68
26562f211dd1364af2a8596dc945e8ae,2,115.11,2,3.0,-4.166134259259259,0.0,0.04121725213405137,0.053966540744738264,60.0,73.75623930997355,1.762364980102331,23.26552920533267,Low,seller,99.3646,6.666666666666667,100.0,71.68
d8bf0fc082fd4a77fc2e5679b6c00133,1,149.04000000000002,1,3.0,-4.288645833333334,0.0,0.054809451229282824,0.0,60.0,73.80881249808469,1.762364980102331,23.26400120809172,Low,seller,99.3646,3.3333333333333335,100.0,70.68
dedcab67899479e4ea5dcc4eba47f587,2,105.63999999999999,2,3.0,-4.101707175925926,0.0,0.037423614485013884,0.053966540744738264,60.0,73.72859182281053,1.762364980102331,23.260243990963502,Low,seller,99.3646,6.666666666666667,100.0,71.68
aa2640d851ec322526f1295bbeb20092,1,182.33999999999997,2,3.0,-4.150949074074074,0.0,0.06814927527500067,0.0,60.0,73.74972291669988,1.762364980102331,23.259139718097714,Low,seller,99.3646,3.3333333333333335,100.0,70.68
97e50a621f8e801f4baf69e08687c192,1,97.78,1,3.0,-4.271516203703704,0.0,0.034274935295844446,0.0,60.0,73.80146168859915,1.762364980102331,23.25673823188886,Low,seller,99.3646,3.3333333333333335,100.0,70.68
94b9108d4b637ba65bb4f1e53cfcf8d8,7,334.09000000000003,8,3.0,-2.5371715856481476,0.0,0.12893961458243866,0.32379924446842956,60.0,73.0572052659411,1.762364980102331,23.25444898339324,Low,seller,99.3646,23.333333333333332,100.0,76.68
5b97c06a046398e7005b2b7c0d707a92,4,1769.5900000000001,4,3.0,-1.8557253086419756,-50.0,0.7039941916883843,0.16189962223421478,60.0,72.7647773579704,0.8527572484366117,23.251665491604292,Low,seller,99.3646,13.333333333333334,100.0,73.68
3d3ccf2b2f8134b10dce9dd446f0e075,3,750.53,3,3.0,-3.95585262345679,-50.0,0.29576352826408264,0.10793308148947653,60.0,73.66600150118761,0.8527572484366117,23.250888278873397,Low,seller,99.3646,10.0,100.0,72.68
f783a638e9c6af4a7d0dbfde811e7a81,5,1002.9000000000001,5,3.0,-3.5282708333333317,-66.66666666666666,0.39686176833668974,0.21586616297895306,60.0,73.48251403843192,0.5495546712147056,23.250357644132002,Low,seller,99.3646,16.666666666666664,100.0,74.68
fcf16b7a8697e559f0123190bb30177d,3,1552.5700000000002,7,3.0,-1.022842261904762,0.0,0.6170569960607059,0.10793308148947653,60.0,72.4073636407634,1.762364980102331,23.249441413315324,Low,seller,99.3646,10.0,100.0,72.68
6d7f8d9d594e28796b6b3205b00f459c,3,477.01,3,3.0,-4.431628086419753,-50.0,0.1861926972435196,0.10793308148947653,60.0,73.8701702346486,0.8527572484366117,23.248642339586375,Low,seller,99.3646,10.0,100.0,72.68
d9b00a97818674c7f8d8b1ef0e689679,1,79.08000000000001,1,3.0,-4.153726851851852,0.0,0.026783802873774663,0.0,60.0,73.7509149398597,1.762364980102331,23.24690887985132,Low,seller,99.3646,3.3333333333333335,100.0,70.68
376d67b61dce0c990155286e7ae486a4,1,111.91,1,3.0,-4.007916666666667,0.0,0.03993534712064905,0.0,60.0,73.68834365749558,1.762364980102331,23.241468650770763,Low,seller,99.3646,3.3333333333333335,100.0,70.68
4003520d80d0bad1d5623f7aa3c63cda,1,86.74,1,3.0,-4.05230324074074,0.0,0.02985236299960645,0.0,60.0,73.70739119423685,1.762364980102331,23.241300886045643,Low,seller,99.3646,3.3333333333333335,100.0,70.68
6ebf4eceee4dd9847201c82e77ef8123,1,82.03,1,3.0,-4.00931712962963,0.0,0.027965559058004918,0.0,60.0,73.68894463583865,1.762364980102331,23.23796786110343,Low,seller,99.3646,3.3333333333333335,100.0,70.68
fe87f472055fbcf1d7e691c00b1560dc,6,1215.96,6,3.0,-2.2572820216049383,-50.0,0.4822126065102828,0.26983270372369134,60.0,72.93709672263,0.8527572484366117,23.237962191122172,Low,seller,99.3646,20.0,100.0,75.68
191d55f7edb8524d525ed01b20fe32e8,3,812.8,3,3.0,-2.183819444444444,0.0,0.3207085986342584,0.10793308148947653,60.0,72.90557184902212,1.762364980102331,23.2352681253262,Low,seller,99.3646,10.0,100.0,72.68
f5fea3ffed6c2e889bab72705557c63a,3,1328.18,3,3.0,1.6988194444444444,100.0,0.5271674129490354,0.10793308148947653,60.0,71.23942147738654,3.581580443433769,23.22920476020844,Low,seller,99.3646,10.0,100.0,72.68
cb4a705d00e100b9732d0ca34817d441,1,1080.56,2,3.0,-1.9516782407407407,0.0,0.42797200063069724,0.0,60.0,72.8059534802035,1.762364980102331,23.225521120229967,Low,seller,99.3646,3.3333333333333335,100.0,70.68
8a8835a43bda99fd37310ad76c457510,2,258.54,3,3.0,-3.272079475308642,0.0,0.09867463840664335,0.053966540744738264,60.0,73.37257506687209,1.762364980102331,23.22521678474922,Low,seller,99.3646,6.666666666666667,100.0,71.68
26e2c91ef821e1ff8985f408788fe35b,12,1923.8700000000001,14,3.0,0.057979497354497464,-66.66666666666666,0.7657980371470435,0.5936319481921208,60.0,71.94355239604141,0.5495546712147056,23.224635724719825,Low,seller,99.3646,40.0,100.0,81.68
71593c7413973a1e160057b80d4958f6,2,345.34999999999997,5,3.0,-2.9898425925925927,0.0,0.13345031784834804,0.053966540744738264,60.0,73.25145922260123,1.762364980102331,23.217482111941106,Low,seller,99.3646,6.666666666666667,100.0,71.68
92c8bc6e8f925792247656fed09aad65,3,299.57000000000005,3,3.0,-2.842077546296296,0.0,0.11511106425036119,0.10793308148947653,60.0,73.1880490539384,1.762364980102331,23.215960445748472,Low,seller,99.3646,10.0,100.0,72.68
50a7e551a7b3f8d37cd6e32d8bfbe5ea,1,167.96,1,3.0,-3.4861458333333335,0.0,0.062388714621024015,0.0,60.0,73.46443700721328,1.762364980102331,23.214618663478532,Low,seller,99.3646,3.3333333333333335,100.0,70.68
8ccf3cf69651cc1d8a02c8bfaf3b8568,2,288.63,2,3.0,-2.9892418981481486,0.0,0.110728551485792,0.053966540744738264,60.0,73.25120144759292,1.762364980102331,23.21062691578109,Low,seller,99.3646,6.666666666666667,100.0,71.68
2ba91c7ad80ff88b23b7db823b43c233,6,840.33,6,3.0,-2.5156346450617284,-50.0,0.33173698770268517,0.26983270372369134,60.0,73.04796315443168,0.8527572484366117,23.209449470250142,Low,seller,99.3646,20.0,100.0,75.68
717b78b0950b51ed00b1471d858b0edc,5,219.75,5,3.0,-2.4309652777777773,0.0,0.08313554607230714,0.21586616297895306,60.0,73.01162912960902,1.762364980102331,23.206888072018018,Low,seller,99.3646,16.666666666666664,100.0,74.68
52a50b42accf164f9f019941e5759d9b,4,197.02,4,3.0,-2.6741493055555554,0.0,0.0740300145239838,0.16189962223421478,60.0,73.11598628716423,1.762364980102331,23.20631835100062,Low,seller,99.3646,13.333333333333334,100.0,73.68
61f159ef6da2d441951d2c0efa719362,3,215.98,3,3.0,0.0,100.0,0.08162530172839252,0.10793308148947653,60.0,71.96843304135223,3.581580443433769,23.2048938614371,Low,seller,99.3646,10.0,100.0,72.68
0a198e95d32b1be2da9424c962a6ebfa,1,86.66999999999999,1,3.0,-3.4454050925925928,0.0,0.029824321327438275,0.0,60.0,73.44695400086928,1.762364980102331,23.202226894538857,Low,seller,99.3646,3.3333333333333335,100.0,70.68
1746c1ae87ac63d530c7c943d0ac42e2,1,252.35,1,3.0,-3.058773148148148,0.0,0.09619495339634324,0.0,60.0,73.28103927731212,1.762364980102331,23.197250875625954,Low,seller,99.3646,3.3333333333333335,100.0,70.68
dda37071807e404c5bb2a1590c66326f,1,219.27,1,3.0,-3.0579050925925926,0.0,0.0829432603202968,0.0,60.0,73.28066677007467,1.762364980102331,23.193219491617523,Low,seller,99.3646,3.3333333333333335,100.0,70.68
87f3e35268860433e13d577825aada95,3,203.48000000000002,3,3.0,-2.654988425925926,0.0,0.07661786026978973,0.10793308148947653,60.0,73.10776381074308,1.762364980102331,23.192369698074998,Low,seller,99.3646,10.0,100.0,72.68
4125d9385a25e82d2f72d3a0fd55bc3f,1,61.3,1,3.0,-3.323287037037037,0.0,0.019661218143058035,0.0,60.0,73.39454968270579,1.762364980102331,23.191317315859017,Low,seller,99.3646,3.3333333333333335,100.0,70.68
4170f6a9367e6b5d6401d03ce6d54569,4,661.81,5,3.0,-1.5574444444444446,0.0,0.2602227117675034,0.16189962223421478,60.0,72.63677658659897,1.762364980102331,23.19029470508888,Low,seller,99.3646,13.333333333333334,100.0,73.68
d297f1055de2956aedfd3b04113dce3e,1,61.94,1,3.0,-3.2767013888888887,0.0,0.0199175991457385,0.0,60.0,73.374558460963,1.762364980102331,23.188395546898406,Low,seller,99.3646,3.3333333333333335,100.0,70.68
fb8904a8ea99f8831b64ce27db2c1765,2,302.36,2,3.0,-2.5794560185185187,0.0,0.1162287251839213,0.053966540744738264,60.0,73.07535071432235,1.762364980102331,23.18589935789995,Low,seller,99.3646,6.666666666666667,100.0,71.68
d63f306de130e0391d38a792541723b8,1,56.6,1,3.0,-3.2182291666666667,0.0,0.017778420154623383,0.0,60.0,73.34946637344883,1.762364980102331,23.183989980073946,Low,seller,99.3646,3.3333333333333335,100.0,70.68
ab91571efab27993ff2f6b36e38055c3,3,158.93,4,3.0,-2.5711545138888887,0.0,0.058771338911329345,0.10793308148947653,60.0,73.07178830344161,1.762364980102331,23.181619415572243,Low,seller,99.3646,10.0,100.0,72.68
12c2ed9cded6138cf0c75f525f565fc7,4,366.01,4,3.0,-3.385413773148148,-50.0,0.14172661709112677,0.16189962223421478,60.0,73.42121002568959,0.8527572484366117,23.181450119382994,Low,seller,99.3646,13.333333333333334,100.0,73.68
b5f0712d22a873b6797ab6cc65c3fcba,1,21.28,1,3.0,-3.223148148148148,0.0,0.0036293935691953097,0.0,60.0,73.35157724779435,1.762364980102331,23.180061903250145,Low,seller,99.3646,3.3333333333333335,100.0,70.68
70ee69419916dc13e3aed619061f996c,1,53.72,1,3.0,-3.1133912037037037,0.0,0.016624705642561296,0.0,60.0,73.30447743269204,1.762364980102331,23.176895524606806,Low,seller,99.3646,3.3333333333333335,100.0,70.68
184725737946a1a938bbbd1a9e978103,3,403.57000000000005,3,3.0,-2.0355131172839505,0.0,0.15677297718593647,0.10793308148947653,60.0,72.8419294014019,1.762364980102331,23.176541071748666,Low,seller,99.3646,10.0,100.0,72.68
c7246702dc991a06d788120dc7544391,1,72.52,1,3.0,-3.0649305555555557,0.0,0.024155897596299908,0.0,60.0,73.28368159531638,1.762364980102331,23.17603550658658,Low,seller,99.3646,3.3333333333333335,100.0,70.68
1f7dfad2cb384ea4d2d7e1ffbd78c407,1,57.29,1,3.0,-3.085150462962963,0.0,0.018054830923138258,0.0,60.0,73.29235853056723,1.762364980102331,23.175506726872257,Low,seller,99.3646,3.3333333333333335,100.0,70.68
c1849d4d32d7a6cecd5aa471809d3135,3,430.71,3,3.0,-1.924236111111111,0.0,0.16764513408085485,0.10793308148947653,60.0,72.79417728473713,1.762364980102331,23.172639901317428,Low,seller,99.3646,10.0,100.0,72.68
9e9b539eb2806acee3f5c28085c1db9f,3,1039.47,3,3.0,-2.1766975308641974,-50.0,0.4115115390679781,0.10793308148947653,60.0,72.90251563408737,0.8527572484366117,23.17108980204953,Low,seller,99.3646,10.0,100.0,72.68
d7b2377bae6ace1b11fc69a11900ac36,4,381.56,4,3.0,-1.7785223765432103,0.0,0.14795587426562865,0.16189962223421478,60.0,72.73164739206607,1.762364980102331,23.170845274658383,Low,seller,99.3646,13.333333333333334,100.0,73.68
e0487761face83d64fcada2408959a36,2,64.12,2,3.0,-2.7509027777777777,0.0,0.02079089693611883,0.053966540744738264,60.0,73.14892337709895,1.762364980102331,23.1683039088421,Low,seller,99.3646,6.666666666666667,100.0,71.68
7cb946b1ad19faebe28c3e86c2794ec3,1,40.1,1,3.0,-2.9725810185185186,0.0,0.011168597429267686,0.0,60.0,73.2440517920156,1.762364980102331,23.16619484604135,Low,seller,99.3646,3.3333333333333335,100.0,70.68
bcc9dd23e2a8bd8267cf92b19304a1b9,3,246.22000000000003,3,3.0,0.7026234567901236,100.0,0.09373930410504443,0.10793308148947653,60.0,71.66691740542716,3.581580443433769,23.163300716761334,Low,seller,99.3646,10.0,100.0,72.68
b8d890108a7a80e4f5d59eea9f362438,2,124.28999999999999,3,3.0,-2.521550925925926,0.0,0.04489471714124926,0.053966540744738264,60.0,73.05050199820332,1.762364980102331,23.160771848069288,Low,seller,99.3646,6.666666666666667,100.0,71.68
87d73636a3acf123e842bb890a4db036,1,313.60999999999996,1,3.0,-2.3618055555555557,0.0,0.1207354224966638,0.0,60.0,72.98195073298746,1.762364980102331,23.15974973470735,Low,seller,99.3646,3.3333333333333335,100.0,70.68
90d4125885ab6c86e8820a722be71974,3,1342.9500000000003,5,3.0,0.0,0.0,0.5330842057765205,0.10793308148947653,60.0,71.96843304135223,1.762364980102331,23.158409986318393,Low,seller,99.3646,10.0,100.0,72.68
3d700782d7818f2c1e0d7a9e9d75fc00,3,235.11,3,3.0,-1.92014274691358,0.0,0.08928869013663826,0.10793308148947653,60.0,72.79242070616412,1.762364980102331,23.148869481348214,Low,seller,99.3646,10.0,100.0,72.68
c8025364abeecb115431bf95c11a747f,2,971.28,2,3.0,-0.7024479166666666,0.0,0.3841949444230081,0.053966540744738264,60.0,72.26987334803594,1.762364980102331,23.145467618728713,Low,seller,99.3646,6.666666666666667,100.0,71.68
4c61e37f664c3c88aff092aa5ac779d7,7,908.17,8,3.0,-2.105190972222222,-83.33333333333334,0.3589133739868143,0.32379924446842956,60.0,72.87183014345453,0.24635209399279878,23.14403355423061,Low,seller,99.3646,23.333333333333332,100.0,76.68
559d56f3b8f0bc2e5a9a62fe2ce2a39f,2,433.72,2,3.0,-1.5272511574074068,0.0,0.16885092598408644,0.053966540744738264,60.0,72.62381979152806,1.762364980102331,23.133956379720853,Low,seller,99.3646,6.666666666666667,100.0,71.68
26f6b7ab07be3e9e69ce82a6552efc19,2,80.75,2,3.0,-2.1773842592592594,0.0,0.02745279705264399,0.053966540744738264,60.0,72.90281032870188,1.762364980102331,23.13338552161749,Low,seller,99.3646,6.666666666666667,100.0,71.68
c88f62b4c386a59281014d677864d016,1,1350.5,1,3.0,0.0,0.0,0.5361087004175165,0.0,60.0,71.96843304135223,1.762364980102331,23.132334064338323,Low,seller,99.3646,3.3333333333333335,100.0,70.68
3442033154be05bac582e173ef54fd12,1,169.39,1,3.0,-2.1800925925925925,0.0,0.06296156592388816,0.0,60.0,72.90397255128269,1.762364980102331,23.130720850479804,Low,seller,99.3646,3.3333333333333335,100.0,70.68
a3fa18b3f688ec0fca3eb8bfcbd2d5b3,1,84.25999999999999,2,3.0,-2.3071064814814815,0.0,0.028858886614219655,0.0,60.0,72.95847781026538,1.762364980102331,23.128665835534306,Low,seller,99.3646,3.3333333333333335,100.0,70.68
538caafddff204241cecbf3a02e6b3cf,9,246.49,9,3.0,-0.28333478009259283,0.0,0.09384746484055025,0.4317323259579061,60.0,72.09002002449905,1.762364980102331,23.125826822626735,Low,seller,99.3646,30.0,100.0,78.68
9d69ba0a7a626a64dc5db08e529559cf,1,37.54,1,3.0,-2.3203009259259257,0.0,0.010143073418545832,0.0,60.0,72.9641399202745,1.762364980102331,23.12390040807697,Low,seller,99.3646,3.3333333333333335,100.0,70.68
7d484ca289afaac6bf5fc6a1e96d2226,2,248.42000000000002,2,3.0,-1.6479050925925929,0.0,0.09462061380175853,0.053966540744738264,60.0,72.67559581415108,1.762364980102331,23.119453689459608,Low,seller,99.3646,6.666666666666667,100.0,71.68
b6f52e346160519c24a23af05410ad32,1,143.25,1,3.0,-2.047511574074074,0.0,0.052490004345657995,0.0,60.0,72.84707827921721,1.762364980102331,23.119045241196513,Low,seller,99.3646,3.3333333333333335,100.0,70.68
f0563bacf40c311f1c4d3d6b67b8a7a7,1,1227.78,1,3.0,0.0,0.0,0.48694764315353756,0.0,60.0,71.96843304135223,1.762364980102331,23.117585747159126,Low,seller,99.3646,3.3333333333333335,100.0,70.68
79b93a308a97792cf53ac75f46da00b5,1,116.04,1,3.0,-2.063298611111111,0.0,0.04158980577857142,0.0,60.0,72.85385294417551,1.762364980102331,23.11679138137013,Low,seller,99.3646,3.3333333333333335,100.0,70.68
05aebce0b5c8f0d41b29b686f2d05fd3,2,120.88,2,3.0,-1.8186689814814816,0.0,0.04352868711134242,0.053966540744738264,60.0,72.74887543790088,1.762364980102331,23.115118055014953,Low,seller,99.3646,6.666666666666667,100.0,71.68
62de60d81c55c29d76a6bce418b31cef,1,126.87,1,3.0,-1.9939699074074073,0.0,0.045928253058304884,0.0,60.0,72.82410203281172,1.762364980102331,23.113630278849485,Low,seller,99.3646,3.3333333333333335,100.0,70.68
77dcbb67ccb3659bd58eaf5661560a30,2,1082.56,2,3.0,0.0,0.0,0.42877319126407365,0.053966540744738264,60.0,71.96843304135223,1.762364980102331,23.113625046778473,Low,seller,99.3646,6.666666666666667,100.0,71.68
b5b800c4065bebf4d3442311c9857344,1,88.81,1,3.0,-2.023912037037037,0.0,0.03068159530515108,0.0,60.0,72.83695104912192,1.762364980102331,23.110983633970065,Low,seller,99.3646,3.3333333333333335,100.0,70.68
dff87e4de60c9736ce8df835951b09bc,2,1043.43,2,3.0,0.0,0.0,0.41309789652206347,0.053966540744738264,60.0,71.96843304135223,1.762364980102331,23.10892245835587,Low,seller,99.3646,6.666666666666667,100.0,71.68
278b6e0b20c4f61fefaa0577943d7a35,1,1152.62,2,3.0,0.0,0.0,0.45683889915125064,0.0,60.0,71.96843304135223,1.762364980102331,23.108553123958444,Low,seller,99.3646,3.3333333333333335,100.0,70.68
9558aa23f77a9e0a0eca83540999f43b,2,155.57999999999998,2,3.0,-1.6480787037037037,0.0,0.05742934460042379,0.053966540744738264,60.0,72.67567031559857,1.762364980102331,23.108307483916327,Low,seller,99.3646,6.666666666666667,100.0,71.68
04843805947f0fc584fc1969b6e50fe7,1,1474.76,2,3.0,0.6587615740740741,0.0,0.5858866744691951,0.0,60.0,71.68573978223823,1.762364980102331,23.104863467686727,Low,seller,99.3646,3.3333333333333335,100.0,70.68
fdf736c18c589ed030e058312203e1b2,1,44.51,1,3.0,-2.0038078703703706,0.0,0.012935222775862752,0.0,60.0,72.82832378150275,1.762364980102331,23.104365632068404,Low,seller,99.3646,3.3333333333333335,100.0,70.68
038b75b729c8a9a04b0d07cba7eabe86,2,557.8499999999999,2,3.0,-0.8001678240740739,0.0,0.21857682264459563,0.053966540744738264,60.0,72.31180772944572,1.762364980102331,23.102072339406654,Low,seller,99.3646,6.666666666666667,100.0,71.68
17adeba047385fb0c67d8e90b4296d21,1,1097.31,3,3.0,0.0,0.0,0.434681972185225,0.0,60.0,71.96843304135223,1.762364980102331,23.101906045868635,Low,seller,99.3646,3.3333333333333335,100.0,70.68
08cdbae123ff67ca4e36d9d641ce0119,4,4195.46,6,3.0,4.564538966049383,-66.66666666666666,1.6757863525828463,0.16189962223421478,60.0,70.00966002324014,0.5495546712147056,23.0996152819409,Low,seller,99.3646,13.333333333333334,100.0,73.68
40536e7ca18e1bce252828e5876466cc,2,963.0,4,3.0,0.0,0.0,0.3808780152008296,0.053966540744738264,60.0,71.96843304135223,1.762364980102331,23.0992564939595,Low,seller,99.3646,6.666666666666667,100.0,71.68
f682e0f848abafc6f41e0d4e868c66ef,2,304.0,2,3.0,-1.2297280092592593,0.0,0.11688570150329,0.053966540744738264,60.0,72.49614417758522,1.762364980102331,23.099215470285188,Low,seller,99.3646,6.666666666666667,100.0,71.68
0aa124728afc1131dff5655f4c6f487b,2,958.78,2,3.0,0.0,0.0,0.3791875029644053,0.053966540744738264,60.0,71.96843304135223,1.762364980102331,23.098749340288574,Low,seller,99.3646,6.666666666666667,100.0,71.68
902c99f1ac505c0d18778b61bcd636f7,4,258.12,4,3.0,-2.76576774691358,-66.66666666666666,0.09850638837363428,0.16189962223421478,60.0,73.1553023565917,0.5495546712147056,23.09827764268087,Low,seller,99.3646,13.333333333333334,100.0,73.68
a247197e2e9c19a6a53a6888cb8b660f,2,941.0699999999999,2,3.0,0.0,0.0,0.37209295990585683,0.053966540744738264,60.0,71.96843304135223,1.762364980102331,23.09662097737101,Low,seller,99.3646,6.666666666666667,100.0,71.68
e4f121bf6ef8b9a1d4d3e65dd0473fab,2,106.46000000000001,2,3.0,-1.532471064814815,0.0,0.037752102644698235,0.053966540744738264,60.0,72.62605980171588,1.762364980102331,23.09496273424721,Low,seller,99.3646,6.666666666666667,100.0,71.68
7957cac1a02f45d0a4a7e45626382ec2,1,364.64,1,3.0,-1.2548263888888889,0.0,0.1411778015072639,0.0,60.0,72.5069146035105,1.762364980102331,23.094627028988988,Low,seller,99.3646,3.3333333333333335,100.0,70.68
e64882b4ef12aee8d0faca4db5b681f4,1,273.22,2,3.0,-1.3461689814814815,0.0,0.10455537765562646,0.0,60.0,72.54611229841584,1.762364980102331,23.089519956069296,Low,seller,99.3646,3.3333333333333335,100.0,70.68
4deebb3199eeafb282ae33229144f94b,4,921.49,5,3.0,-0.8937708333333333,-50.0,0.36424930360510144,0.16189962223421478,60.0,72.35197543319735,0.8527572484366117,23.087821736463347,Low,seller,99.3646,13.333333333333334,100.0,73.68
83d7070a0b9a8b4625fa8682b819fabb,2,822.4,2,3.0,0.0,0.0,0.3245543136744653,0.053966540744738264,60.0,71.96843304135223,1.762364980102331,23.08235938350159,Low,seller,99.3646,6.666666666666667,100.0,71.68
42d4b7e70819438f5ada61c965e92d7e,1,100.78,3,3.0,-1.472210648148148,0.0,0.03547672124590912,0.0,60.0,72.60020034929259,1.762364980102331,23.076909566777893,Low,seller,99.3646,3.3333333333333335,100.0,70.68
400f221ab83037c0ea78f1267da9624d,1,885.8,1,3.0,0.0,0.0,0.3499520567524987,0.0,60.0,71.96843304135223,1.762364980102331,23.076487071238816,Low,seller,99.3646,3.3333333333333335,100.0,70.68
17eea220a40cc0d2c0c5346379682398,4,1512.99,4,3.0,0.02585262345679003,-66.66666666666666,0.601201433426186,0.16189962223421478,60.0,71.95733894802731,0.5495546712147056,23.069391644911978,Low,seller,99.3646,13.333333333333334,100.0,73.68
712efd3b68f9686dc856b84abd0f21ae,1,156.16,1,3.0,-1.2342824074074075,0.0,0.057661689884102967,0.0,60.0,72.498098598891,1.762364980102331,23.068249794809113,Low,seller,99.3646,3.3333333333333335,100.0,70.68
455f46ef09a9e45667e2981df84b5cc2,2,90.97999999999999,2,3.0,-1.087060185185185,0.0,0.03155088714236452,0.053966540744738264,60.0,72.43492137142066,1.762364980102331,23.064431605052224,Low,seller,99.3646,6.666666666666667,100.0,71.68
da4d149c0ddbac90557103ac0a0ec356,1,775.98,1,3.0,0.0,0.0,0.305958679073798,0.0,60.0,71.96843304135223,1.762364980102331,23.063289057935208,Low,seller,99.3646,3.3333333333333335,100.0,70.68
08061dc0fc165ed41288cc7acde738ee,4,182.22,4,3.0,-0.46992187500000027,0.0,0.06810120383699808,0.16189962223421478,60.0,72.17008983434205,1.762364980102331,23.062655239871194,Low,seller,99.3646,13.333333333333334,100.0,73.68
497709c2976a8fa308730a2dec5b0726,1,94.03999999999999,2,3.0,-1.2449652777777778,0.0,0.03277670881143049,0.0,60.0,72.50268292129314,1.762364980102331,23.061471948847633,Low,seller,99.3646,3.3333333333333335,100.0,70.68
5882f40daf39bc2a465e0cb453ddc222,1,698.9,1,3.0,0.0,0.0,0.27508079206346964,0.0,60.0,71.96843304135223,1.762364980102331,23.05402569183211,Low,seller,99.3646,3.3333333333333335,100.0,70.68
79ee721b6f766066a80264402548d359,2,568.3599999999999,2,3.0,0.0,0.0,0.22278707942298887,0.053966540744738264,60.0,71.96843304135223,1.762364980102331,23.05182921322615,Low,seller,99.3646,6.666666666666667,100.0,71.68
d65f31d2413268e671989503f6cf9993,2,559.95,3,3.0,0.0,0.0,0.21941807280964096,0.053966540744738264,60.0,71.96843304135223,1.762364980102331,23.05081851124214,Low,seller,99.3646,6.666666666666667,100.0,71.68
7e959205cebc10adefcb331f934238a4,2,546.5500000000001,2,3.0,0.0,0.0,0.21405009556601878,0.053966540744738264,60.0,71.96843304135223,1.762364980102331,23.049208118069057,Low,seller,99.3646,6.666666666666667,100.0,71.68
ad8ada0ffa993cb1197d102d9ab21a3e,1,656.16,2,3.0,0.0,0.0,0.2579593482282149,0.0,60.0,71.96843304135223,1.762364980102331,23.048889258681534,Low,seller,99.3646,3.3333333333333335,100.0,70.68
e82de6494d91d3c4c54450f59b227a94,3,157.7,3,3.0,-1.8387924382716048,-50.0,0.05827860667180283,0.10793308148947653,60.0,72.75751098345867,0.8527572484366117,23.043369224736374,Low,seller,99.3646,10.0,100.0,72.68
cb41bfbcbda0aea354a834ab222f9a59,12,4888.68,12,3.0,10.299937920875422,0.0,1.9534870380174567,0.5936319481921208,60.0,67.5484378046587,1.762364980102331,23.042956267162303,Low,seller,99.3646,40.0,100.0,81.68
f22a247b79dd22ecd91dc8e3b2a1b07c,8,574.8399999999999,8,3.0,2.464299768518518,33.33333333333333,0.22538293707512858,0.37776578521316784,60.0,70.9109321785013,2.368770134546143,23.035573167655638,Low,seller,99.3646,26.666666666666668,100.0,77.68
62d977e2b2aee830de3e039a28490d12,2,432.12,2,3.0,0.0,0.0,0.16820997347738526,0.053966540744738264,60.0,71.96843304135223,1.762364980102331,23.03545608144247,Low,seller,99.3646,6.666666666666667,100.0,71.68
1967a9e2ad6f51802b093147d861df58,2,425.76,2,3.0,0.0,0.0,0.16566218726324816,0.053966540744738264,60.0,71.96843304135223,1.762364980102331,23.034691745578225,Low,seller,99.3646,6.666666666666667,100.0,71.68
f543ba3c973276f519d89d59bd46cead,2,422.04,2,3.0,0.0,0.0,0.16417197268516795,0.053966540744738264,60.0,71.96843304135223,1.762364980102331,23.034244681204804,Low,seller,99.3646,6.666666666666667,100.0,71.68
3dc69bf2c42f0568a5c4791ec3fd3745,2,334.43,2,3.0,-0.1438773148148148,0.0,0.12907581699011264,0.053966540744738264,60.0,72.03017487426763,1.762364980102331,23.032977109433595,Low,seller,99.3646,6.666666666666667,100.0,71.68
a0e19590a0923cdd0614ea9427713ced,2,397.41999999999996,7,3.0,0.0,0.0,0.15430931598830386,0.053966540744738264,60.0,71.96843304135223,1.762364980102331,23.031285884195743,Low,seller,99.3646,6.666666666666667,100.0,71.68
5c603ffb38cbbf25a0e0698941324143,2,393.61,2,3.0,0.0,0.0,0.15278304783172175,0.053966540744738264,60.0,71.96843304135223,1.762364980102331,23.030828003748766,Low,seller,99.3646,6.666666666666667,100.0,71.68
a2e85714b56b1cb6bb24a9a6e6cad36f,2,380.44000000000005,3,3.0,0.0,0.0,0.14750720751093785,0.053966540744738264,60.0,71.96843304135223,1.762364980102331,23.029245251652533,Low,seller,99.3646,6.666666666666667,100.0,71.68
ec8463980a4e0ea9f8517aea1ed0c419,2,357.96,8,3.0,-0.016345486111111085,0.0,0.13850182479178655,0.053966540744738264,60.0,71.97544735263327,1.762364980102331,23.027595783528945,Low,seller,99.3646,6.666666666666667,100.0,71.68
4d6fb82c629c7a5028bfd973c07b05e0,2,327.43,2,3.0,0.0,0.0,0.12627164977329508,0.053966540744738264,60.0,71.96843304135223,1.762364980102331,23.02287458433124,Low,seller,99.3646,6.666666666666667,100.0,71.68
ceb7b4fb9401cd378de7886317ad1b47,1,416.45,1,3.0,0.0,0.0,0.16193264486488076,0.0,60.0,71.96843304135223,1.762364980102331,23.02008124767253,Low,seller,99.3646,3.3333333333333335,100.0,70.68
4dab98ca6cd6d3df586203cefd28a042,1,173.23000000000002,1,3.0,-0.4294791666666667,0.0,0.06449985193997096,0.0,60.0,72.15273472214957,1.762364980102331,23.01849666191466,Low,seller,99.3646,3.3333333333333335,100.0,70.68
c1552b1dab6e6f760950368ae61fb600,2,68.69,2,3.0,-0.40400462962962963,0.0,0.022621617533384007,0.053966540744738264,60.0,72.14180287642142,1.762364980102331,23.017785049919645,Low,seller,99.3646,6.666666666666667,100.0,71.68
101921376b577a4540dc30e9009133ca,1,394.49,1,3.0,0.0,0.0,0.1531355717104074,0.0,60.0,71.96843304135223,1.762364980102331,23.01744212572619,Low,seller,99.3646,3.3333333333333335,100.0,70.68
e9b6c33b71b67737693b4cfa68341c8d,1,141.39000000000001,1,3.0,-0.3891203703703704,0.0,0.05174489705661791,0.0,60.0,72.13541561899005,1.762364980102331,23.01207230997573,Low,seller,99.3646,3.3333333333333335,100.0,70.68
e628d4a53c109f09ca88098338b3a3f5,1,343.9,1,3.0,0.0,0.0,0.13286945463915012,0.0,60.0,71.96843304135223,1.762364980102331,23.01136229060481,Low,seller,99.3646,3.3333333333333335,100.0,70.68
244b04680fdbded0acf5aebd9c92b44a,3,3616.51,3,3.0,5.128229166666666,-50.0,1.4438616939861992,0.10793308148947653,60.0,69.76776458456479,0.8527572484366117,23.01058219109661,Low,seller,99.3646,10.0,100.0,72.68
4f40d2ed38d1cc945364a7cd202a82c7,1,336.89,1,3.0,0.0,0.0,0.13006128146916568,0.0,60.0,71.96843304135223,1.762364980102331,23.010519838653817,Low,seller,99.3646,3.3333333333333335,100.0,70.68
f5403d3f50089112c4eed37928b7f622,2,223.2,2,3.0,0.0,0.0,0.0845175999148815,0.053966540744738264,60.0,71.96843304135223,1.762364980102331,23.010348369373716,Low,seller,99.3646,6.666666666666667,100.0,71.68
49f8d2ea7b718d0ce587d34207caf2b4,1,165.26,1,3.0,-0.3030787037037037,0.0,0.0613071072659658,0.0,60.0,72.0984927016147,1.762364980102331,23.00940253543223,Low,seller,99.3646,3.3333333333333335,100.0,70.68
5dc4bdaf869e8c77c648078cbe8d59c2,1,327.49,1,3.0,0.0,0.0,0.1262956854922964,0.0,60.0,71.96843304135223,1.762364980102331,23.009390159860757,Low,seller,99.3646,3.3333333333333335,100.0,70.68
e46bc031f2c5bae4ccb40bb90712e9b4,1,327.39,1,3.0,0.0,0.0,0.12625562596062756,0.0,60.0,71.96843304135223,1.762364980102331,23.009378142001253,Low,seller,99.3646,3.3333333333333335,100.0,70.68
666658b8da8370f30e1f89893b1de5e6,1,321.34,2,3.0,0.0,0.0,0.12383202429466378,0.0,60.0,71.96843304135223,1.762364980102331,23.008651061501467,Low,seller,99.3646,3.3333333333333335,100.0,70.68
a4e634166243bbb3a13fa584463fa468,2,201.18,2,3.0,0.0,0.0,0.07569649104140681,0.053966540744738264,60.0,71.96843304135223,1.762364980102331,23.007702036711674,Low,seller,99.3646,6.666666666666667,100.0,71.68
b2bdc5e7940a7d7ca8c4a37953b27a42,1,312.49,1,3.0,0.0,0.0,0.12028675574197302,0.0,60.0,71.96843304135223,1.762364980102331,23.00758748093566,Low,seller,99.3646,3.3333333333333335,100.0,70.68
4be2e7f96b4fd749d52dff41f80e39dd,1,299.84000000000003,1,3.0,0.0,0.0,0.11521922498586701,0.0,60.0,71.96843304135223,1.762364980102331,23.006067221708825,Low,seller,99.3646,3.3333333333333335,100.0,70.68
0dfbed20065e425d2eaefb101f9816c0,3,133.6,3,3.0,-1.3014891975308636,-50.0,0.04862425953961663,0.10793308148947653,60.0,72.52693893700771,0.8527572484366117,23.005887113629072,Low,seller,99.3646,10.0,100.0,72.68
d1e2fe627180431ffda076abb303c56f,1,298.05,1,3.0,0.0,0.0,0.11450215936899506,0.0,60.0,71.96843304135223,1.762364980102331,23.005852102023766,Low,seller,99.3646,3.3333333333333335,100.0,70.68
9a208dee8f95cfdf00760c4d627828ec,1,295.98999999999995,1,3.0,0.0,0.0,0.1136769330166173,0.0,60.0,71.96843304135223,1.762364980102331,23.005604534118053,Low,seller,99.3646,3.3333333333333335,100.0,70.68
880eda903e719a5f179f7e9fceb3a69d,1,291.72,1,3.0,0.0,0.0,0.11196639101435861,0.0,60.0,71.96843304135223,1.762364980102331,23.005091371517373,Low,seller,99.3646,3.3333333333333335,100.0,70.68
b57e8460909fa137df7951b4a3b5ea84,1,282.14,2,3.0,0.0,0.0,0.10812868788048541,0.0,60.0,71.96843304135223,1.762364980102331,23.003940060577214,Low,seller,99.3646,3.3333333333333335,100.0,70.68
37ceb404da208418c9032f0674e57804,1,274.11,3,3.0,0.0,0.0,0.10491190748747897,0.0,60.0,71.96843304135223,1.762364980102331,23.00297502645931,Low,seller,99.3646,3.3333333333333335,100.0,70.68
578460d8319c51dab351cd9db95eadfe,1,270.45,1,3.0,0.0,0.0,0.10344572862840007,0.0,60.0,71.96843304135223,1.762364980102331,23.002535172801586,Low,seller,99.3646,3.3333333333333335,100.0,70.68
001e6ad469a905060d959994f1b41e4f,1,267.94,1,3.0,0.0,0.0,0.10244023438351264,0.0,60.0,71.96843304135223,1.762364980102331,23.002233524528123,Low,seller,99.3646,3.3333333333333335,100.0,70.68
60ad151920c4f6f3ebbe8cfdf6166779,2,150.67000000000002,2,3.0,0.0,0.0,0.055462421595484625,0.053966540744738264,60.0,71.96843304135223,1.762364980102331,23.001631815877897,Low,seller,99.3646,6.666666666666667,100.0,71.68
fec6912baad85d41729669edd6b4d3b8,1,261.97,1,3.0,0.0,0.0,0.10004868034288396,0.0,60.0,71.96843304135223,1.762364980102331,23.001516058315932,Low,seller,99.3646,3.3333333333333335,100.0,70.68
c4b911d06343b21dd906651f8101cb49,2,141.33,2,3.0,0.0,0.0,0.05172086133761661,0.053966540744738264,60.0,71.96843304135223,1.762364980102331,23.000509347800538,Low,seller,99.3646,6.666666666666667,100.0,71.68
3bfad056cf05c00dabe2f895925d83b1,1,253.35000000000002,5,3.0,0.0,0.0,0.09659554871303147,0.0,60.0,71.96843304135223,1.762364980102331,23.000480118826978,Low,seller,99.3646,3.3333333333333335,100.0,70.68
4ce6e5f6c52515177e18c1c9361d8677,1,252.26999999999998,1,3.0,0.0,0.0,0.09616290577100817,0.0,60.0,71.96843304135223,1.762364980102331,23.000350325944368,Low,seller,99.3646,3.3333333333333335,100.0,70.68
9e17b9d64683aebcbb9ee362d06463b4,2,136.67000000000002,3,3.0,0.0,0.0,0.049854087161849484,0.053966540744738264,60.0,71.96843304135223,1.762364980102331,22.999949315547806,Low,seller,99.3646,6.666666666666667,100.0,71.68
7e3dde9ffba72d5340f9aaf09b4424be,1,242.03,1,3.0,0.0,0.0,0.09206080972812077,0.0,60.0,71.96843304135223,1.762364980102331,22.999119697131505,Low,seller,99.3646,3.3333333333333335,100.0,70.68
f9eda05b67bef472deaddbba84aca289,1,236.79,1,3.0,0.0,0.0,0.08996169026867447,0.0,60.0,71.96843304135223,1.762364980102331,22.99848996129367,Low,seller,99.3646,3.3333333333333335,100.0,70.68
6e2d3e2dc84fb30f6078f39dd3bddd6f,1,235.28,1,3.0,0.0,0.0,0.08935679134047525,0.0,60.0,71.96843304135223,1.762364980102331,22.998308491615212,Low,seller,99.3646,3.3333333333333335,100.0,70.68
85ecf03781da592876b7844acc1b729f,2,294.9,2,3.0,0.3337789351851854,0.0,0.11324028412142714,0.053966540744738264,60.0,71.82519904179219,1.762364980102331,22.997480074701674,Low,seller,99.3646,6.666666666666667,100.0,71.68
9b1050e85becf3ae99c1cf4934c9bc5d,2,115.34,2,3.0,0.0,0.0,0.04130938905688966,0.053966540744738264,60.0,71.96843304135223,1.762364980102331,22.99738590611632,Low,seller,99.3646,6.666666666666667,100.0,71.68
e4253cef933647000a82ff39c67b7bde,2,108.72999999999999,2,3.0,0.0,0.0,0.038661454013580496,0.053966540744738264,60.0,71.96843304135223,1.762364980102331,22.99659152560333,Low,seller,99.3646,6.666666666666667,100.0,71.68
3febca52652e7209509ccfe61cbde40e,2,100.9,2,3.0,0.0,0.0,0.035524792683911705,0.053966540744738264,60.0,71.96843304135223,1.762364980102331,22.995650527204425,Low,seller,99.3646,6.666666666666667,100.0,71.68
02a2272692e13558373c66db98f05e2e,2,93.85,2,3.0,0.0,0.0,0.03270059570125973,0.053966540744738264,60.0,71.96843304135223,1.762364980102331,22.994803268109628,Low,seller,99.3646,6.666666666666667,100.0,71.68
15ac3c501e2599e4917316fde5c5669a,1,195.81,1,3.0,0.0,0.0,0.07354529419079105,0.0,60.0,71.96843304135223,1.762364980102331,22.993565042470305,Low,seller,99.3646,3.3333333333333335,100.0,70.68
67e43d802fde8cfd3f9580124f8167d1,2,78.35999999999999,3,3.0,0.0,0.0,0.02649537424575913,0.053966540744738264,60.0,71.96843304135223,1.762364980102331,22.99294170167298,Low,seller,99.3646,6.666666666666667,100.0,71.68
4bc3d93e4a5f88a598d3d8ce4ae510b3,1,188.28,1,3.0,0.0,0.0,0.07052881145612871,0.0,60.0,71.96843304135223,1.762364980102331,22.992660097649903,Low,seller,99.3646,3.3333333333333335,100.0,70.68
6e85dc5ecd97a61094b89b046a509d8e,1,182.59,1,3.0,0.0,0.0,0.06824942410417273,0.0,60.0,71.96843304135223,1.762364980102331,22.99197628144432,Low,seller,99.3646,3.3333333333333335,100.0,70.68
ace601496e211a664100321f038f50af,1,179.92,1,3.0,0.0,0.0,0.06717983460861517,0.0,60.0,71.96843304135223,1.762364980102331,22.99165540459565,Low,seller,99.3646,3.3333333333333335,100.0,70.68
5444b12c82f21c923f2639ebc722c1ea,1,179.46,1,3.0,0.0,0.0,0.06699556076293858,0.0,60.0,71.96843304135223,1.762364980102331,22.991600122441948,Low,seller,99.3646,3.3333333333333335,100.0,70.68
7a188843479798ca813108fa7b959286,1,175.85999999999999,3,3.0,0.0,0.0,0.06555341762286097,0.0,60.0,71.96843304135223,1.762364980102331,22.991167479499925,Low,seller,99.3646,3.3333333333333335,100.0,70.68
623ad9d0c1e14bb5464a8c72bff7b4af,1,133.96,1,3.0,-0.07043981481481482,0.0,0.04876847385362439,0.0,60.0,71.99866076197995,1.762364980102331,22.990666154463312,Low,seller,99.3646,3.3333333333333335,100.0,70.68
9f56a7a649097b166d8ed286ad86a15c,2,51.019999999999996,2,3.0,0.0,0.0,0.015543098287503089,0.053966540744738264,60.0,71.96843304135223,1.762364980102331,22.989656018885505,Low,seller,99.3646,6.666666666666667,100.0,71.68
3f8247d0f772ffa58560e5c682521ad5,1,158.45000000000002,1,3.0,0.0,0.0,0.058579053159319,0.0,60.0,71.96843304135223,1.762364980102331,22.989075170160863,Low,seller,99.3646,3.3333333333333335,100.0,70.68
3d2400ac620cffa23ac81bd192f7f555,1,113.9,1,3.0,-0.08052083333333333,0.0,0.04073253180085862,0.0,60.0,72.00298681269746,1.762364980102331,22.98890427945511,Low,seller,99.3646,3.3333333333333335,100.0,70.68
042573af89b6d931f672efaf789d8358,3,478.57000000000005,3,3.0,-0.38885030864197506,-50.0,0.18681762593755327,0.10793308148947653,60.0,72.13529972784951,0.8527572484366117,22.988599242174722,Low,seller,99.3646,10.0,100.0,72.68
43753b27d77860f1654aa72e251a7878,1,66.28,1,3.0,-0.15685185185185185,0.0,0.021656182820165393,0.0,60.0,72.03574261577661,1.762364980102331,22.988094745222774,Low,seller,99.3646,3.3333333333333335,100.0,70.68
88af55b4a7ca402b27df16f7c7c9b5d2,1,141.52,1,3.0,0.0,0.0,0.05179697444778737,0.0,60.0,71.96843304135223,1.762364980102331,22.987040546547405,Low,seller,99.3646,3.3333333333333335,100.0,70.68
f9a02f1922d1de564392e656d82b3fda,1,137.39000000000001,1,3.0,0.0,0.0,0.05014251578986501,0.0,60.0,71.96843304135223,1.762364980102331,22.98654420895003,Low,seller,99.3646,3.3333333333333335,100.0,70.68
bcf5566870987da7bc811fbc8c5b9fd9,1,127.12,4,3.0,0.0,0.0,0.04602840188747694,0.0,60.0,71.96843304135223,1.762364980102331,22.985309974779312,Low,seller,99.3646,3.3333333333333335,100.0,70.68
ac1ed5fc15901fbc92920361eb4ab350,1,124.03999999999999,1,3.0,0.0,0.0,0.044794568312077204,0.0,60.0,71.96843304135223,1.762364980102331,22.98493982470669,Low,seller,99.3646,3.3333333333333335,100.0,70.68
92992bec39dde5766f590d3b1f46d465,1,121.67,1,3.0,0.0,0.0,0.04384515741152612,0.0,60.0,71.96843304135223,1.762364980102331,22.984655001436526,Low,seller,99.3646,3.3333333333333335,100.0,70.68
7a073a40a9d3f1fee8bc45670ea1e909,1,112.78,1,3.0,0.0,0.0,0.04028386504616781,0.0,60.0,71.96843304135223,1.762364980102331,22.983586613726917,Low,seller,99.3646,3.3333333333333335,100.0,70.68
fa7ad8ae9bcb2c4493fdf38e96b1d74f,1,111.7,2,3.0,0.0,0.0,0.039851222104144525,0.0,60.0,71.96843304135223,1.762364980102331,22.98345682084431,Low,seller,99.3646,3.3333333333333335,100.0,70.68
fc99f99385ae90f66f01733856fb88c9,1,111.02000000000001,1,3.0,0.0,0.0,0.03957881728879654,0.0,60.0,71.96843304135223,1.762364980102331,22.98337509939971,Low,seller,99.3646,3.3333333333333335,100.0,70.68
c85d7b477a709c85a1e8b8f25aa1b270,1,107.22,2,3.0,0.0,0.0,0.038056555085381284,0.0,60.0,71.96843304135223,1.762364980102331,22.98291842073868,Low,seller,99.3646,3.3333333333333335,100.0,70.68
83d458c0d6d4f94295d63f091460bd60,1,105.74000000000001,1,3.0,0.0,0.0,0.03746367401668271,0.0,60.0,71.96843304135223,1.762364980102331,22.982740556418072,Low,seller,99.3646,3.3333333333333335,100.0,70.68
20fd2d2080ed85fa67fad3fcbb2c1813,1,105.47,1,3.0,0.0,0.0,0.03735551328117689,0.0,60.0,71.96843304135223,1.762364980102331,22.98270810819742,Low,seller,99.3646,3.3333333333333335,100.0,70.68
1fddcb7b326905d3ad5efe82187db347,1,105.22,1,3.0,0.0,0.0,0.037255364452004835,0.0,60.0,71.96843304135223,1.762364980102331,22.98267806354867,Low,seller,99.3646,3.3333333333333335,100.0,70.68
f3055483058c84d75ca2a3314fb4deef,1,103.28999999999999,1,3.0,0.0,0.0,0.036482215490796555,0.0,60.0,71.96843304135223,1.762364980102331,22.982446118860306,Low,seller,99.3646,3.3333333333333335,100.0,70.68
f09e26011d833ddab11593c1a097a92a,1,102.09,1,3.0,0.0,0.0,0.03600150111077069,0.0,60.0,71.96843304135223,1.762364980102331,22.982301904546297,Low,seller,99.3646,3.3333333333333335,100.0,70.68
dadc51ef321949ec9a3ab25cd902e23d,1,99.34,1,3.0,0.0,0.0,0.03489986398987808,0.0,60.0,71.96843304135223,1.762364980102331,22.98197141341003,Low,seller,99.3646,3.3333333333333335,100.0,70.68
c542f5a8c64d973f30e9df8d06f70b4a,1,98.31,1,3.0,0.0,0.0,0.03448725081368921,0.0,60.0,71.96843304135223,1.762364980102331,22.981847629457175,Low,seller,99.3646,3.3333333333333335,100.0,70.68
9591fc341b1bfb7ef561e2968ec6e011,1,94.21000000000001,1,3.0,0.0,0.0,0.03284481001526749,0.0,60.0,71.96843304135223,1.762364980102331,22.98135489721765,Low,seller,99.3646,3.3333333333333335,100.0,70.68
cf281cf8b7affbdfe751b29cc85580e1,1,90.23,1,3.0,0.0,0.0,0.03125044065484836,0.0,60.0,71.96843304135223,1.762364980102331,22.980876586409522,Low,seller,99.3646,3.3333333333333335,100.0,70.68
61b893c57e33626afb104d4112b1be76,1,88.08999999999999,1,3.0,0.0,0.0,0.030393166677135555,0.0,60.0,71.96843304135223,1.762364980102331,22.980619404216206,Low,seller,99.3646,3.3333333333333335,100.0,70.68
b6c6854d4d92a5f6f46be8869da3fa1a,1,87.82000000000001,1,3.0,0.0,0.0,0.030285005941629743,0.0,60.0,71.96843304135223,1.762364980102331,22.980586955995555,Low,seller,99.3646,3.3333333333333335,100.0,70.68
f0ec6a2adb05c62655a26dd347b8dede,1,86.78,2,3.0,0.0,0.0,0.02986838681227398,0.0,60.0,71.96843304135223,1.762364980102331,22.980461970256748,Low,seller,99.3646,3.3333333333333335,100.0,70.68
ad738d3fcf42655ed15c4960b7b6c601,1,80.89,1,3.0,0.0,0.0,0.027508880396980344,0.0,60.0,71.96843304135223,1.762364980102331,22.97975411833216,Low,seller,99.3646,3.3333333333333335,100.0,70.68
ffcfefa19b08742c5d315f2791395ee5,1,79.52000000000001,1,3.0,0.0,0.0,0.026960064813117482,0.0,60.0,71.96843304135223,1.762364980102331,22.979589473657,Low,seller,99.3646,3.3333333333333335,100.0,70.68
fa18c782a4866d313cadab567097f8f1,1,78.64,1,3.0,0.0,0.0,0.026607540934431843,0.0,60.0,71.96843304135223,1.762364980102331,22.979483716493398,Low,seller,99.3646,3.3333333333333335,100.0,70.68
86649b1632b1c0e6c0bcb2c90a8b75d8,1,77.66,1,3.0,0.0,0.0,0.02621495752407738,0.0,60.0,71.96843304135223,1.762364980102331,22.97936594147029,Low,seller,99.3646,3.3333333333333335,100.0,70.68
56a8b450e802502ba53a9885ee38e29f,1,77.65,1,3.0,0.0,0.0,0.0262109515709105,0.0,60.0,71.96843304135223,1.762364980102331,22.979364739684343,Low,seller,99.3646,3.3333333333333335,100.0,70.68
80146bc52c4f6af5239b23de2a20262b,1,76.78,2,3.0,0.0,0.0,0.025862433645391744,0.0,60.0,71.96843304135223,1.762364980102331,22.979260184306685,Low,seller,99.3646,3.3333333333333335,100.0,70.68
e1a210d482714ce337763a19aef94ba4,1,76.50999999999999,1,3.0,0.0,0.0,0.02575427290988592,0.0,60.0,71.96843304135223,1.762364980102331,22.97922773608603,Low,seller,99.3646,3.3333333333333335,100.0,70.68
66d5ae34537110d3affc56174dad2b2f,1,72.17999999999999,3,3.0,0.0,0.0,0.02401969518862591,0.0,60.0,71.96843304135223,1.762364980102331,22.978707362769654,Low,seller,99.3646,3.3333333333333335,100.0,70.68
c200c73f9d7e5a08ca439d6a0803da7c,1,68.2,2,3.0,0.0,0.0,0.022425325828206784,0.0,60.0,71.96843304135223,1.762364980102331,22.978229051961527,Low,seller,99.3646,3.3333333333333335,100.0,70.68
2078fe5066350e7d220c0ad3a3bbc6c1,1,68.03999999999999,1,3.0,0.0,0.0,0.022361230577536664,0.0,60.0,71.96843304135223,1.762364980102331,22.97820982338633,Low,seller,99.3646,3.3333333333333335,100.0,70.68
5aaa890629f83706d8d9bfecd8377c1c,1,66.82,1,3.0,0.0,0.0,0.021872504291177028,0.0,60.0,71.96843304135223,1.762364980102331,22.97806320550042,Low,seller,99.3646,3.3333333333333335,100.0,70.68
a1ed30492b3b798bc121845bc4aa7366,1,65.5,2,3.0,0.0,0.0,0.021343718473148577,0.0,60.0,71.96843304135223,1.762364980102331,22.97790456975501,Low,seller,99.3646,3.3333333333333335,100.0,70.68
3338e7a0710a195872be80e0d2423867,1,65.43,1,3.0,0.0,0.0,0.021315676800980406,0.0,60.0,71.96843304135223,1.762364980102331,22.97789615725336,Low,seller,99.3646,3.3333333333333335,100.0,70.68
deaadd805612bf94faaa9fa702516e11,1,65.11,1,3.0,0.0,0.0,0.02118748629964017,0.0,60.0,71.96843304135223,1.762364980102331,22.97785770010296,Low,seller,99.3646,3.3333333333333335,100.0,70.68
d1a1b40ec554c593a1a99366746289dd,1,64.22,1,3.0,0.0,0.0,0.020830956467787647,0.0,60.0,71.96843304135223,1.762364980102331,22.977750741153404,Low,seller,99.3646,3.3333333333333335,100.0,70.68
9c351405b754cc5ce3e2ecf277bb034a,1,59.11,1,3.0,0.0,0.0,0.018783914399510823,0.0,60.0,71.96843304135223,1.762364980102331,22.977136628532918,Low,seller,99.3646,3.3333333333333335,100.0,70.68
ac137bac82ffa8548e62bd9d01d2a14f,1,58.94,1,3.0,0.0,0.0,0.018715813195673826,0.0,60.0,71.96843304135223,1.762364980102331,22.97711619817177,Low,seller,99.3646,3.3333333333333335,100.0,70.68
4d8809767a5bafe22909c77951fb6b41,1,58.72,1,3.0,0.0,0.0,0.018627682226002418,0.0,60.0,71.96843304135223,1.762364980102331,22.97708975888087,Low,seller,99.3646,3.3333333333333335,100.0,70.68
50c361bcf670d16f6df4d52de3dff924,1,51.6,1,3.0,0.0,0.0,0.01577544357118226,0.0,60.0,71.96843304135223,1.762364980102331,22.97623408728442,Low,seller,99.3646,3.3333333333333335,100.0,70.68
e116c7455dd26a4d8c3e92532583905f,1,51.54,2,3.0,0.0,0.0,0.01575140785218097,0.0,60.0,71.96843304135223,1.762364980102331,22.976226876568724,Low,seller,99.3646,3.3333333333333335,100.0,70.68
5206cc4bc2297c833e6061c49bf9c43f,1,45.96,1,3.0,0.0,0.0,0.01351608598506068,0.0,60.0,71.96843304135223,1.762364980102331,22.975556280008586,Low,seller,99.3646,3.3333333333333335,100.0,70.68
e6ffc9ac6a7adc9d16a1cfc2286dd546,1,43.28,1,3.0,0.0,0.0,0.01244249053633624,0.0,60.0,71.96843304135223,1.762364980102331,22.97523420137397,Low,seller,99.3646,3.3333333333333335,100.0,70.68
1992f8fb6b19fcccd97ca819811e7267,1,40.02,1,3.0,0.0,0.0,0.01113654980393263,0.0,60.0,71.96843304135223,1.762364980102331,22.974842419154246,Low,seller,99.3646,3.3333333333333335,100.0,70.68
15aec03fe4cf30dfa574cf550f5ff5ff,1,39.86,1,3.0,0.0,0.0,0.011072454553262511,0.0,60.0,71.96843304135223,1.762364980102331,22.974823190579045,Low,seller,99.3646,3.3333333333333335,100.0,70.68
1a6245add4353f18ed55138808906979,1,39.34,1,3.0,0.0,0.0,0.010864144988584637,0.0,60.0,71.96843304135223,1.762364980102331,22.97476069770964,Low,seller,99.3646,3.3333333333333335,100.0,70.68
bf0d50a6410d487dc97d2baac0a8c0be,1,37.16,1,3.0,0.0,0.0,0.009990847198204306,0.0,60.0,71.96843304135223,1.762364980102331,22.97449870837253,Low,seller,99.3646,3.3333333333333335,100.0,70.68
3820c6537b3853be1a0687d5a60807ec,1,35.96,1,3.0,0.0,0.0,0.00951013281817844,0.0,60.0,71.96843304135223,1.762364980102331,22.97435449405852,Low,seller,99.3646,3.3333333333333335,100.0,70.68
63bc58679c44e8a998792119fd7ad23e,1,34.01,1,3.0,0.0,0.0,0.0087289719506364,0.0,60.0,71.96843304135223,1.762364980102331,22.97412014579826,Low,seller,99.3646,3.3333333333333335,100.0,70.68
e174dc2de86d60fee178170a154c05e7,1,33.9,1,3.0,0.0,0.0,0.008684906465800698,0.0,60.0,71.96843304135223,1.762364980102331,22.974106926152807,Low,seller,99.3646,3.3333333333333335,100.0,70.68
afac9f6b0c4e5f0a7ee87e922cd0f873,1,32.839999999999996,1,3.0,0.0,0.0,0.008260275430111179,0.0,60.0,71.96843304135223,1.762364980102331,22.9739795368421,Low,seller,99.3646,3.3333333333333335,100.0,70.68
58b98ccb79873e04eac4357cacc590d9,1,31.91,1,3.0,0.0,0.0,0.00788772178559113,0.0,60.0,71.96843304135223,1.762364980102331,22.973867770748747,Low,seller,99.3646,3.3333333333333335,100.0,70.68
8501d82f68d23148b6d78bb7c4a42037,1,30.66,1,3.0,0.0,0.0,0.00738697763973085,0.0,60.0,71.96843304135223,1.762364980102331,22.973717547504986,Low,seller,99.3646,3.3333333333333335,100.0,70.68
6576fd3e23c88f0e5d4d23f39bba0542,1,25.46,1,3.0,0.0,0.0,0.005303881992952086,0.0,60.0,71.96843304135223,1.762364980102331,22.973092618810952,Low,seller,99.3646,3.3333333333333335,100.0,70.68
34aefe746cd81b7f3b23253ea28bef39,1,22.52,1,3.0,0.0,0.0,0.0041261317618887065,0.0,60.0,71.96843304135223,1.762364980102331,22.972739293741633,Low,seller,99.3646,3.3333333333333335,100.0,70.68
cf6f6bc4df3999b9c6440f124fb2f687,1,12.22,1,3.0,0.0,0.0,0.0,0.0,60.0,71.96843304135223,1.762364980102331,22.97150145421307,Low,seller,99.3646,3.3333333333333335,100.0,70.68
2a73cba571d90c694b7caca072ccf6ce,1,381.47999999999996,2,3.0,0.7170949074074074,0.0,0.14792382664029358,0.0,60.0,71.66070729588205,1.762364980102331,22.96971974038463,Low,seller,99.3646,3.3333333333333335,100.0,70.68
f7df46c1e0ec44eed5c6726478da4a17,3,487.44000000000005,3,3.0,0.0,-50.0,0.19037090639657783,0.10793308148947653,60.0,71.96843304135223,0.8527572484366117,22.964635223337837,Low,seller,99.3646,10.0,100.0,72.68
05ca864204d09595ae591b93ea9cf93d,1,188.42000000000002,1,3.0,0.5562615740740741,0.0,0.07058489480046508,0.0,60.0,71.72972543683551,1.762364980102331,22.9568707819757,Low,seller,99.3646,3.3333333333333335,100.0,70.68
e88165a185134e13fdfc85d4fa654db8,2,149.22,2,3.0,0.7872280092592594,0.0,0.054881558386286694,0.053966540744738264,60.0,71.63061119447823,1.762364980102331,22.95078427988404,Low,seller,99.3646,6.666666666666667,100.0,71.68
344223b2a90784f64136a8a5da012e7f,1,27.689999999999998,1,3.0,0.5481018518518519,0.0,0.0061972095491668235,0.0,60.0,71.73322700486747,1.762364980102331,22.938079711605106,Low,seller,99.3646,3.3333333333333335,100.0,70.68
535bf14f36346c7f59d87cece104d70c,1,57.769999999999996,1,3.0,0.6958333333333333,0.0,0.018247116675148604,0.0,60.0,71.66983123981782,1.762364980102331,22.93218531898545,Low,seller,99.3646,3.3333333333333335,100.0,70.68
714b9a1332840f257b49f476bea4e341,6,1658.0900000000001,6,3.0,4.745906635802469,0.0,0.6593278138776473,0.26983270372369134,60.0,69.9318300166365,1.762364980102331,22.931267520599924,Low,seller,99.3646,20.0,100.0,75.68
5acd070dd3fe441bbb2ec1f1ede515ee,7,886.37,8,3.0,2.5847280092592593,-33.33333333333333,0.35018039608301105,0.32379924446842956,60.0,70.85925300776002,1.1559598256585182,22.930487863671868,Low,seller,99.3646,23.333333333333332,100.0,76.68
e3e15e2c0b9700561efac21c6be48066,3,139.74,4,3.0,0.0,-50.0,0.05108391478408233,0.10793308148947653,60.0,71.96843304135223,0.8527572484366117,22.92284912585409,Low,seller,99.3646,10.0,100.0,72.68
8759e7aedd644f487315e5860962f162,3,793.3399999999999,3,3.0,5.474795524691359,100.0,0.3129130137715055,0.10793308148947653,60.0,69.61904313950026,3.581580443433769,22.921871689772235,Low,seller,99.3646,10.0,100.0,72.68
9ac75591b69c3402684b6ce0310f22ee,1,69.67,1,3.0,0.9082060185185186,0.0,0.02301420094373847,0.0,60.0,71.57869610248657,1.762364980102331,22.919945173666342,Low,seller,99.3646,3.3333333333333335,100.0,70.68
6219ba2359cfb97f2e38fd4c321eb309,6,590.55,6,3.0,2.957854166666666,0.0,0.23167628950030056,0.26983270372369134,60.0,70.69913400014116,1.762364980102331,22.91806766081242,Low,seller,99.3646,20.0,100.0,75.68
578fa3a9cb6b6dceab39231ad59cdaca,3,187.2,3,3.0,1.7614274691358027,0.0,0.07009616851410543,0.10793308148947653,60.0,71.21255459983443,1.762364980102331,22.906131808912,Low,seller,99.3646,10.0,100.0,72.68
b0b346d3a89f5eb4c2968af3f083cd43,11,826.6,12,3.0,3.242889660493827,-50.0,0.3262368140045559,0.5396654074473827,60.0,70.57681719253678,0.8527572484366117,22.90458569978739,Low,seller,99.3646,36.666666666666664,100.0,80.68
1352e06ae67b410cdae0b2a22361167b,4,765.22,4,3.0,3.0939814814814817,0.0,0.3016482734662327,0.16189962223421478,60.0,70.64071791184165,1.762364980102331,22.903313572384903,Low,seller,99.3646,13.333333333333334,100.0,73.68
c611f4ce9ce875bcc063fa97fd4d7d12,1,332.25,1,3.0,1.6859375,0.0,0.12820251919973233,0.0,60.0,71.24494948479021,1.762364980102331,22.901439676488685,Low,seller,99.3646,3.3333333333333335,100.0,70.68
efb628aa07c8ca93d7db0d85b91a4f5a,1,262.1,1,3.0,1.9546759259259259,0.0,0.10010075773405343,0.0,60.0,71.12962621084098,1.762364980102331,22.875710656956596,Low,seller,99.3646,3.3333333333333335,100.0,70.68
8fec2e460530482132c436cfb5439925,3,548.61,5,3.0,5.76075,100.0,0.21487532191839645,0.10793308148947653,60.0,69.49633197090053,3.581580443433769,22.874053706926343,Low,seller,99.3646,10.0,100.0,72.68
ec2e006556300a79a5a91e4876ab3a56,4,191.24,8,3.0,1.5947395833333333,-50.0,0.07171457359352587,0.16189962223421478,60.0,71.28408509515597,0.8527572484366117,22.839877766753666,Low,seller,99.3646,13.333333333333334,100.0,73.68
c42fd8e4d47dfb18ce5222f2dd7752f9,7,628.63,11,3.0,10.124243476430975,200.0,0.24693095915978816,0.32379924446842956,60.0,67.6238332695172,5.400795906765207,22.838683679969144,Low,seller,99.3646,23.333333333333332,100.0,76.68
312ba1d77e9c332ef21f9598b7f64cd7,9,888.05,10,3.0,5.444642857142858,0.0,0.3508533962150472,0.4317323259579061,60.0,69.63198250359758,1.762364980102331,22.834222973903863,Low,seller,99.3646,30.0,100.0,78.68
d1aa1ec0839dcab73a6161130eb1f94a,1,136.04000000000002,1,3.0,2.453275462962963,0.0,0.049601712112335904,0.0,60.0,70.91566302041682,1.762364980102331,22.828466464706455,Low,seller,99.3646,3.3333333333333335,100.0,70.68
13d95f0f6f73943d4ceffad0fc2cd32c,1,309.32,1,3.0,2.855462962962963,0.0,0.11901686858807134,0.0,60.0,70.74307296716468,1.762364980102331,22.823402503661356,Low,seller,99.3646,3.3333333333333335,100.0,70.68
154bdf805377afea75a3bd158e9eab10,1,109.72,1,3.0,2.700451388888889,0.0,0.03905804337710184,0.0,60.0,70.80959282624568,1.762364980102331,22.809392834960214,Low,seller,99.3646,3.3333333333333335,100.0,70.68
f524ad65d7e0f1daab730ef2d2e86196,1,609.5,2,3.0,3.8366319444444446,0.0,0.23926757075154242,0.0,60.0,70.32202555330113,1.762364980102331,22.796320602230864,Low,seller,99.3646,3.3333333333333335,100.0,70.68
6f1a1263039c76e68f40a8e536b1da6a,4,356.84000000000003,7,3.0,7.200962962962963,100.0,0.13805315803709575,0.16189962223421478,60.0,68.87829577640863,3.581580443433769,22.771793263774356,Low,seller,99.3646,13.333333333333334,100.0,73.68
8e29d051f810eb22959ede205b462b9f,2,813.28,2,3.0,4.829658564814814,0.0,0.3209008843862687,0.053966540744738264,60.0,69.89588969057412,1.762364980102331,22.770381852098417,Low,seller,99.3646,6.666666666666667,100.0,71.68
19484c79cef6c062cb177aa4ef2fcc3c,1,212.06,1,3.0,3.5027662037037035,0.0,0.08005496808697468,0.0,60.0,70.46529680358493,1.762364980102331,22.770047508974066,Low,seller,99.3646,3.3333333333333335,100.0,70.68
984c273121e743dd14767befe6cb17f5,1,280.91,1,3.0,3.694375,0.0,0.1076359556409589,0.0,60.0,70.38307203937332,1.762364980102331,22.765988090608516,Low,seller,99.3646,3.3333333333333335,100.0,70.68
c1f12f926d0ba950578b4fa41115cbb6,2,556.56,4,3.0,4.607771990740741,0.0,0.21806005468606782,0.053966540744738264,60.0,69.99110750722775,1.762364980102331,22.7538122756864,Low,seller,99.3646,6.666666666666667,100.0,71.68
a435b009cd956ea60748b5cfbddf2e24,3,406.39,3,3.0,3.1874074074074064,-50.0,0.15790265597899725,0.10793308148947653,60.0,70.60062619956643,0.8527572484366117,22.749723721944694,Low,seller,99.3646,10.0,100.0,72.68
324583d68897f5ddbaf38f6248322176,2,127.99000000000001,3,3.0,3.886369598765432,0.0,0.0463769198129957,0.053966540744738264,60.0,70.3006817163895,1.762364980102331,22.748743466598743,Low,seller,99.3646,6.666666666666667,100.0,71.68
327b89b872c14d1c0be7235ef4871685,3,1258.8,3,3.0,9.347430555555555,100.0,0.4993741098772063,0.10793308148947653,60.0,67.95718570682777,3.581580443433769,22.728531403703073,Low,seller,99.3646,10.0,100.0,72.68
ebe3dabc4955c9b0d695e7bda38bf5c3,1,66.89,1,3.0,4.092789351851851,0.0,0.021900545963345206,0.0,60.0,70.21210115091326,1.762364980102331,22.714621834436223,Low,seller,99.3646,3.3333333333333335,100.0,70.68
633ecdf879b94b5337cca303328e4a25,6,1125.49,6,3.0,7.310291280864196,0.0,0.44597074820949917,0.26983270372369134,60.0,68.83137989710224,1.762364980102331,22.702192882969342,Low,seller,99.3646,20.0,100.0,75.68
791cfcfe22fe4a771ece27f90017da92,2,653.75,2,3.0,5.793865740740741,0.0,0.25699391351499634,0.053966540744738264,60.0,69.48212106813023,1.762364980102331,22.68914446747045,Low,seller,99.3646,6.666666666666667,100.0,71.68
edf3fabebcc20f7463cc9c53da932ea8,1,244.02,1,3.0,4.96630787037037,0.0,0.09285799440833033,0.0,60.0,69.83724960125583,1.762364980102331,22.679681336521107,Low,seller,99.3646,3.3333333333333335,100.0,70.68
8c3b533c63cca56240f94f1e3a6b18ef,5,4301.7699999999995,8,3.0,13.396622685185184,0.0,1.718373640699971,0.21586616297895306,60.0,66.21956261988214,1.762364980102331,22.678649523947282,Low,seller,99.3646,16.666666666666664,100.0,74.68
bc8c8d665ec4664d286be0d521722b19,1,30.82,1,3.0,4.66162037037037,0.0,0.007451072890400968,0.0,60.0,69.96799964159837,1.762364980102331,22.67367176611711,Low,seller,99.3646,3.3333333333333335,100.0,70.68
bcd2d7510d58e293f20fad6438c1b314,1,39.46,1,3.0,4.682222222222222,0.0,0.010912216426587223,0.0,60.0,69.95915880316305,1.762364980102331,22.673383983412666,Low,seller,99.3646,3.3333333333333335,100.0,70.68
271b8923c6a549e02d3c9fd1f8c0422b,1,118.59,1,3.0,4.994236111111111,0.0,0.04261132383612639,0.0,60.0,69.8252648017365,1.762364980102331,22.662809615421544,Low,seller,99.3646,3.3333333333333335,100.0,70.68
c1d1ebb4745cc43cb6f05e9c8a705c9a,3,77.17,3,3.0,5.395856481481482,0.0,0.02601866581890015,0.10793308148947653,60.0,69.65291811987947,1.762364980102331,22.65896308611019,Low,seller,99.3646,10.0,100.0,72.68
5ca5d579b5857ee8709479b1047cecc3,2,363.88,2,3.0,5.7306944444444445,0.0,0.14087334906658083,0.053966540744738264,60.0,69.50922966148977,1.762364980102331,22.658374587139857,Low,seller,99.3646,6.666666666666667,100.0,71.68
1f2eebc0e970fd3c463e4f5d9652687a,1,53.47,1,3.0,5.1224537037037035,0.0,0.01652455681338924,0.0,60.0,69.77024299938456,1.762364980102331,22.646730314961935,Low,seller,99.3646,3.3333333333333335,100.0,70.68
9da15f4a4ea758d9eeb49000dbe57e22,1,234.61,1,3.0,6.047164351851852,0.0,0.08908839247829414,0.0,60.0,69.37342345624432,1.762364980102331,22.60897653419037,Low,seller,99.3646,3.3333333333333335,100.0,70.68
c13ef0cfbe42f190780f621ce81f2234,1,451.28,1,3.0,6.629965277777778,0.0,0.17588537974513163,0.0,60.0,69.12332706378818,1.762364980102331,22.597501171502,Low,seller,99.3646,3.3333333333333335,100.0,70.68
e83c76265fc54bf41eac728805e4da77,8,336.49,8,3.0,10.755326967592595,100.0,0.1299010433424904,0.37776578521316784,60.0,67.35301746010956,3.581580443433769,22.594522422665847,Low,seller,99.3646,26.666666666666668,100.0,77.68
1b4b28463457a256e9a784ebe2a8f630,1,715.3399999999999,1,3.0,7.846111111111111,0.0,0.281666579069824,0.0,60.0,68.60144442413038,1.762364980102331,22.55095313535074,Low,seller,99.3646,3.3333333333333335,100.0,70.68
c004e5ea15737026cecaee0447e00b75,2,4874.32,2,3.0,15.844189814814815,0.0,1.9477344892698139,0.053966540744738264,60.0,65.16924220654016,1.762364980102331,22.549434810958385,Low,seller,99.3646,6.666666666666667,100.0,71.68
3da38366e7bd9baf6369071f782ecdf0,1,86.43,1,3.0,6.915891203703704,0.0,0.02972817845143311,0.0,60.0,69.0006281465376,1.762364980102331,22.535249173526303,Low,seller,99.3646,3.3333333333333335,100.0,70.68
e5bd51692380fd8cabb19b756b95e714,3,153.04,3,3.0,6.164635416666667,-50.0,0.05641183249603571,0.10793308148947653,60.0,69.32301329349194,0.8527572484366117,22.527634538988632,Low,seller,99.3646,10.0,100.0,72.68
51a04a8a6bdcb23deccc82b0b80742cf,1,199.92000000000002,1,3.0,7.817743055555556,0.0,0.07519174094237965,0.0,60.0,68.61361796065003,1.762364980102331,22.490836714390454,Low,seller,99.3646,3.3333333333333335,100.0,70.68
63704069d9bd3a75c1cf59babe56004a,1,66.69,1,3.0,7.776087962962963,0.0,0.021820426900007562,0.0,60.0,68.63149334128413,1.762364980102331,22.477506627272852,Low,seller,99.3646,3.3333333333333335,100.0,70.68
d1a5cc844736958c11b8efab9a2b4c87,1,254.01,1,3.0,8.838784722222222,0.0,0.09685994162204568,0.0,60.0,68.17546004767993,1.762364980102331,22.431613487648836,Low,seller,99.3646,3.3333333333333335,100.0,70.68
7c462184585ae80bd6e5774c62ce50f2,1,77.64,2,3.0,8.568425925925926,0.0,0.02620694561774362,0.0,60.0,68.29147866847238,1.762364980102331,22.427820381966413,Low,seller,99.3646,3.3333333333333335,100.0,70.68
9ef932e837d8b7f392c0bfee9d359dc2,1,79.56,1,3.0,9.004814814814814,0.0,0.026976088625785006,0.0,60.0,68.10421183006498,1.762364980102331,22.399961099107713,Low,seller,99.3646,3.3333333333333335,100.0,70.68
9b522ba7eae9e1d04082f267144583cc,4,1655.6499999999999,6,3.0,12.952828703703705,0.0,0.6583503613049279,0.16189962223421478,60.0,66.4100071933631,1.762364980102331,22.375717590964733,Low,seller,99.3646,13.333333333333334,100.0,73.68
d8dd176509baa37f359644d082bf7f7b,2,229.9,2,3.0,10.871394675925925,0.0,0.08720158853669262,0.053966540744738264,60.0,67.30320951739105,1.762364980102331,22.311370037366082,Low,seller,99.3646,6.666666666666667,100.0,71.68
781a66c0d89e30814d49fe8b5e14cd07,1,136.3,1,3.0,10.651435185185186,0.0,0.04970586689467484,0.0,60.0,67.39760036797755,1.762364980102331,22.30078831327527,Low,seller,99.3646,3.3333333333333335,100.0,70.68
8d92f3ea807b89465643c219455e7369,3,252.77,8,3.0,10.82740306712963,-50.0,0.0963632034293523,0.10793308148947653,60.0,67.32208756333927,0.8527572484366117,22.239481090745727,Low,seller,99.3646,10.0,100.0,72.68
9bf11dfc0bec77e5a23028043c3c5a8f,1,132.06,1,3.0,12.486446759259259,0.0,0.048007342751916766,0.0,60.0,66.61014490183862,1.762364980102331,22.1821604361116,Low,seller,99.3646,3.3333333333333335,100.0,70.68
ebef8d8c92b4fd3226e5d407bbff21ac,3,302.06,3,3.0,13.25207947530864,0.0,0.11610854658891483,0.10793308148947653,60.0,66.28159020723835,1.762364980102331,22.18029086344503,Low,seller,99.3646,10.0,100.0,72.68
4e42581f08e8cfc7c090f930bac4552a,3,453.8,4,3.0,12.860358796296296,-50.0,0.17689487994318595,0.10793308148947653,60.0,66.4496886510008,0.8527572484366117,22.132780756849105,Low,seller,99.3646,10.0,100.0,72.68
20f0aeea30bc3b8c4420be8ced4226c0,1,29.42,1,3.0,13.517222222222221,0.0,0.006890239447037453,0.0,60.0,66.16780994104602,1.762364980102331,22.103475061001248,Low,seller,99.3646,3.3333333333333335,100.0,70.68
da2782c804606d2a5d8e1760dbb3e7ec,1,103.37,1,3.0,13.811111111111112,0.0,0.03651426311613162,0.0,60.0,66.04169389073726,1.762364980102331,22.093444860555664,Low,seller,99.3646,3.3333333333333335,100.0,70.68
c7b7db6c8f3c64a7cc1afa634db21d50,1,1511.86,1,3.0,16.650462962962962,0.0,0.6007487607183283,0.0,60.0,64.82324755087666,1.762364980102331,22.07994825885723,Low,seller,99.3646,3.3333333333333335,100.0,70.68
9c57bc60cfad5ee62d35d3f1ce4593a1,1,195.43,1,3.0,14.595949074074074,0.0,0.07339306797044952,0.0,60.0,65.70489768045704,1.762364980102331,22.053989070469925,Low,seller,99.3646,3.3333333333333335,100.0,70.68
427165bf50f8ca07efc7bdc2bfcf1688,5,1692.9,5,3.0,18.573574074074077,0.0,0.6732725368515644,0.21586616297895306,60.0,63.99798607687149,1.762364980102331,22.031882711341165,Low,seller,99.3646,16.666666666666664,100.0,74.68
ca5832c6960267b71041f74bb39e8b12,1,97.71000000000001,1,3.0,14.877280092592592,0.0,0.03424689362367628,0.0,60.0,65.5841705681833,1.762364980102331,22.024136151324832,Low,seller,99.3646,3.3333333333333335,100.0,70.68
6524b847b982cd56bb5d4b02b776ee42,1,834.9399999999999,2,3.0,16.81855324074074,0.0,0.32957777894573564,0.0,60.0,64.75111524941818,1.762364980102331,21.98777711910668,Low,seller,99.3646,3.3333333333333335,100.0,70.68
685b870da5b52a710782c9c0fefbeb5b,2,670.98,2,3.0,16.748796296296298,0.0,0.26389617082153444,0.053966540744738264,60.0,64.78104993101911,1.762364980102331,21.986054474095745,Low,seller,99.3646,6.666666666666667,100.0,71.68
7a91bf945c6fae0779f1c61ce97fe45c,5,882.07,5,3.0,16.88870659722222,-50.0,0.3484578362212517,0.21586616297895306,60.0,64.72101045617882,0.8527572484366117,21.951931184881598,Low,seller,99.3646,16.666666666666664,100.0,74.68
6d04126aba80df143fd038e711b8fd96,1,108.86,1,3.0,16.696944444444444,0.0,0.03871353140474997,0.0,60.0,64.80330103000239,1.762364980102331,21.908345711932014,Low,seller,99.3646,3.3333333333333335,100.0,70.68
eebb3372362aa9a46975164bed19a7e7,7,711.3199999999999,8,3.0,27.66486400462963,300.0,0.28005618589673736,0.32379924446842956,60.0,60.096655942928315,7.220011370096646,21.90146619533504,Low,seller,99.3646,23.333333333333332,100.0,76.68
a154d7316f158bb42e6fa18bbe3afd3a,2,190.13,2,3.0,17.23984375,0.0,0.07126991279200193,0.053966540744738264,60.0,64.5703275535607,1.762364980102331,21.89665824006812,Low,seller,99.3646,6.666666666666667,100.0,71.68
2a50b7ee5aebecc6fd0ff9784a4747d6,1,264.24,2,3.0,17.64377314814815,0.0,0.10095803171176622,0.0,60.0,64.3969900024521,1.762364980102331,21.86607240789158,Low,seller,99.3646,3.3333333333333335,100.0,70.68
20d53aad4fe5ee93a64f8839609d3586,2,86.44,2,3.0,17.70753472222222,0.0,0.029732184404599984,0.053966540744738264,60.0,64.3696281041711,1.762364980102331,21.85409200414346,Low,seller,99.3646,6.666666666666667,100.0,71.68
e09887ca8c7bf8a4621ce481820414ef,3,178.66,4,3.0,25.104089506172837,100.0,0.066675084509588,0.10793308148947653,60.0,61.19555684625174,3.581580443433769,21.584477367006382,Low,seller,99.3646,10.0,100.0,72.68
586a871d4f1221763fddb6ceefdeb95e,1,239.48,2,3.0,22.59372685185185,0.0,0.09103929167056579,0.0,60.0,62.27282459870913,1.762364980102331,21.54447197531777,Low,seller,99.3646,3.3333333333333335,100.0,70.68
391bbd13b6452244774beff1824006ed,2,163.2,2,3.0,24.027685185185184,0.0,0.06048188091358806,0.053966540744738264,60.0,61.65747244303209,1.762364980102331,21.456493563925306,Low,seller,99.3646,6.666666666666667,100.0,71.68
be1e9e378700cecaa4ebf71433d7915c,2,157.51,2,3.0,24.26342013888889,0.0,0.05820249356163206,0.053966540744738264,60.0,61.556311894250456,1.762364980102331,21.440635665402475,Low,seller,99.3646,6.666666666666667,100.0,71.68
4fb41dff7c50136976d1a5cf004a42e2,3,1296.77,3,3.0,33.818136574074074,0.0,0.5145847140518581,0.10793308148947653,60.0,57.45611231480616,1.762364980102331,20.976012029819085,Low,seller,99.3646,10.0,100.0,72.68
8629a7efec1aab257e58cda559f03ba7,1,64.11,1,3.0,33.807858796296294,0.0,0.020786890982951944,0.0,60.0,57.460522800497486,1.762364980102331,20.80155098537974,Low,seller,99.3646,3.3333333333333335,100.0,70.68
8e670472e453ba34a379331513d6aab1,1,1083.96,1,3.0,35.714699074074076,0.0,0.4293340247074372,0.0,60.0,56.64224360215094,1.762364980102331,20.801373245745104,Low,seller,99.3646,3.3333333333333335,100.0,70.68
df683dfda87bf71ac3fc63063fba369d,1,55.95,1,3.0,167.70841435185184,0.0,0.017518033198776036,0.0,60.0,0.0,1.762364980102331,12.181491907969866,Low,seller,99.3646,3.3333333333333335,100.0,70.68
